:020000040800F2
:1000000060C2012089020008452C00083D2C000830
:10001000412C0008352C0008992E00080000000033
:10002000000000000000000000000000B52C0008E7
:10003000392C000800000000492C0008B92C0008E9
:10004000A3020008A3020008A30200087D2C0008F8
:10005000A3020008A3020008A3020008A3020008EC
:10006000A3020008A3020008A3020008A3020008DC
:10007000A3020008A3020008A3020008A3020008CC
:10008000A3020008A3020008A3020008A3020008BC
:10009000A3020008A3020008A3020008A3020008AC
:1000A000A3020008A3020008A3020008A30200089C
:1000B000A3020008A3020008A3020008A30200088C
:1000C000A3020008A3020008A3020008A30200087C
:1000D000A3020008112E0008A3020008A3020008D2
:1000E000A30200084D2C0008A3020008A302000888
:1000F000A3020008A3020008A3020008A30200084C
:10010000A3020008AD2C0008A3020008A302000807
:10011000A3020008A3020008A3020008912D000812
:10012000A3020008A3020008A3020008A30200081B
:10013000A3020008A3020008A3020008A30200080B
:10014000A3020008A3020008A3020008A3020008FB
:10015000A3020008A3020008A3020008A3020008EB
:10016000A3020008A3020008A3020008A3020008DB
:10017000A3020008A3020008A30200080000000078
:10018000A3020008A3020008A3020008A3020008BB
:10019000A3020008A3020008A30200080000000058
:1001A000A3020008A3020008A302000800F002F85E
:1001B00000F05BF80AA090E8000C82448344AAF1A6
:1001C0000107DA4501D100F050F8AFF2090EBAE8A4
:1001D0000F0013F0010F18BFFB1A43F0010318477B
:1001E0003C9103005C910300103A24BF78C878C1A9
:1001F000FAD8520724BF30C830C144BF04680C602D
:10020000704700000023002400250026103A28BF74
:1002100078C1FBD8520728BF30C148BF0B60704778
:1002200066290CF00985642900F03681752900F0F3
:100230003381782900F06C81732901F0A4800020BB
:1002400070471FB50CF0EBFC01F0C6FB040000206A
:1002500000210CF06BFA401C6060002000210CF0C3
:100260004FFAE0601FBD10B510BD01F03BFE114616
:10027000FFF7E7FF06F000FB02F08CF803B4FFF78E
:10028000F2FF03BC02F05EFF0948804709480047BF
:10029000FEE7FEE7FEE7FEE7FEE7FEE7FEE7FEE736
:1002A000FEE7FEE704480549054A064B7047000093
:1002B000BD2C0008AD01000860BA012060C2012019
:1002C00060BE012060BE0120704753EA020C00F0BE
:1002D00069802DE9F04B4FF00006002B1FBFB3FAE9
:1002E00083F503FA05F424FA05F65E4012BF1643BF
:1002F000B2FA82F502FA05F4C5F120051EBF22FA12
:1003000005FC44EA0C04203556EA044C4FEA144438
:1003100018BF641C4FF000084FF00009904271EBC9
:10032000030C39D3002919BFB1FA81F701FA07F696
:10033000B0FA80F700FA07F6C7F120071EBF20FACF
:1003400007FC46EA0C062037B6FBF4FCA7EB0507D2
:10035000103F07F01F0BCBF120060CFA0BFB2CFA19
:1003600006F644BFB3460026202FA4BF5E464FF0DA
:10037000000B5BEA060C08BF4FF0010B19EB0B09F1
:10038000ABFB027C48EB0608C01B06FB02CC0BFB58
:1003900003CC71EB0C01C1E70B46024641464846CF
:1003A000BDE8F08B13B54FF000004FF00001AFF344
:1003B0000080BDE81C4070470FB4044910B503AA83
:1003C000029800F0E5FF10BC5DF814FB440000202B
:1003D0000FB41CB5074B06AA7B44694600900598EC
:1003E00000F0A7FF0020694600F0B6FF1CBC5DF8D6
:1003F00014FB00007D0F000070B50446856900689D
:10040000C10601D5302600E02026C00707D070BD08
:10041000D4E9012130469047206A401C20626D1EBD
:10042000F6D570BD70B5044685690078C00707D160
:1004300070BDD4E9012120209047206A401C206231
:100440006D1EF6D570BD70B50C460546012A05D067
:100450002878800600D5EA69002302E0012305E040
:100460005B1C934202D2E05C0028F9D1A869E6182F
:10047000C01AA861286A184428622846FFF7BCFF02
:1004800004E0D5E9012114F8010B9047B442F8D3F8
:100490002846FFF7C7FF70BD2DE9F041064600244E
:1004A00010687529314616A510D0AFF300800028DA
:1004B00002DA404213A507E031688A0701D512A588
:1004C00002E0490704D511A5012401E0AFF3008043
:1004D00000210A2206F1240709E0B0FBF2FCB0FB80
:1004E000F2F302FB1C00303078541846491C0028F7
:1004F000F3D123462A463046BDE8F04100F0ACBCBB
:10050000000000002D0000002B0000002000000073
:1005100070B504460D4621461068AFF3008021886F
:10052000090502D50F4A7A4402E00E4A7A440E3297
:10053000002104F1240305E000F00F060009965D98
:100540005E54491C0028F7D120780023000704D509
:10055000702D02D009B1022311322046BDE870404F
:1005600000F07ABC168D03002DE9F05F8946044641
:100570004FF0000ADFF874B1FB44C0F820A0204619
:10058000E1688847002874D0252806D0D4E90121E5
:100590009047206A401C2062F1E700265F46204613
:1005A000E16888472028054607DB312D05D27819F8
:1005B00010F8200C08B10643F1E7B00701D526F08A
:1005C0000406C4F81CA00027C4F818A02A2D09D0DE
:1005D000284602F0B0FD38B304EB8708303DC8F878
:1005E000185019E059F8041B204604EB870291616A
:1005F000E1688847012F054618D1E069002820DA14
:1006000026F020061DE0D8F8180000EB800005EB6E
:1006100040003038C8F818002046E1688847054691
:1006200002F089FD0028EED1012F0AD02E2D08D12D
:100630002046E16888477F1C0546022F46F02006C9
:10064000C4DBA069002803DA404246F00106A0613D
:10065000F00701D026F010066C2D0BD0682D09D0C4
:100660004C2D39D06A2D35D0742D35D07A2D33D01C
:1006700016E038E0E1682F4620468847B842054634
:1006800009D16C2F26D04FF48060E16806432046E4
:100690008847054604E06C2F1AD04FF4807006435B
:1006A0000DB3A5F14100192802D8203546F40066A3
:1006B0004A462946204626604E46FFF7B1FD80B1E6
:1006C00001280BD0F61D26F0070000F1080956E7B7
:1006D0004020E4E78020D8E70020D6E706F10409AF
:1006E0004DE7284652E7206ABDE8F09FEC8C0300F6
:1006F0000FB400B58DB010A9099000910B904FF088
:10070000FF300A9000200C90064878440690064876
:1007100078446A4607900F9909A801F0DBF80DB0FC
:100720005DF814FBE7110000FF1100002DE9FF5FE9
:100730001D464FF0FF3B91464FF000085F46D5E95C
:100740000146A96901987F1C8847296A8246884723
:100750000028F6D1BAF1FF3F0CD0002E24F4C0647B
:1007600019DD600614D5BAF12B0F09D0BAF12D0F9F
:100770000ED103E0584604B0BDE8F09F44F4806415
:10078000A96901987F1C8847761E8246002E02DDEB
:10079000BAF1300F03D0B9F1000F26D032E0A969C9
:1007A000761E01987F1C44F400748847002E824610
:1007B00005DDBAF1780F06D0BAF1580F03D0B9F1C0
:1007C000000F10D01EE0B9F1000F02D0B9F1100FE8
:1007D00018D1A969761E01987F1C24F400748847FB
:1007E0008246102002E0082000E00A20814609E04D
:1007F000A96908FB0908761E01987F1C44F400745F
:1008000088478246002E05DD4946504600F0D2FD5D
:100810000028EDDAE96901988847A00502D46FF055
:100820000100A8E7E00725D1600613D5600502D5D1
:10083000C8F1000000E0404629680A1D2A600968E6
:10084000220501D5087015E0220701D5088011E0C6
:1008500008600FE02868011D29600068210502D5A5
:1008600080F8008006E0210702D5A0F8008001E0B2
:10087000C0F8008038467EE7401ECAB210F8011F5B
:100880008A4202D00029F9D10020704730B50546D0
:100890000B462A4613F8014B12F8010B08B1A0428F
:1008A000F8D01CB1002802D06D1CF1E7284630BDFD
:1008B00040EA010310B59B070FD1042A0DD310C8DD
:1008C00008C9121F9C42F8D020BA19BA884201D92F
:1008D000012010BD4FF0FF3010BD1AB1D30703D077
:1008E000521C07E0002010BD10F8013B11F8014B2D
:1008F0001B1B07D110F8013B11F8014B1B1B01D149
:10090000921EF1D1184610BD10B5431C02E010F83C
:10091000011B71B18107FAD14FF0013202C88C1A64
:100920008C4314EAC211F9D0C01A0A0603D0C01EC3
:1009300010BDC01A10BD0A0401D0801E10BD0902EE
:10094000FCD0401E10BD40EA010370B59B072ED1BC
:100950004FF00136042A2AD308C810C99D1B9D43B5
:10096000121F15EAC61517D0D8B2E1B2401A50EAE4
:10097000056110D198B2A1B2401A50EA05410AD1DE
:1009800023F07F4024F07F41401A50EA052102D134
:10099000180EA0EB146070BDA342DBD018BA21BAC8
:1009A000884201D9012070BD4FF0FF3070BD0AB9F7
:1009B000002070BD10F8013B11F8014B63B1A34258
:1009C0000AD1521E08D010F8013B11F8014B1BB19F
:1009D000A34201D1521EEDD1181B70BD421E12F868
:1009E000013F002BFBD111F8013B002B02F8013B2A
:1009F000F9D17047032A40F2308010F0030C00F068
:100A0000158011F8013BBCF1020F624498BF11F848
:100A100001CB00F8013B38BF11F8013BA2F1040201
:100A200098BF00F801CB38BF00F8013B11F0030379
:100A300000F02580083AC0F0088051F8043B083ADD
:100A400051F804CBA0E80810F5E7121D5CBF51F87F
:100A5000043B40F8043BAFF30080D20724BF11F8F9
:100A6000013B11F801CB48BF11F8012B24BF00F85E
:100A7000013B00F801CB48BF00F8012B704710B5CF
:100A8000203AC0F00B80B1E81850203AA0E8185086
:100A9000B1E81850A0E81850BFF4F5AF5FEA027C47
:100AA00024BFB1E81850A0E8185044BF18C918C0B6
:100AB000BDE810405FEA827C24BF51F8043B40F857
:100AC000043B08BF7047D20728BF31F8023B48BF3C
:100AD00011F8012B28BF20F8023B48BF00F8012B7A
:100AE000704702F0FF0343EA032242EA024200F0A9
:100AF00002B84FF000020429C0F0128010F0030C7D
:100B000000F01B80CCF1040CBCF1020F18BF00F800
:100B1000012BA8BF20F8022BA1EB0C0100F00DB8AF
:100B20005FEAC17C24BF00F8012B00F8012B48BF0D
:100B300000F8012B70474FF0000200B513469446B1
:100B40009646203922BFA0E80C50A0E80C50B1F125
:100B50002001BFF4F7AF090728BFA0E80C5048BF39
:100B60000CC05DF804EB890028BF40F8042B08BFD7
:100B7000704748BF20F8022B11F0804F18BF00F8D3
:100B8000012B70474FF0013C50F8042B51F8043B07
:100B90009A4221D1A2EB0C03934313EACC1317D151
:100BA00050F8042B51F8043B9A4215D1A2EB0C03E8
:100BB000934313EACC130BD150F8042B51F8043BA8
:100BC0009A4209D1A2EB0C03934313EACC13DBD076
:100BD0004FF00000704700BFD01A01BAB1FA81F19E
:100BE00001F0180122FA01F0CB40C1F12001DBB283
:100BF000C0B2C01A2CFA01F3D11A914311EAC31101
:100C0000E6D1704710B503681C1404EB21449BB275
:100C100089B2194494FBF2F302FB134394FBF2F400
:100C200001EB034393FBF2F102FB113193FBF2F36F
:100C300001E05B1E11440029FBDB016003EB044073
:100C400010BDF0B504464FF0FF3585B00068049044
:100C500060680290A0680390E068019020690090AD
:100C6000666906F18040B0F1004F7CD83C2200213B
:100C700004A8FFF7C7FF3C22014602A8FFF7C2FF06
:100C80001822014603A8FFF7BDFF411E40F2B552EE
:100C900001A8FFF7B7FF0C22074668460021FFF7BF
:100CA000B1FF414B00EB8700304400267B4411E04C
:100CB000511A01910099491C0229009102D00C2976
:100CC00008D105E0810705D00199491C019101E097
:100CD000401C00960099019A595C9142E8DD009908
:100CE000012906D11C2A04D1810702D00221CDE9B5
:100CF0000016A0F146018B293CD2DDE900610022FB
:100D000002E09F5C521C3944B242FADB012E02DD44
:100D1000820700D0491E40F2B55340F26D16C2174B
:100D200000EB927292105A4300F0030303FB062279
:100D300083070A4400D1521E039E02EB4203049F24
:100D400006EBC303029EC3EB031306EB8303174EAC
:100D500033441E149BB2C6EB0616C3EB0313B60056
:100D600007EB830300E005E006EB134666F31F4341
:100D7000360C02D0284605B0F0BD80C4029E40C4A7
:100D8000039E40C4019E761C44F80C6B009E44E90F
:100D900002600720521C92FBF0F600FB162084E84C
:100DA00023001846E7E70000C9850300A039CEFDFF
:100DB000704770477047704730B5B0F10A024FEA8C
:100DC000900E71F100034EEA817EB0EB0E0061EBF4
:100DD00091014FEA101E4EEA017E10EB0E0041EB2E
:100DE00011114FEA102E4EEA016E10EB0E0041EB8E
:100DF00011214FEA104E4EEA014E10EB0E0041EB6E
:100E00001141401841F100014FEAD00040EA417021
:100E10004FEAD10110EB80054FEA810444EA907457
:100E200044EB01046D1944EB0404521BA3414FF041
:100E3000000348BF0A3200D530BD401C41F100011B
:100E400030BD10B500F0CCFD006810BD10B50446F3
:100E500000F0C6FD046010BD2DE9F0470D4699462F
:100E60009246044600F124080168880604D5E0692A
:100E700021F01001216000E00120A84201DD471BA4
:100E800000E00027A1697A1902EB0900081AA061A5
:100E90002078C00602D42046FFF7AEFA002608E00C
:100EA000D4E901211AF806009047206A401C761CFC
:100EB00020624E45F4DB2078C0060AD52046FFF7B5
:100EC0009BFA06E0D4E9012130209047206A401CBB
:100ED0002062381EA7F10107F4DC07E0D4E9012104
:100EE00018F805009047206A401C2062281EA5F1D2
:100EF0000105F3DC2046FFF795FA2078000602D5BD
:100F00000220BDE8F0870120FBE770472DE9FF4F85
:100F10000C461E464FF0FF378BB0D2E90001DDF8DA
:100F200060800A908A46C1F30A5505B93D46002102
:100F300008464FF00000BAF1000F00F4400005DA57
:100F400000EB80004FF4400101EA50004FEA905955
:100F5000B9F1010F00DDB9460A9850EA4A000ED0F7
:100F600044F61050A5F2FF3545432F14B8F1000F99
:100F70001ED07542291E1EDDC9F100021CE0B8F129
:100F8000010F4FF0000001D0302103E0F24305E0F3
:100F90002154401CB042FBDB30460022002121548A
:100FA0000B99C1F80880C1E900200FB0BDE8F08FAF
:100FB000BD1B6D1CDEE74A4600DA694206A800F058
:100FC00017FF06AB93E8070003AB83E80700504622
:100FD0000A9901F0FBF98DE80700A0F500501F38D1
:100FE00000900398002D0ADD42F21F014A46084492
:100FF000002303A90390684601F0A6FC09E0A0F5D0
:1010000000504A461F38002303A90390684601F0A8
:10101000C5FC8DE807000004000C03D04FF0FF3042
:10102000410800E01046B8F1000F03D00022009202
:1010300015461EE0751E05D4FFF7BEFE3032625520
:101040006D1EF9D5B3460122084302D000227F1C51
:1010500004E02078302801D100227F1E002A099761
:1010600084D01DE0112D07DAFFF7A6FE303262555D
:101070006D1C50EA0102F5D1084302D00098C8B1B6
:101080000EE00021681E05E0235C625C635422547C
:10109000401E491C8142F7DBAB46A81B401E09904D
:1010A000002004F80B000B98099AC0F80880C0E9EA
:1010B000002B7AE711264FF0000857E72DE9F04F93
:1010C00088460446D21D22F0070191B0D1E9000103
:1010D000CDE90A0101F0E2FE02460B98C00F01D0F3
:1010E0002D2007E02068810701D52B2002E0202178
:1010F00001EAC000032A099001D0072A05DB034654
:101100004146204600F07AFC0BE12078800601D5AC
:10111000E06900E00620B8F1650F814606D0B8F11D
:10112000660F18D0B8F1670F70D131E00020B9F127
:10113000110F009001DB112301E009F101030AAA5C
:1011400001A90CA8FFF7E2FEDDE90C70002609F109
:101150000105834647E001204B4600904FF00047D1
:101160000AAA01A90CA8FFF7D1FEDDE90DB00C9980
:101170005D46002610B909F101000D18B9EB050014
:1011800003D4C0F1FF3609F10105A5EB09002BE0FE
:10119000B9F1010F01DA4FF001090020B9F1110F87
:1011A0000090484601DD112300E003460AAA01A988
:1011B0000CA8FFF7ABFEDDE90C704D460026834618
:1011C000207800070AD4AB4500DA5D4601A8012D5E
:1011D00004DD411911F8011C302907D04F4502DA0E
:1011E00017F1040F04DA012082460FE06D1EEEE7CE
:1011F000002F02DCED1B3E4403E0781CA84200DD1A
:101200007D1CB81B00F1010A4FF000472078000751
:1012100003D4AA4501DB4FF0FF3A0021B7F1004F9C
:101220000DF143088DF8431024D002202B23002F0A
:1012300001DA7F422D230A21021EA0F1010000DC09
:101240005FB197FBF1FC97FBF1F201FB1C7C1746A9
:101250000CF1300C08F801CDEEE7A8F101000370A5
:101260002188090501D5452100E06521A0F101088B
:1012700000F8011C09980FA9A1EB0807FF1D00B198
:101280000120411901EBEA70A1693844081A401E97
:10129000A0612078C00602D42046FFF7ADF8099877
:1012A00028B1D4E901219047206A401C20622078AF
:1012B000C00622D52046FFF79FF81EE0002E04DB73
:1012C000B34502DD01A8805D00E03020D4E90121B2
:1012D0009047206A401C2062761CAAF101005FEA58
:1012E000000A0AD100F078FBC0680168405CD4E9CC
:1012F00001219047206A401C2062281EA5F10105AB
:10130000DCDC07E0D4E9012118F8010B9047206AE2
:10131000401C2062381EA7F10107F3DC2046FFF7CE
:1013200081F8032011B041E601694A1C0261087886
:10133000704700B58FB0CDE9013100210591054915
:101340007944CDE9031011466846FFF70DF90FB057
:1013500000BD0000E5FFFFFF0A6802F8010B0A600C
:10136000704710B5436913B1AFF3008001E0FFF798
:101370006AF8012010BD127800F124010A700022E1
:101380004A700122EDE711684FF0FF32E9E70000F3
:10139000074B70B50D467B44FFF7CBFF044628464C
:1013A00000F098FD10B14FF0FF3070BD204670BDC9
:1013B000FF4800003A2800D2303820F02002412AAD
:1013C00001D3A2F13700884201D34FF0FF307047BC
:1013D0002DE9FF4F06468BB00878FF2806D0491C40
:1013E0002D2805D000244FF0000908E000200CE073
:1013F0000124F8E709EB8903491C00EB430908784D
:10140000FF28F7D114B1C9F10000814610780025FA
:101410002C46AA4629462D2801D02B2804D1521C3F
:101420002D2813D0002082468B461078FF280FD03D
:101430004FF0000C0A21521CA5FB017804FB01812E
:1014400005FB0C11C5194BEB0104EEE70120EAE79F
:10145000002108464FF00000BAF1000F02D000EB67
:1014600080004008C0F38157012F01DD4FF0FF37A6
:101470000E9955EA040009EB01080BD04FF0020960
:1014800018F5FA7F16DA4FEACA70002F706008DD8F
:10149000012007E04FEACA70C6E900B00FB0BDE80E
:1014A000F08F0020306000F09BFAC0F80090182107
:1014B000084616E0B8F5FA7F18DD002F02DAF74883
:1014C000784401E0F6487844D0E90010C6E90010FD
:1014D00040EACA70706000F083FAC0F800901421EE
:1014E00008460FB0BDE8F04F0BF0A3BB0021084643
:1014F0004FF00000B8F10001099002DAC7F10002D4
:1015000000E03A4601DAC8F1000106A800F070FCDC
:1015100006AB93E8070003AB83E8070044F23E0004
:101520005BEA04010090584604D144F21E012C46A7
:101530005D460091210C0904014306D10099240461
:1015400044EA15442D041039009104F07F41014311
:1015500006D10099240244EA15642D02083900914D
:1015600004F07041014306D10099240144EA157446
:101570002D01091F009104F04041014306D100995B
:10158000A40044EA9574AD00891E009104F0004166
:10159000084304D100986D196441401E00904FF03B
:1015A00001033A466846B8F1000FCDE9014503A9A9
:1015B00002DD01F008FA01E001F0DBF9BAF1000FF9
:1015C00004460D4601D084F00044002108464FF047
:1015D0000000099940F2FF77484010F00C0F07D146
:1015E00024F00040284303D0C4F30A50B84212D17B
:1015F00000F0F6F9C0F80090C4F30A50B8420AD1DE
:10160000A8487844D0E90010C6E9001004F0004171
:101610000843706042E7C6E900543FE72DE9FF4FF9
:101620001F464FF0000A4FF0FF38454691B0D7E90A
:101630000146CDF83CA000F0CFF9C0680168405CDD
:101640001090B96912986D1C8847396A814688479D
:101650000028F6D1B9F1FF3F0AD0002E24F4D0645F
:1016600011DDB9F12B0F08D0B9F12D0F0BD102E02C
:10167000404615B013E744F48064B96912986D1CB4
:101680008847761E8146600504A901D52D2000E01B
:101690002B20002E01F1010B0DF130088DF8100008
:1016A0003FDDB9F1690F08D0B9F1490F05D0B9F1A3
:1016B0006E0F02D0B9F14E0F1CD13B4601A8009528
:1016C00080E85002DDE912126FF002000BF01AFB05
:1016D000C11CCED10EE0B96912986D1C88478146B5
:1016E0001398761E44F4007405600F98401C002E79
:1016F0000F9016DDB9F1300FEDD0B9F1780F02D0AF
:10170000B9F1580F0DD10F9801280AD13B46CDE908
:101710000054DDE91212001F02960BF0F1FAC11C11
:10172000A7D1109989453ED144F0800406E0139971
:10173000681CAAF1010A44F400740860B9696D1CC0
:101740001298761E884730288146F0D02BE01099F9
:10175000894505D1200603D4761E44F0800418E0A4
:10176000484601F0E8FC08B3761E0DF123018B45D5
:1017700044F4007408D2A9F130000BF8010B2006E4
:1017800007D5AAF1010003E0200602D40AF1010006
:101790008246A00502D51399681C0860B9691298A1
:1017A0006D1C88478146002ED1DC53E0002E51DDB0
:1017B000B9F1650F02D0B9F1450F4BD1A00549D55C
:1017C000B9696D1C1298761E24F440748847002E67
:1017D00081460CDD2B2804D0B9F12D0F07D144F43C
:1017E0008074B96912986D1C8847761E8146E005A1
:1017F00001D52D2100E02B2108F8011BCDF8008038
:1018000021E0761E0DF13901884544F400740CD2B4
:10181000A9F1300010F0FF0088F8000002D1009913
:10182000884509D908F1010806E0E00501D51E4800
:1018300001E042F20F708246B96912986D1C884728
:10184000814613980560002E04DD484601F073FCC4
:101850000028D6D1F96912988847FF2053468BF8A3
:10186000000088F8000000200A900B9004AA0CA940
:101870000AA8FFF7ADFDA00502D46FF00100F8E65D
:1018800014F0240F12D0E0071CD13868DDE90A12E9
:10189000031D3B600068C0E9001213E0807E030076
:1018A000727E0300367D0300F1D8FFFF0AA9684667
:1018B00001F02EFCE00705D13868009A011D39605F
:1018C000006802602846D4E602681144137801607B
:1018D00018467047D16005497944516104497944FB
:1018E000116200211161114600F0C8B8EDFFFFFF41
:1018F00007010000426842B1016811F8013B23B1C1
:10190000521EC0E90012184670470121C160881EAE
:10191000704742685AB1C368016843B983688B4213
:1019200005D0491E521CC0E90012002070474FF03C
:10193000FF3070470FB4002300B589B00CA90091A7
:101940000B99CB60214B7B440693214B7B4407933F
:1019500004236FF00042CDE901321E4A7A446B46FF
:101960000892024600200BF0C9F909B05DF814FB9B
:1019700070B506464FF0FF3015460C46324686B02D
:101980000091CDE9010169460020049004A8FFF709
:10199000D1FF02460498211825B108B1084600E09D
:1019A00020462860049800280DD0002A02DD009807
:1019B000884208D03246081B69460094CDE90104EC
:1019C00004A8FFF7B7FF06B070BD0000ABFFFFFF34
:1019D000C3FFFFFF890000000048704720BA0120C4
:1019E0000048704700BA012010B5044600F0A0FA84
:1019F0000068005D00F0010010BD00002DE9F0411D
:101A00001F46044603260168072A01F4006004DB30
:101A100008B116A505E016A503E008B115A500E07C
:101A200015A521F010002060A069C01EA0610FB1B3
:101A3000401EA0612046FEF7DFFC4FB1D4E9012132
:101A400038469047206A401C2062C01C206206E095
:101A5000206AFAE7D4E9012115F8010B9047761EB8
:101A6000F8D22046FEF7DEFCBDE8F0814E414E0084
:101A70006E616E00494E4600696E66002DE9F34FB7
:101A80004FF0000A0C4656468DB001200C9001F133
:101A90000C000B9062690B9801219047051E2DD018
:101AA000252D2CD0216A8847C0B162690B9801218D
:101AB0009047216A88470028F7D16269411E0B9838
:101AC000904700E0761CA1690D988847216A8847F5
:101AD0000028F7D1E1690D988847DBE7A1690D98E7
:101AE0008847A842074601D1761CD3E7E1690D98E3
:101AF00088477F1C02D1BAF1000F6FD06CE1626998
:101B00000B9800273D46394690472A2804D1626940
:101B10000B98012190470125DFF8D08262690B986C
:101B200001219047A0F130010A290AD24745E5DC9E
:101B300007EB870100EB4107303FDFD445F010058C
:101B4000ECE7E90601D46FF000476C280AD04C2876
:101B500014D0682815D06A280DD074281CD07A2893
:101B60001AD01DE062690B98012190476C2802D0C1
:101B700045F0040514E045F002050DE045F02005B0
:101B80000AE062690B9801219047682802D045F06D
:101B9000080505E045F4006562690B98012190474E
:101BA000C4E9015765283DD019DC58287AD00CDCEF
:101BB000452837D004DC252826D041289ED131E0A5
:101BC00046282FD0472899D12CE05B2877D0612870
:101BD00028D063287CD0642823D15AE0F7E06F280E
:101BE00048D008DC66281DD067281BD0692821D082
:101BF0006E2816D127E0702845D0732868D0752844
:101C000047D078280DD14DE0A1690D988847252847
:101C100005463FF469AFE1690D9888476D1C3FF4B4
:101C20006AAFD9E00D9923466A466FF001000BF0C8
:101C300065F8C6E045F0400023464FF000026060C2
:101C4000A80736D43EE0E8077FF447AF2068011DBF
:101C500021600068290501D506701BE7290701D519
:101C6000068017E7A90703D5F117C0E9006111E75E
:101C700006600FE745F0400023464FF00802606021
:101C8000A80716D41EE040F60E0125EA01006060A8
:101C900016E045F0400023464FF00A026060A807B6
:101CA00007D40FE045F040006060A80708D5234640
:101CB00010220D996FF00100AFF3008081E007E082
:101CC000102223460D996FF00100FEF72FFD78E0FA
:101CD0004FF0000963284F46C8464B46CB4602D01A
:101CE0005B2807D039E02079C00601D40120A0602C
:101CF000012732E06269D4F80CB00B9801219047BB
:101D00005E2807D14FF0010949466269D4F80CB04A
:101D10000B989047216939B900210A4603AB43F873
:101D20002120491C0829FADBD8B3216949B308F1FD
:101D3000010862690B98012190475D28F4D1B9F13F
:101D4000000F09D0002003A951F82020D24341F808
:101D50002020401C0828F7DB03AB206900282079ED
:101D60004FEA40701ED05B462246CDF80080CDE998
:101D700001970D9900286FF0010020DAAFF3008081
:101D80001FE0C11703AA00EBD1614B1121F01F0125
:101D900002EB8302411A1368012088400343136059
:101DA000C7E719E00D99224600286FF0010000975F
:101DB00002DAAFF3008004E0AFF3008001E0AFF39C
:101DC000008000280ADA401C06D10C9820B14FF0A0
:101DD000FF300FB0BDE8F08F5046FAE7E90701D1B8
:101DE0000AF1010A064400200C9053E6CCCCCC0C3E
:101DF0002DE9F047814616468AB0354878440DC82B
:101E00008DE80D0032487844801C03AC0DC884E88E
:101E10000D0041F69B300844372190FBF1F290FB16
:101E2000F1F5A5F1800501FB12041B3C02D56442CB
:101E3000012000E00020DFF898A080460027FA4447
:101E4000AAF1BE0A0EE0E0070AD03246684607EB68
:101E5000470101230AEB810100F0A0FD8DE8070096
:101E600064107F1C002CEED1194F7F44AE3F19E067
:101E7000E80715D007EB04100DF1180A90E80E00E2
:101E80008AE80E00C068F04201D1981908903246E5
:101E9000012306A903A800F081FD03AB83E8070036
:101EA0006D10641C002DE3D14FF0010332466946EA
:101EB000B8F1000F03A802D000F046FD01E000F0E9
:101EC0006DFDC9E90001C9F808200AB0BDE8F08736
:101ED00004750300007B00F08000704700487047E5
:101EE00000BA01207546FFF7F9FFAE4605006946C6
:101EF000534620F00700854618B020B5FEF7D2F90A
:101F0000BDE820404FF000064FF000074FF00008FA
:101F10004FF0000B21F00701AC46ACE8C009ACE87B
:101F2000C009ACE8C009ACE8C0098D4670470000A4
:101F300010B5FFF751FD001D10BD00BFF1A7000057
:101F40002DE9FF4F1F464FF03C0987B04FF000428C
:101F5000DDE9141001F10108DDF858A002EA405053
:101F60000390002005908346054604460490B96915
:101F7000461E08988847AAF1010A0290BAF1000F9C
:101F80003BDD02982E2815D01021FFF713FA002808
:101F90002EDB4FF0010B0599014317D0B9F1000F6B
:101FA0000BDB4A46C11700F0FEF905430C43A9F1CB
:101FB000040905E0012004900BE008B145F001059B
:101FC00001200590049820B9361D02E0049800B164
:101FD000361FB969089808F101088847BBF1000F5E
:101FE000AAF1010A0290C9D00999C1F80080C5E799
:101FF0000298702808D0502806D0F96908988847B8
:10200000BBF1000F14D04FE0002002900120BBF183
:10201000000F049009D0B969089808F101088847B1
:10202000AAF10109B9F1000F07DCF969089888479E
:102030006FF001000BB0BDE8F08F2B2804D02D28E5
:102040000CD14FF0FF300490B969089808F10108ED
:102050008847A9F10109B9F1000FE6DD411CE4D080
:102060000A21FFF7A7F90028DFDB029908F1010830
:1020700001EB810100EB41000290B96908988847A3
:102080000A21FFF797F9099AA9F10109B9F1000F9F
:10209000C2F8008001DD0028E7DAF969089888476E
:1020A0000499029800FB016655EA040004D004F08C
:1020B0004041090002D006E0039898E0A40044EAF9
:1020C0009574AD00B61E04F00041080002D16D19F0
:1020D0006441761E159810F0240F03D04FF00B09C1
:1020E0005C4803E04FF028096FF07D0082465645BA
:1020F00007DAAAEB06018944B9F1410F01DD4FF07F
:10210000410901200021A9F1010200F04CF9024629
:1021100028400B462140084301D0012100E0002166
:10212000501E029143F1FF3128402140084301D065
:10213000012000E000200299834651EA0B014FD0B4
:10214000002108464FF00000039900F4400039B127
:1021500000EB80004FF4400100EBD07001EA60001A
:102160008015012802DD4FF0FF3000E013D0401C45
:1021700036D0029860B3BBF1000F0CD14A46012063
:10218000002100F010F928402140084301D001202F
:1021900000E00020E0B101204A46002100F003F9F0
:1021A000034640190A4661412D1A8C4111D3B9F1F9
:1021B000400F09DD159810F0240F02D0AAF1340663
:1021C00003E0AAF1170600E0761C00254FF000445A
:1021D00006E05B1E42F1FF3220EA030521EA020419
:1021E000CAF10100B04206DA1B4903980843019086
:1021F000002000900EE0039AC4F3D321E80A0A43BA
:10220000164940EA44500A433146CDE90002684687
:1022100000F087FF159810F0240F0BD01598C00719
:1022200015D13868DDE90012031D3B600068C0E984
:1022300000120CE002A8694600F06AFF1598C0077A
:1022400005D13868029A011D396000680260404675
:10225000F0E6000002FCFFFF0000F07F0000F03F0E
:102260002DE9FF4F92461D4685B04FF00041DDE954
:10227000124BDDE914727F1E01EA4B50414940F0D8
:10228000FF4940EA0108002122F02000492804917A
:1022900002D04E2828D04CE03BA0012607C88DE88C
:1022A0000700A9690698641C88477F1E014606D46A
:1022B0001DF8060018B121F0200181420BD0E96918
:1022C00006988847032E34D0082E32D06FF00100D4
:1022D00009B0BDE8F08F761C032E01D0082EE0D1A6
:1022E000601CCAF80000DCE7A9690698641C8847EE
:1022F0007F1E2AD420F02000412826D1A969069803
:10230000641C88477F1E20D420F020004E281CD15A
:10231000A9690698641C88477F1E48F4002849F480
:102320008009CAF8004001D4282806D0E969069837
:1023300088475FEACB7012D022E0A9690698641C36
:1023400088477F1E01D4002803DAE9690698884788
:10235000BCE72928F1D1641CCAF80040E9E71BF06A
:10236000240F07D028680499031D2B600068C0E97A
:10237000001805E02868021D2A600068C0F8009077
:102380002046A5E70000F07F494E46494E49545982
:102390000000000010B50446AFF300802046BDE801
:1023A0001040FDF76BBFB2F120030AD5C2F1200344
:1023B00001FA02F120FA03F300FA02F041EA030104
:1023C000704700FA03F14FF0000070475FEA400CDD
:1023D00008BF91F0000F4FEA8C234FEAC12243EA75
:1023E00051514FEA1C5018BF00F5F0404FEA300041
:1023F00018BF41F000415FEA6C5C00F02980BCF13D
:10240000FF3F08BF40F080407047130C06BF120426
:102410004FF0100C4FF0000C130E04BF12020CF121
:10242000080C130F04BF12010CF1040C930F04BF2E
:1024300092000CF1020CD30F04BF52000CF1010CFE
:1024400011464FF00002A0F11F00A0EB0C007047F6
:1024500011F0004F08BF704731F000413FF4D5AF95
:102460000B0C06BF09044FF0100C4FF0000C0B0EC4
:1024700004BF09020CF1080C0B0F04BF09010CF199
:10248000040C8B0F04BF89000CF1020CCB0F04BFAE
:1024900049000CF1010CCCF12003A0EB0C0022FA56
:1024A00003F302FA0CF241EA030100F10100704764
:1024B00020F07F4C80EA030023F07F47ACEB07035A
:1024C00003F57C5300F0004003F1FF032DE9804940
:1024D0004FEA154B09B44FEA144325EA0B4E24EAA0
:1024E00003480FF2042606EB132749083E785FEAFB
:1024F000320203FB0667C7F5000707FB06F64FEA43
:1025000054374FEAD64606F1020607FB066CCCF1BB
:10251000005C4FEA1C472CEA074C07FB06F40CFB57
:1025200006F504EB15464FEA961634BF00204FF02F
:1025300000404FEAD13706FB07FC4FEA1C4C0CFB6E
:102540000BF7D21B03FB0CF761EB07010CFB0EF73B
:10255000B0EB074072EB17420CFB08F734BFA2EB5D
:102560000742B2EB074261EB17414FEA0C444FEAD6
:10257000910706FB07FC4FEA1C4C0CFB0BF7B0EB7A
:10258000C74072EB573203FB0CF734BFA2EBC742D4
:10259000B2EBC74261EB57310CFB0EF7B0EBC70053
:1025A00072EB57720CFB08F734BFA2EBC702B2EB19
:1025B000C70261EB5771039F4FEA816141EA9211B3
:1025C00004EBCC044FEAD1374FEA826206FB07FCEA
:1025D00042EA90124FEA80604FEA1C4C0CFB0BF76A
:1025E000D21B03FB0CF761EB07010CFB0EF7B0EB02
:1025F000074072EB17420CFB08F734BFA2EB07420F
:10260000B2EB074261EB17414FEA8C554FEA910755
:1026100004EB9C2406FB07FC4FEA1C4C0CFB0BF75D
:10262000B0EBC74072EB573203FB0CF734BFA2EBA1
:10263000C742B2EBC74261EB57310CFB0EF7B0EB70
:10264000C70072EB57720CFB08F734BFA2EBC7024E
:10265000B2EBC70261EB577115EB4C254FEA816174
:1026600041EA92114FEA82624FEAD13742EA901270
:1026700006FB07FC44F100044FEA80604FEA1C4C63
:102680000CFB0BF7D21B03FB0CF761EB07010CFBF8
:102690000EF7B0EB074072EB17420CFB08F734BFA4
:1026A000A2EB0742B2EB074261EB174115EB1C1599
:1026B0004FEA813141EA92414FEA823242EA904246
:1026C0004FEA80304FEA0C7644F1000448EA0343B5
:1026D0004EEA0B484FF0000EB2EB080C71EB03070B
:1026E00024BF624639464EEB0E0E4FF0000B001829
:1026F000524149414BEB0B0BB2EB080C71EB03075A
:102700007BF1000B24BF624639464EEB0E0E4FF0B4
:10271000000B0018524149414BEB0B0BB2EB080C7C
:1027200071EB03077BF1000B24BF624639464EEB89
:102730000E0E51EA020718BF46F0010616EB0E76A0
:1027400055F1000254F1000103D5BDE88901BDE84F
:102750000088BDE88901BDE80048B619524141EB47
:102760000101A3F10103704780807F7E7D7C7B7A2D
:102770007978777676757473727171706F6E6E6D2D
:102780006C6C6B6A6A6968686766666564646363D3
:1027900062616160605F5F5E5E5D5D5C5C5B5B5A59
:1027A0005A595958585757565655555554545353C6
:1027B00052525251515050504F4F4F4E4E4D4D4D21
:1027C0004C4C4C4B4B4B4A4A4A494949484848476C
:1027D00047474746464645454544444444434343AA
:1027E000434242424241414146EA0646A3F5705304
:1027F0004FEA164646EA42564FEAD22242EA415290
:1028000010B54FEAD121A3F1010300F02FF820F019
:10281000004000F1020C00F0004701EB00501146AF
:10282000BCF5006F40EA070000D210BDBAF1000FFE
:102830000AD01CB503B44FF004004FF004014FF070
:1028400000000FBCBDE810404FF00001BBF1010FCC
:10285000B9BF04484FF0FF310348002140EA0700A8
:1028600010BD00BFFFFFEF7F0000F07F002B9C46F4
:1028700030D477002BD01CB54FEA370703B44FF0A4
:1028800010004FF01001BAF1000F06D0BCF1000F9C
:10289000DCBF40F0080040F008014FF000000FBC22
:1028A000BDE810400BF1010BBBF1010F08BF5FEA5F
:1028B000170722BF12F1010211F101014FF000418F
:1028C00043F1000300F0004043EA00007047F9D3F1
:1028D0005708D0E746EA064613F1400F4FEA16467E
:1028E0001FDD13F1200FDFBF16430A4600212033FE
:1028F0005B42BED0C3F1200746EA064602FA07F75C
:102900004FEA164646EA0706C3F1200722FA03F209
:1029100001FA07F721FA03F14FF0000342EA070238
:10292000A7E746EA020646EA06464FEA164646EAA0
:102930000106BCBF46EA0646360C4FF000034FF0D6
:1029400000024FF0000194E72DE9804C9A4693462F
:1029500070B491E8380007C831EA400C48BF34EA47
:10296000430C03D5FFF7A4FDFFF780FFF0BCBDE8E3
:10297000008C2DE9804C9A46934670B491E838005B
:1029800007C831EA400C48BF34EA430C03D5FFF7CF
:102990008FFDFFF729FFF0BCBDE8008C2DE9804CCE
:1029A0009A46934670B491E8380007C810F0804FFB
:1029B00008BF13F0804F03D100F01AF8FFF756FF5D
:1029C000F0BCBDE8008C2DE9804C9A46934670B46B
:1029D00091E8380007C810F0804F08BF13F0804F0F
:1029E00003D100F005F8FFF7FFFEF0BCBDE8008C56
:1029F00020F07F4780EA030023F07F4C07EB0C03B5
:102A0000A3F57C5300F00040A3F1FE0392F0000F09
:102A100000F0B38095F0000F00F077802DE90149B8
:102A20004FEA11404FEA144621EA004800FB06FC39
:102A300024EA064708FB06F607FB08F800FB07F741
:102A400018EB06484CEB164C4FEA124B18EB0748B4
:102A50004FEA15464CEB174022EA0B4E0BFB06FCE7
:102A600025EA06470EFB06F607FB0EFE0BFB07F7F3
:102A70001EEB064E4CEB164C4FF000061EEB074EBD
:102A80004CEB174B18EB0B0840F1000018EB0E0B4A
:102A900058EB000840F100008F1A4FF000013CBFD6
:102AA000C943661B14BFB5EB040C00213CBFC943EE
:102AB000F61B4FEA17444EEA8E0E27EA04454FEA0A
:102AC0001C4704FB07622CEA074C05FB07F70CFBCD
:102AD00005F604FB0CFC16EB074642EB174216EB1F
:102AE0000C4642EB1C421BEB060658EB020241412E
:102AF00046EA9E0601D5BDE80189B619524141EB6F
:102B00000101A3F10103BDE801894FEA14454FEA31
:102B1000114724EA054621EA074C05FB07F406FBAA
:102B200007F70CFB06F105FB0CFC11EB074144EB2E
:102B300017444FEA124711EB0C4144EB1C4422EAC4
:102B4000074C05FB07F206FB07F70CFB06F605FB37
:102B50000CFC16EB074642EB174216EB0C4642EB19
:102B60001C456A1854F1000148BF7047B61952411C
:102B700041EB0101A3F10103704795F0000F37D03D
:102B80004FEA11424FEA144721EA024624EA074C71
:102B900002FB07F106FB07F70CFB06F402FB0CFC3B
:102BA00014EB074441EB17414FEA154714EB0C4473
:102BB00041EB1C4125EA074C02FB07F506FB07F732
:102BC0000CFB06F602FB0CFC16EB074645EB174523
:102BD00016EB0C4645EB1C42121951F1000148BF9F
:102BE0007047B619524141EB0101A3F1010370474F
:102BF0004FEA14454FEA114724EA054621EA074CFB
:102C000005FB07F106FB07F70CFB06F24FF0000689
:102C100005FB0CFC12EB074241EB174112EB0C4297
:102C200051EB1C4148BF7047921841EB0101A3F1E1
:102C30000103704700BFFEE700BFFEE700BFFEE7ED
:102C400000BFFEE700BFFEE700BFFEE710B54FF490
:102C5000807005F0B7FF30B14FF4807005F0AAFF27
:102C600003A0FDF7A9FB4FF4003002F023F810BDDC
:102C7000414C41524D30210D0A00000010B54FF477
:102C8000806005F09FFF48B14FF4806005F092FF2F
:102C900000BF0221044803F0F4F900BF4FF48000A4
:102CA00002F008F810BD0000000C024010B506F05C
:102CB000FFFF10BD00BFFEE77047000008B53048B9
:102CC000006840F470002E4908602E48006840F00B
:102CD00001002C49086000BF2A48006800F002008B
:102CE0000028F9D000BF27480830006840F0800075
:102CF0002449083108600020009002E00098401C40
:102D0000009000985028F9D31E480830006840F021
:102D100090001C49083108600020009002E00098F3
:102D2000401C009000985028F9D300BF1548083087
:102D3000006820F00300134908310860114800685A
:102D4000114908400F4908600846006820F48020B7
:102D5000086000200B490831086000BF09480830AE
:102D6000006800200028F9D108480649091D0860BC
:102D7000002004490C31086009F00EF808BD00007D
:102D800088ED00E000380240FFFFF6FE103000241E
:102D900010B50121174809F0F8F948B30121154889
:102DA00009F0F0F914480068401C1349086008460F
:102DB00000684FF47A71B0FBF1F201FB120020B908
:102DC00001200E4908700E4908700E48007878B14D
:102DD0000D48007A4FF47A7110FB01F0064909683A
:102DE000B1FBF0F200FB121010B901200749087086
:102DF00010BD000000140040280000202D0000201D
:102E00002E00002010000020000000202C000020D8
:102E100010B51D491D4809F0CEFB10B31B4809F041
:102E2000CDFAC4B21A48008800F40040C8B9184866
:102E3000008800F4804060B10A2C03D000201449BF
:102E4000088020E01248008840F4004010490880C3
:102E500019E00D2C06D10E48008840F480400C4942
:102E6000088010E00A480088C0F30D0009490C549E
:102E700007480088401C0649088008460088C72883
:102E800001DD0020088010BD050305000010014091
:102E900048000020320A002000BFFEE703B401987A
:102EA0004100009850EAC12018BF04204A0D18BF05
:102EB00040F0010040F2FF72B2EB515F08BF40F0FA
:102EC0000200012808BF052002B070470000000082
:102ED00030B52DED048B81B0B0EE408AF0EE608A03
:102EE0006A4651EC180B02F0EBFE00989FED329B06
:102EF0007E300090002821DC53EC192B51EC180B8C
:102F000009F070FC1AD0002140F608004FF00000D4
:102F1000044651EC180B09F01FFC08EE100A40F6AD
:102F2000080004EA00014FF00000B5EEC08AF1EE9F
:102F300010FA04BF0220FDF789FF2DE00098FF285A
:102F400030DB002108464FF0000000F4400553EC50
:102F5000192B51EC180B09F0BBFD8CBF0024012488
:102F60000220FDF773FF9FED168A4DB1002C0CBFB8
:102F70004FF400004FF48000A84218BF9FED118A63
:102F8000042108464FF00000002C01BFB1EE480AB2
:102F900001B0BDEC048B30BDB0EE480A01B0BDEC11
:102FA000048B30BD51EC180B09F0D6FB01B000EEDC
:102FB000100ABDEC048B30BD0000000000000000D2
:102FC0000000807FFFFF7F7F30B583B00446FDF7B0
:102FD00038FF9FED090B05468DED000B00222146C1
:102FE0006846FEF7C5FC2846FDF730FF9DED000B57
:102FF00003B030BD00000000000000000000000031
:1030000030B540F2FF742DED048BF0EE608A18EEBF
:10301000901A85B0B0EE408A9FED2B9B05468DED52
:10302000008B34EA115147D053EC192B51EC180B9B
:1030300009F0D8FB40D02A4651EC180B09F030FEBD
:1030400041EC180B18EE900A8DED008B34EA10500D
:103050001CD053EC192B51EC180B09F0C3FB2BD1EE
:103060000220FDF7F3FE00F043F810EE901A18EE80
:10307000900A8DED020B8DED008B61F31E00039025
:103080009DED020B05B0BDEC048B30BD0220FDF7B9
:10309000DDFE00F01DF810EE901A18EE900A8DED8E
:1030A000020B8DED008B61F31E0003909DED020B72
:1030B00005B0BDEC048B30BD05B0B0EE480AF0EEB3
:1030C000680ABDEC048B30BD000000000000000069
:1030D0009FED050B10B553EC102B51EC100B09F0C4
:1030E000F9FB41EC100B10BD000000000000007067
:1030F0009FED050B10B553EC102B51EC100B09F0A4
:10310000E9FB41EC100B10BD0000000000000010B6
:1031100010B5044691ED000BFFF7DAFE84ED000ACE
:1031200010BD10B5044690ED000B0846FFF768FF90
:1031300084ED000B10BD30380A2801D20120704701
:103140000020704700BF7047816841F0080181602E
:1031500000BF816801F008010029FAD1816841F0BF
:103160000401816000BF816801F004010029FAD1E7
:10317000704730B5012902D0022920D10FE06AB191
:10318000102A0BD8C36A23F47003C362C36A541EA7
:103190004FF4700505EA04542343C36210E06AB19A
:1031A000042A0BD8836B23F440138363836B541E70
:1031B0004FF4401505EA04542343836300E000BF45
:1031C00000BF30BD0649096821F4E021054AC2F874
:1031D00004131146D1F804130143C2F804137047D5
:1031E000042301400020014021B1826842F40062C2
:1031F000826003E0826822F400628260704710B54A
:1032000040F6081005F04AFA40F6081005F034FAC6
:1032100010BD816801F0010119B9816841F0010117
:1032200081607047012902D0022912D108E0836829
:1032300023F040538360836843EA0273836009E0AC
:10324000836823F440138360836843EA02538360F6
:1032500000E000BF00BF704702688A430260704709
:103260000246002013680B4003B1012070470000A4
:1032700010B504460723224600210B4800F078F8D9
:103280000121094800F0CEF800BF02210648FFF7EF
:10329000E7FF0028F9D002210348FFF7DDFF0248CD
:1032A00000F0BCF810BD0000002001402DE9F04105
:1032B00007460C460025002608E03846FFF7D8FFF1
:1032C0000544052000F0A0FD701CC6B2A642F4DB48
:1032D000B5FBF4F0BDE8F08110B541F2081005F03F
:1032E000B9F940F6024005F0B5F9012300220321A7
:1032F000194802F00FFFFFF782FF4FF40030FFF78D
:1033000061FF002000F0CEF800224FF480711348D6
:1033100000F09AF800220221104800F095F80021F0
:103320000E4800F01DF800210C48FFF75DFF002259
:1033300001210A48FFF776FF012211460748FFF7EF
:1033400018FF0648FFF765FF0A2000F05DFD0348FF
:10335000FFF7FAFE10BD0000000802400020014007
:10336000426822F04072426042680A4342607047FD
:10337000F0B51D4606290CDA436B01EB81071F26C9
:10338000BE40B34301EB810602FA06F633434363C2
:1033900022E00C290EDA036B8E1F06EB86071F2630
:1033A000BE40B3438E1F06EB860602FA06F6334391
:1033B000036311E010290FDAC36AA1F10C0606EBD2
:1033C00086071F26BE40B343A1F10C0606EB860616
:1033D00002FA06F63343C3620A2A0CDA046902EBE6
:1033E00042070726BE40B44302EB420605FA06F642
:1033F0003443046111E0122A0FDCC468A2F10A060A
:1034000006EB46070726BE40B443A2F10A0606EBC8
:10341000460605FA06F63443C460F0BD0146C86CA2
:1034200080B27047012902D002290AD104E08268E3
:1034300042F08042826005E0826842F4800282604D
:1034400000E000BF00BF7047AAB101F480731BB158
:10345000436843F48073436001F480631BB14368A5
:1034600043F48063436001F00203CBB1836843F00F
:103470000203836014E001F480731BB1436823F4FA
:103480008073436001F480631BB1436823F480635D
:10349000436001F002031BB1836823F002038360E1
:1034A000704700000649096821F01F01054AC2F86B
:1034B00004131146D1F804130143C2F804137047F2
:1034C000042301400020014010B504462148047245
:1034D000214808F0FDFD204808F038FD052C04D0F7
:1034E0000A2C0ED00F2C24D117E01B4808F0F0FD59
:1034F000194808F02BFD772140F2DB5008F05CFE04
:1035000017E0154808F0E4FD134808F01FFD772187
:1035100040F2E73008F050FE0BE00F4808F0D8FD0D
:103520000D4808F013FD772140F2E73008F044FE23
:1035300000BF00BF0948007810B1074808F0CDFD72
:10354000214607A0FCF738FF0CA008F0D9F805F0D9
:10355000A1FC10BD0000002000140040100000205D
:1035600073616D706C65206379636C652061646A5A
:103570007573743A202564730D0A000053616D70F1
:103580006C65206379636C652061646A757374652A
:10359000640000002DE9F04704460D469046994628
:1035A000AD1E606B00EB153AC5F3C80605F00701C8
:1035B00001208840C7B200BF51460AF1010A2046E7
:1035C00003F0BAFD10B10120BDE8F08700BF00BFD5
:1035D00004F13C00805D384008B1012000E000208B
:1035E000484501D10220EFE704F13C00805D7840BE
:1035F00004F13C0188550120E070A8F10100B0F110
:10360000000800D1E0E77806000E071EE0D1012790
:10361000701C0646B0F5007FD9D30026CCE7000029
:103620002DE9F041044688460020E070401EA0636A
:103630004146204603F080FD10B10420BDE8F08132
:1036400004F23A2002F0DAFF07464AF65520874294
:1036500008D10B222DA104F13C00FDF729F908B98E
:103660000120EBE794F83C50EB2D03D0E92D01D07D
:10367000E82D43D14AF65520874208D1082226A1D9
:1036800004F18E00FDF714F908B90020D6E704F123
:10369000470002F0B3FF06464920055D701E30402A
:1036A00060BBB6F5007F29DBB6F5007F26DC2DB3C5
:1036B000681E284010BB04F14A0002F09FFFE8B1E9
:1036C0004C20005D401E012818D804F14D0002F086
:1036D00095FF98B104F14F0002F090FF802806DAC0
:1036E00004F15C0002F04DFFB0F5803F06D304F119
:1036F000520002F083FF08B100209FE74AF65520F0
:10370000874201D1022099E7032097E7EB769045A5
:103710005846415420202000464154333220202076
:10372000000000002DE9F84F824615461E46DAF8E3
:1037300000000090DAF8500000F104094FF4007224
:10374000002328463146FCF7C0FD07460098B0F834
:103750000AC0624600233846FCF7B7FD834600BF27
:1037600059F8044B14B90020BDE8F88FA34500D2E6
:1037700004E0ABEB040B09F10409F1E700BFD9F851
:1037800000005844F0E70246891ED069801E884236
:1037900001D8002070475389106B03FB0100F9E743
:1037A00038B51D240B48009002E00098401E0090A0
:1037B000802007F0D3F910B900980028F5D10098BF
:1037C00010B91324204638BD034807F0C1F920463C
:1037D000F9E70000A0860100FF07C0002DE9F047CF
:1037E00080460C4604F11A0002F008FF10B10020D8
:1037F000BDE8F087207800F03F00401E00EB80011C
:1038000001EBC0054FF00109002621E01849895D50
:10381000081902F0F3FE0746B9F1000F11D0FF2D91
:103820000BD8384602F0B2F8824629466D1C38F8AB
:10383000110002F0ABF8824501D00020D8E7B9466C
:1038400005E04FF6FF70874201D00020D0E7761CDC
:103850000D2EDBD3207800F0400038B1B9F1000F15
:1038600004D038F8150008B10020C1E70120BFE7F7
:1038700018E600082DE9F04706468A463468BAF192
:10388000000F0AD1D4F81480B8F1000F02D0E0691B
:10389000404516D84FF0010813E05146304602F07B
:1038A000CEFA0746022F02D20120BDE8F087781C2D
:1038B00008B93846F9E7E069B84201D93846F4E773
:1038C000D046A06908B90020EFE7207804284ED13F
:1038D00001224146204602F0EEF805460DB1681C73
:1038E00008B92846E1E701231A4629462046FFF792
:1038F00051FE8146B9F1020F01D10120D5E7B9F19E
:10390000010F02D14FF0FF30CFE7BAF1000F02D123
:103910000220F0710CE0F079022809D108F10100D1
:10392000854205D0B068A8EB0000B0610320F071BB
:10393000F079022869D00AF10100854207D1F069C7
:1039400010B1F069401C00E00220F0615DE0F06918
:1039500008B90120F0612A465146304602F089F844
:103960008146B9F1000F50D10120F0614DE00025F2
:10397000D04519D108F10105E069A84200D8022517
:103980002946304602F05BFA0746012F01D0781C29
:1039900008B9384689E73FB16769022F03D3E06968
:1039A000B84200D9B8460025E5B9454600BF6D1CB0
:1039B000E069A84204D80225454501D9002074E7F2
:1039C0002946304602F03BFA074607B909E0012FC5
:1039D00001D0781C08B9384667E74545E7D1002093
:1039E00063E700BF4FF0FF322946204604F078FA23
:1039F0008146B9F1000F08D1BAF1000F05D02A466F
:103A00005146204604F06CFA8146B9F1000F0DD101
:103A10006561D4E90610801E814202D8A069401E6B
:103A2000A061207940F00100207107E0B9F1010F99
:103A300002D14FF0FF3000E001200546284634E770
:103A40002DE9F34F85B08146069800680290D9F8B9
:103A50000000D0F80CA0002500BF02A808F050FA22
:103A600083460BF1010018B9062007B0BDE8F08FBE
:103A7000BBF5803F05D34FEA1B4228466D1C2AF850
:103A800010201FFA8BF4202C03DB2F2C01D05C2C90
:103A900000D111E0802C06DA21467BA0FCF7ECFE79
:103AA00008B10620E1E7FF2D01D30620DDE7284617
:103AB0006D1C2AF81040D0E700BF202C01DA042644
:103AC00011E002E00298401C0290029800782F2832
:103AD000F8D0029800785C28F4D00026029800788C
:103AE000202800D2042602990698016008E0681E8A
:103AF0003AF81040202C02D02E2C00D002E06D1E8F
:103B0000002DF4D100BF00202AF815000DB90620C1
:103B1000ABE7002700E07F1C3AF817002028FAD016
:103B20001FB93AF817002E2801D146F0030600E02D
:103B30006D1E25B1681E3AF810002E28F8D12022FB
:103B40000B2109F14000FCF7CCFF4FF00008CDF845
:103B500010800820039000BF38467F1C3AF81040C0
:103B600004B966E0202C03D02E2C04D1AF4202D041
:103B700046F00306F0E7DDE90310884201D2AF42C8
:103B800016D103980B2802D146F0030651E0AF424C
:103B900001D046F00306AF4200D94AE02F46082084
:103BA00004900B2003904FEA88604FEA1068D3E737
:103BB000802C0ADB46F00206204601F0E7FE4FF4B7
:103BC0006A71019001F0A8FE0446FF2C11DD0398F4
:103BD000401E0499884204D846F0030603980490D6
:103BE000BAE722120498411C049109F140010A54D9
:103BF00018E024B1214627A0FCF73EFE18B15F244F
:103C000046F003060EE0412C03DB5A2C01DC48F0A1
:103C10000208612C06DB7A2C04DC48F00108A4F1D0
:103C2000200084B20498411C049109F140010C5415
:103C300092E700BF99F84000E52802D1052089F8F5
:103C400040000398082803D14FEA88604FEA1068C3
:103C500008F00C000C2803D008F00300032801D161
:103C600046F0020606F0020048B908F0010008B16B
:103C700046F0100608F0040008B146F008064B2094
:103C800000F809600020F0E62A3A3C3E7C223F7FA3
:103C9000000000002B2C3B3D5B5D00002DE9F04750
:103CA00004460E4640212046FCF723FF8520207065
:103CB000C02084F8200040250020804607464FF0B1
:103CC000010900BFC12228466D1C2254002228464B
:103CD0006D1C225400BFB9F1000F06D036F8170052
:103CE000B0F1000901D0781CC7B26019494607F04D
:103CF00067FBAD1C05F01F000028ECD108F10100A6
:103D000000F0FF0836F817000028DBD184F8237094
:103D100008F101006070304608F0CCFC8246514644
:103D200004F1240007F04CFBBDE8F08710B58CB01F
:103D300004462078643006906078401E0590A07894
:103D40000490E078039020790290607901904FF020
:103D5000FF30099001A8FCF774FF0CB010BD000003
:103D600001460B48007888420FDC094840788842B9
:103D700001DB0120704706488078884205DC044852
:103D8000C078884201DB0120F4E70020F2E7000060
:103D900025E60008014610480079884219DC0E48E3
:103DA0004079884201DB012070470B4880798842C6
:103DB00005DC0948C079884201DB0120F4E70648A8
:103DC000007A884205DC0448407A884201DB012001
:103DD000EAE70020E8E7000025E600084FF0E021D0
:103DE000096941F004014FF0E022116105490860C2
:103DF0001146096941F0010111616FF07F41516184
:103E0000704700004000002010B504464FF47A715E
:103E100004FB01F000F002F810BD000070B503468D
:103E200000224FF0E02675690D4E366803FB06F45C
:103E30004FF0E026B16910E04FF0E026B06988420B
:103E40000BD0884202D20E1A324402E02E1A0E44DF
:103E500032440146A24200D300E0EDE700BF70BD4E
:103E6000400000202DE9F04104460E46D4F80080C1
:103E70000021204600F06FFB05465DBB002700BF18
:103E80004046A16B03F058F9054605B121E098F8CA
:103E90000000042805D1E06B0078012121EAD01050
:103EA00009E0E06B0078E52802D0E06B007808B903
:103EB000012000E0002020B1781C0746B04201D16B
:103EC00007E000270121204600F03FF90546002DBC
:103ED000D6D000BF042D00D107252846BDE8F081CB
:103EE0002DE9F04704468946204607F0ABFE10B1A5
:103EF0000120BDE8F08749462046FFF744FC07460D
:103F0000A7634FF4007104F13C00FCF714FE6089D4
:103F10004FF40041B1EB402F01D8084601E0608921
:103F2000400206464FF0000800E07608B6F5007F34
:103F300005D9304601F0ADFCB0F10008F5D0B6F57A
:103F4000007F16D931464046FCF7D3FD760A00259E
:103F500000E035446089A84207D97A196078334671
:103F6000414600F0EFFB0028F3D0404601F098FCFA
:103F700010E004F13C080126002500E0354460898A
:103F8000A84207D97A1960783346414600F0DAFB37
:103F90000028F3D06089A84201D00120A9E70020C1
:103FA000A7E72DE9F04F85B004462568002120469B
:103FB00000F0D1FA07461FB1384605B0BDE8F08FD2
:103FC000287804284CD1E86808F074FB01903EE0A2
:103FD000296901F1240002F011FB0199884200D007
:103FE00035E0286990F8230003904FF0400A002044
:103FF00002901FE00AF01F0008B90AF1020A2969BD
:1040000001EB0A0002F0FAFA009001F0BFFC8346CF
:10401000EA68029932F8110001F0B8FC834500D03B
:104020000BE00398401EC0B203900AF1020A029806
:10403000401C029003980028DCD100BF039828B9E7
:10404000E968029831F8100000B906E000BF0021CD
:10405000204600F0EAF8071EBAD000BF3846ACE7A9
:104060004FF0FF09CDF810904FF0FF30E06400BF33
:104070002846A16B03F060F8074607B162E0E06BE9
:1040800006780EB904275DE0E06BC07A00F03F08C7
:1040900084F80680E52E05D008F0080040B1B8F19C
:1040A0000F0F05D04FF0FF094FF0FF30E06442E002
:1040B000B8F10F0F22D14B20005D00F04000A0BBF3
:1040C00006F0400038B1E06B407B049006F0BF067C
:1040D000B146206BE0644E450CD1E06B417B049807
:1040E000814207D1E16BE868FFF778FB10B1A9F1D5
:1040F000010000E0FF2000F0FF091CE0B9F1000F13
:1041000006D1E06B07F047FD0499884200D119E021
:104110004B20005D00F0010040B90B2204F140018A
:10412000E06BFCF7C5FB08B90CE004E04FF0FF09B9
:104130004FF0FF30E0640021204600F006F807460B
:10414000002F95D000BF384637E72DE9F0410446EF
:1041500088462768206B00F120063878042801D1B2
:10416000800601E04FF40010B04201D80020A063A7
:10417000A06B10B90420BDE8F081C6F30800002848
:104180004AD1A06B401CA063606B38B93889B0EB92
:10419000561F41D80020A0630420ECE77889401E18
:1041A00000EA5620002837D12046616B01F047FE17
:1041B0000546012D01D80220DDE7681C08B9012061
:1041C000D9E7F869A84221D8B8F1000F03D100203F
:1041D000A0630420CFE72046616BFFF74BFB054649
:1041E0000DB90720C7E7012D01D10220C3E7681CE4
:1041F00008B90120BFE729463846FFF771FE08B12C
:104200000120B8E7E07940F00400E07165632946D9
:104210003846FFF7B8FAA0632663C6F3080107F132
:104220003C000844E0630020A5E72DE9F05F044668
:104230008846042627684FF0FF0AD3466CE03846CC
:10424000A16B02F079FF064606B168E0E06B0578E5
:104250000DB9042663E03878042814D1B8F1000FB2
:1042600002D0832D51D15AE0852D4ED1206BE064D0
:10427000204602F079FA064626B93869007900F03E
:104280003F00A0714BE0E06BC07A00F03F0984F87A
:104290000690E52D0AD02E2D08D029F02000082800
:1042A00001D1012000E00020404502D04FF0FF0A7C
:1042B0002BE0B9F10F0F1CD105F0400038B1E06BD5
:1042C00090F80DB005F0BF05AA46206BE064554597
:1042D0000BD1E06B407B584507D1E16BF86803F0E8
:1042E000BFFC10B1AAF1010000E0FF2000F0FF0ABE
:1042F0000BE0BAF1000F04D1E06B07F04CFC58451D
:1043000002D04FF0FF30E06409E000212046FFF7C3
:104310001CFF064606B102E0A06B00288FD100BF4B
:104320000EB10020A0633046BDE8F09F2DE9F04FAC
:1043300099B0044626684B20005D00F0A00018B13B
:10434000062019B0BDE8F08F4FF0000B01E00BF133
:10435000010BF06830F81B000028F8D130780428F1
:1043600066D10BF10E000F21B0FBF1F000F1020954
:1043700049462046FFF776FD05460DB12846E0E7A1
:10438000A9F101002022216B02FB1010E064E0790A
:1043900000F00400002845D0E07920F00400E0712E
:1043A000204601F04BFB05460DB12846C9E74FF00A
:1043B000FF322046616B01F05CFB05460DB12846DB
:1043C000BFE7A06870B32146684602F0ADF9054624
:1043D0000DB12846B5E770894002D4E904311818B8
:1043E00041F10001C4E90401D4E90473316901F128
:1043F00038003A4606F0B6FFD4E90473316901F19A
:1044000028003A4606F0AEFFE07940F0010031693D
:1044100081F82100684607F085FB05460DB1284666
:104420008FE700BFD6E90310FFF738FC002088E7CC
:10443000D4E91112206C15AB07C39DF85F0000F0A2
:10444000010028B340214B2001554FF0010A0EE036
:10445000534615A904F14000F26801F077FC2046AC
:10446000FFF79FFD054605B104E00AF1010ABAF124
:10447000640FEDD300BFBAF1640F01D1072060E7EC
:10448000042D01D028465CE79DF85F104B200155B4
:104490009DF85F0000F0020030B10BF10C000D211F
:1044A000B0FBF1F0401C00E0012081464946204667
:1044B000FFF7D8FC054675BBA9F10100B0F1000972
:1044C00029D0206BA0EB4911204600F044F80546A6
:1044D0000DBB04F1400007F05EFB149000BF3046B6
:1044E000A16B02F029FE054605B113E009F0FF02B9
:1044F000E16BF068149B03F095FD0120F070002142
:104500002046FFF722FE054625B9A9F10100B0F1CA
:104510000009E4D100BFE5B93046A16B02F00CFE02
:104520000546B5B92021E06BFCF7E3FAE06B216C9E
:104530000160616C4160B4F84810018194F84A1040
:1045400081724B20005D00F01800E16B08730120C0
:10455000F0702846F5E62DE9F04104460D46266840
:104560003078042801D1800601E04FF40010A84201
:1045700002D905F01F0010B10220BDE8F0812563CB
:10458000A7682FB93078032802DBF76A0020E071B2
:1045900047B93089B0EB551F01D80220EDE7F06A2A
:1045A000A0631CE070894FEA402811E0394620469C
:1045B00001F045FC0746781C08B90120DDE7022F11
:1045C00002D3F069B84201D80220D6E7A5EB08056E
:1045D0004545EBD239463046FFF7D5F8A06367630F
:1045E000A06B08B90220C8E7A06B00EB5520A063C0
:1045F000C5F3080106F13C000844E0630020BCE775
:1046000070B50446002514B1012C07D103E006F073
:1046100003FB054604E002F0BDFE01E0012500BFFA
:1046200000BF1D2D02D00DB1012070BD0020FCE7A0
:104630002DE9F04106460F461546EEB937B1012F78
:1046400011D0022F04D0032F13D106E0002412E072
:104650004FF40070286000240DE01848B0F84000C6
:104660002880002407E005F01DF8400028600024A1
:1046700001E0042400BF1DE0012E1AD137B1012F43
:104680000FD0022F04D0032F10D106E000240FE03A
:104690004FF40070288000240AE0082028800024BD
:1046A00006E04FF490402860002401E0042400BF9D
:1046B00000E001242046BDE8F0810000101D00202C
:1046C0002DE9F04180460E4614461D46002715B9D7
:1046D0000420BDE8F081B8F1000F03D0B8F1010F5C
:1046E00023D111E02A462146304606F069F80746F4
:1046F00007E006F091FA2A462146304606F060F8B7
:1047000007461D2FF5D112E00BE0002000EB4421FD
:104710004FF40072304602F099FE641C06F50076F4
:104720006D1E002DF1D1002701E0012700BF00BF61
:104730000FB11D2F01D10020CBE70120C9E70146B1
:10474000002070472DE9F04180460E4614461D4674
:10475000002715B90420BDE8F081B8F1000F03D09F
:10476000B8F1010F23D111E02A462146304606F068
:104770000DF9074607E006F04FFA2A462146304673
:1047800006F004F907461D2FF5D112E00BE00020DA
:1047900000EB44214FF40072304602F0FBFE641C33
:1047A00006F500766D1E002DF1D1002701E00127EE
:1047B00000BF00BF0FB11D2F01D10020CBE70120AA
:1047C000C9E710B501EB4102D30000F11002D25845
:1047D00022F0010301EB4102D40000F11002135159
:1047E00010BD10B501EB4102D30000F11002D25808
:1047F00042F0010301EB4102D40000F11002135119
:1048000010BD30B5134601EB4104E50000F1100482
:10481000625922F0606242EA436201EB4104E50022
:1048200000F11004625130BD10B501EB4102D3001C
:1048300000F11002D25822F0010301EB4102D40032
:1048400000F110021351002301EB4102D40000F1EA
:104850001002135101EB4102D40000F11402135174
:1048600001EB4102D40000F11802135101EB4102A7
:10487000D40000F11C02135101EB4102D40000F1FD
:1048800020021351212301EB4102D40000F1240244
:10489000135104290CDA01EB41025300C1F3400229
:1048A00003EB82033D229A4083681A4382600DE045
:1048B0000A1FD1B201EB41025300C1F3400203EBE6
:1048C00082033D229A40C3681A43C26010BD10B5EE
:1048D00004290CDA01EB41035C00C1F3400304EB53
:1048E000830302FA03F38468234383600DE00B1F04
:1048F000D9B201EB41035C00C1F3400304EB830335
:1049000002FA03F3C4682343C36010BD10B5034625
:1049100004290FDA01EB41004400C1F3400004EB2D
:10492000800402FA04F01C68204008B1012010BD88
:104930000020FCE7081FC1B201EB41004400C1F3B5
:10494000400004EB800402FA04F05C68204008B1E7
:104950000120ECE70020EAE730B572B901EB410332
:10496000DC0000F110031B5923F0200401EB41038C
:10497000DD0000F110035C510DE001EB4103DC00B0
:1049800000F110031B5943F0200401EB4103DD004B
:1049900000F110035C5130BD70B501EB4104E5003E
:1049A00000F124046459156A45F004052C4301EB19
:1049B0004105EE0000F12405AC5101EB4104E60095
:1049C00000F118041568A55101EB4104E60000F15F
:1049D0001C04D568A55101EB4104E60000F1140464
:1049E000D56AA55101EB4104E50000F110046359BB
:1049F000414C2340156954682C43156B2C43956A30
:104A00002C4395692C43D5692C43234301EB410486
:104A1000E50000F110046351946874B901EB41049E
:104A2000E50000F11004645944F4007501EB410401
:104A3000E60000F11004A5511FE09468012C0ED18E
:104A400001EB4104E50000F11004645924F4007501
:104A500001EB4104E60000F11004A5510DE001EB6B
:104A60004104E50000F11004645944F4004501EBF1
:104A70004104E60000F11004A551546974B901EB3A
:104A80004104E50000F11004645944F4806501EB31
:104A90004104E60000F11004A5510DE001EB4104D2
:104AA000E50000F11004645924F4806501EB410431
:104AB000E60000F11004A551546A74B901EB4104F9
:104AC000E50000F11004645944F4807501EB4104E1
:104AD000E60000F11004A5510DE001EB4104E500F2
:104AE00000F11004645924F4807501EB4104E600E0
:104AF00000F11004A55170BD3F871CFE30B58DB08C
:104B000004460D46012203212748FFF7E0FE042258
:104B100003212548FFF7DBFE082203212248FFF787
:104B2000D6FE102203212048FFF7D1FE20220321C8
:104B30001D48FFF7CCFE03211B48FFF742FE03216F
:104B40001948FFF771FE19480090039400200A905D
:104B50000B9001200290002005904FF480500190AE
:104B6000800004904FF440300C904FF400100790F8
:104B70008000069003200890012009906A460321D6
:104B80000948FFF709FF012203210748FFF7E4FE68
:104B9000042203210448FFF734FE03210248FFF7F3
:104BA00020FE0DB030BD000000640240802C0140AA
:104BB00030B58DB004460D46012203212748FFF78A
:104BC00086FE042203212548FFF781FE08220321E7
:104BD0002248FFF77CFE102203212048FFF777FED2
:104BE000202203211D48FFF772FE03211B48FFF717
:104BF000E8FD03211948FFF717FE194800900394B8
:104C000040200A9000200B90012002900020059087
:104C10004FF480500190800004904FF440300C908D
:104C20004FF40010079080000690012009900320A7
:104C300008906A4603210948FFF7AEFE01220321CE
:104C40000648FFF789FE042203210448FFF7D9FD37
:104C500003210248FFF7C5FD0DB030BD00640240DE
:104C6000802C014010B5FCEEC00A10EE904AA1B2B3
:104C700000EE901AF8EE600A70EE600A9FED0C1AD2
:104C800060EE810AFCEEE00A10EE904AA3B20C0A34
:104C9000047041701C0A8470C37010EE102A140E48
:104CA0000471140C4471140A8471C27110BD0000A7
:104CB000000080470149086070470000143C014033
:104CC00038B50546284600F0CEFB04464CB9694687
:104CD000284607F0B4FC04461CB900202860204692
:104CE00038BD2046FCE72DE9FC4780460C4691463E
:104CF00000254646641E13E06B46012201A9484682
:104D000000F09DFA0098012800D00BE09DF8047097
:104D100000BF06F8017B6D1C0A2F00D102E000BF26
:104D2000A542E9DB00BF0020307015B14046BDE868
:104D3000FC870020FBE72DE9F141A3B0022201A985
:104D400023A801F0BFFF0446002C7ED101980E90ED
:104D50004FF48C6000F09DFD06461EB9112024B072
:104D6000BDE8F0810198C66006F500700199086100
:104D70000EA8239900F02DFF044604B9082400BFB3
:104D8000042C7ED101980290002102A8FEF772FD4A
:104D90000546002405B90724012D00D10224681C12
:104DA00000B9012401F015F98046002C3BD12946B9
:104DB0000198FFF795F80446ACBB019800780428E9
:104DC0002DD020220B2101983C30FBF78AFE2E20AB
:104DD000019981F83C001021019880F84710414664
:104DE0000198523006F0B2FA2A4601993C310198F6
:104DF00006F09AFA202201993C3101985C30FBF7C9
:104E00003EFE2E21019880F85D10109F3A460199D0
:104E10005C31019806F088FA01200199C8700EA84B
:104E2000FFF784FA0446002C4CD10198007804283E
:104E300031D10199096901F10C00414606F086FA69
:104E40000199096901F1340000E043E0294606F0C8
:104E50007DFA019A52895102019A126902F13800D1
:104E600006F074FA019A52895102019A126902F10C
:104E7000280006F06BFA03200199096981F82100E6
:104E800000E024E010200199096908710EA806F0DD
:104E900049FE044610E01D9901F11600414606F056
:104EA00055FA2A461D99019806F03EFA10201D99E0
:104EB000C87201200199C8704CB9019806F07CFEB7
:104EC000044604E00022294602A803F01DFD3046F6
:104ED00000F0E6FC204642E7F7B582B0164603989C
:104EE000019001A801F077F80546002D02DA0B20A9
:104EF00005B0F0BD0C4850F825400CB100202070E2
:104F0000029810B10020029908700749029841F8F0
:104F100025000EB90020EBE7002202A903A801F04A
:104F2000D1FE07463846E3E7740000202DE9F74F2D
:104F30009AB0044616461CB909201DB0BDE8F08F92
:104F400006F03F06324605A91BA801F0BBFE054648
:104F5000002D7BD1059806904FF48C6000F099FCF1
:104F60008346BBF1000F01D11120E6E70598C0F898
:104F70000CB00BF500700599086106A81B9900F0AC
:104F800028FE05462DB99DF8630000F0800000B1B1
:104F9000062506F01C0000287ED045B1042D03D163
:104FA00006A8FFF7C3F9054646F008060AE09DF893
:104FB0001E0000F0110008B1072503E006F0040010
:104FC00000B10825002D40D106F0080000283CD093
:104FD0000598007804283AD1059820602146059864
:104FE00001F0B2F905990969881C1E21FBF781FDC2
:104FF0000599096901F126001A21FBF77AFD2020A5
:1050000005990969087100F0E4FF019005990969A3
:1050100001F10800019906F099F901200599096943
:1050200081F8210006A806F07DFD0546002D5CD123
:10503000A068002859D000222046A16803F064FC33
:105040000546A068401E059948614EE0F2E000F078
:10505000C0FF0390159901F10E00039906F076F94F
:10506000159901F11600039906F070F91599059844
:1050700001F074FA049020201599C8720022159945
:10508000059806F051F9159901F11C00002106F070
:105090005DF90120059900E016E0C870049820B37E
:1050A0000598806B0290002206A8049903F02CFC5E
:1050B0000546D5B90299059802F03EF805460498D0
:1050C000401E0599486110E07DB99DF81E0000F072
:1050D000100008B1042508E006F0020028B19DF890
:1050E0001E0000F0010000B107254DB906F00800D0
:1050F00008B146F040060598806BA0641598E064FE
:10510000002D7DD10598007804280FD108982062E1
:105110000A9820F0FF009DF81F100843606219985C
:10512000A0622146059801F00FF90CE01599059849
:1051300001F014FAA060159901F11C0001F021FAA8
:105140000021C4E90401002020650598206005982D
:10515000C088A08084F83060002084F8310060644A
:105160000021A163E1634FF4007104F15400FBF7E7
:10517000E2FC06F02000002859D00023D4E90410F6
:1051800059405840014352D0D4E90401C4E90E010A
:10519000059840894FEA4029D4F808A0D4E904785A
:1051A00010E05146204600F04AFE8246BAF1010F57
:1051B00000D802250AF1010000B90125B7EB090763
:1051C00068F100082DB90020B9EB070170EB080069
:1051D000E7D3C4F840A09DB94FF4007200233846CD
:1051E0004146FBF772F800214A404B401A431ED05B
:1051F00051460598FEF7C7FA0290029818B900E0E8
:1052000015E0022513E04FF40072002338464146B2
:10521000FBF75BF8029908446064626C0599487872
:10522000012304F15401FFF74BFA00B10125584660
:1052300000F036FB0DB10020206028467DE62DE908
:10524000FF4F87B0044615460898039000210A983E
:10525000016005A9204607F0F2F90690069818B9F2
:1052600094F83100069018B106980BB0BDE8F08FA5
:1052700094F8300000F0010008B90720F5E7D4E900
:105280000E23D4E904108F1A60EB0308791B78F120
:10529000000000D23D46E1E0D4E90E014FF4007277
:1052A0000023CDE90001FBF710F800214A404B40F4
:1052B0001A437DD1D4E90E014FF400720023CDE9E9
:1052C0000001FBF702F805994989491E00EA010A25
:1052D000BAF1000F2BD10023D4E90E0158405940F8
:1052E000084302D1A068049011E0206D50B1D4E9C8
:1052F0000E0102460B46CDE900012046FEF712FAE8
:10530000049004E02046216C00F099FD049004987C
:10531000022803D2022084F83100A6E70498401C3A
:1053200018B9012084F831009FE704982064216CAB
:105330000598FEF728FA8146B9F1000F03D1022043
:1053400084F8310091E7D1444FEA552BBBF1000FAF
:105350002FD00AEB0B0005994989884203D905989B
:105360004089A0EB0A0B059948785B464A460399A9
:10537000FFF7A6F918B1012084F8310075E794F819
:10538000300000F0800080B1606CA0EB090058454F
:105390000BD2616CA1EB0901039A02EB41204FF49F
:1053A000007204F15401FBF725FB4FEA4B2645E060
:1053B00029E0606C484524D094F8300000F080006B
:1053C00090B1626C05994878012304F15401FFF70C
:1053D000B9F918B1012084F8310046E794F830009B
:1053E00000F07F0084F830000599487801234A4690
:1053F00004F15401FFF764F918B1012084F8310079
:1054000033E7C4F84490208FC0F30800C0F500765D
:10541000AE4200D92E46D4E90E014FF400720023AB
:10542000CDE90001FAF751FF04F15400104432466F
:10543000014602900398FBF7DDFA00BFAD1B0A9806
:10544000006881190A980160039830440390D4E9F8
:105450000E10891940F10000C4E90E10002D7FF4F0
:105460001BAF002001E72DE9F04796B0044614A9D0
:10547000204607F0E4F80546002D7ED194F8300070
:1054800000F04000002878D094F8300000F0800050
:1054900090B1626C14994878012304F15401FFF72C
:1054A00051F918B1012016B0BDE8F08794F830002A
:1054B00000F07F0084F8300000F08BFD82461498E5
:1054C0000078042875D1204600F0B8FA054635B9B1
:1054D0004FF0FF322046216C00F0CBFA0546002D3C
:1054E000CBD14FF48C6000F0D4F98146B9F1000FB4
:1054F00001D11120D7E71498C0F80C9009F500707D
:10550000149908612146684601F00EF90546002D00
:105510004AD114980069007940F020001499096973
:105520000871E07940F001001499096981F82100BF
:10553000A168149A126902F1340005F007FFD4E95A
:1055400004731499096901F138003A4605F00AFF1D
:10555000D4E904731499096901F128003A4605F069
:1055600001FF1499096901F10C00514605F0EEFEA6
:10557000002014990969487500E046E0149909690A
:1055800001F11000002105F0E1FE684606F0CAFABC
:1055900005464DB9149806F00FFB054694F8300007
:1055A00000F0BF0084F83000484600F079F92CE0A4
:1055B000FFE7A16C149801F0BFFD05462DBBE66C1A
:1055C000F07A40F02000F0723146A268206805F0C1
:1055D000ABFE06F11C00216905F0B8FE514606F14C
:1055E000160005F0B3FE002106F1120005F0E8FEFA
:1055F00001201499C870149806F0DEFA054694F854
:10560000300000F0BF0084F8300028464BE72DE959
:10561000FF4F87B0044615469B460898039000202C
:10562000CBF8000004A9204607F009F8059005987A
:1056300018B994F83100059018B105980BB0BDE881
:10564000F08F94F8300000F0020008B90720F5E769
:1056500004980078042807D0A06B4019A16B8842F9
:1056600002D2A06BC0F1FF3507E1D4E90E014FF47F
:1056700000720023CDE90001FAF727FE00214A401D
:105680004B401A437CD1D4E90E014FF40072002341
:10569000CDE90001FAF719FE04994989491E00EA8B
:1056A000010ABAF1000F3AD10023D4E90E10594093
:1056B0005840014309D1D4F80880B8F1000F16D141
:1056C0002046FEF7D7F8804611E0206D50B1D4E9AE
:1056D0000E0102460B46CDE900012046FEF722F8F6
:1056E000804604E02046216CFEF7C4F88046B8F1FD
:1056F000000F00D1C4E0B8F1010F03D1022084F8FB
:1057000031009BE708F1010018B9012084F831004D
:1057100094E7C4F84080A06808B9C4F8088094F8F9
:10572000300000F0800090B1626C04994878012349
:1057300004F15401FFF706F818B1012084F8310094
:105740007CE794F8300000F07F0084F83000216C92
:105750000498FEF718F807461FB9022084F83100B4
:105760006CE757444FEA5529B9F1000F2FD00AEBE7
:10577000090004994989884205D90498408900E0C4
:105780003DE0A0EB0A09049948784B463A46039954
:10579000FEF7D8FF18B1012084F831004EE7606CA5
:1057A000C01B484510D2606CC01B039A02EB40211D
:1057B0004FF4007204F15400FBF71CF994F8300028
:1057C00000F07F0084F830004FEA492637E0606C33
:1057D000B84213D0D4E90431D4E90E20D21A88415A
:1057E0000CD20499487801233A4604F15401FEF79B
:1057F00067FF18B1012084F831001FE76764208F2C
:10580000C0F30800C0F50076AE4200D92E46D4E9B8
:105810000E014FF400720023CDE90001FAF755FDA7
:1058200004F154001044324602900399FBF7E2F869
:1058300094F8300040F0800084F8300000BFAD1BC9
:10584000DBF800003044CBF80000039830440390AC
:10585000D4E90E20921940F10000C4E90E20D4E9E9
:105860000E31D4E90420D21A884102D2D4E90E01C3
:1058700001E0D4E90401C4E90401002D7FF4F5AE90
:1058800000BF94F8300040F0400084F83000002061
:10589000D4E610B504462146002001F045FD10BDB8
:1058A00010B504462146002001F02CFD10BD00007B
:1058B000F0B502460E4600200021802A01DA10468B
:1058C00027E0B6F56A7F24D1124B45F22057002518
:1058D000102414E0A7EB050C05EB5C014FEA410C2A
:1058E00033F81CC0944500D10BE04FEA410C33F86B
:1058F0001CC0944501DA0D4600E00F46641E002CE2
:10590000E8D100BF2CB14FF0010C0CEB410C33F887
:105910001C00F0BDF43A02082DE9F04102460F46A2
:1059200000200021802A01D290B22BE0B2F5803F06
:1059300028D2B7F56A7F25D195B2134B45F2205C8A
:105940000026102414E0ACEB060806EB58014FEAE1
:10595000410833F81880A84500D10BE04FEA410810
:1059600033F81880A84501DA0E4600E08C46641E24
:10597000002CE8D100BF2CB14FF0010808EB410822
:1059800033F81800BDE8F08170E6000870B5B0F596
:10599000803F4DD281B2B1F5805F01DA254E00E043
:1059A000254E324600BF32F8023B0BB1994200DA75
:1059B0003CE032F8024B2512E4B21E198E4230DD73
:1059C000092D2CD2DFE805F005090F13171B1F2343
:1059D0002700CE1A32F8161021E0CE1A06F0010682
:1059E0008E1BB1B21BE0A1F11006B1B217E0A1F11C
:1059F0002006B1B213E0A1F13006B1B20FE0A1F17F
:105A00001A06B1B20BE001F10806B1B207E0A1F14C
:105A10005006B1B203E0A1F5E356B1B200BF00BF3A
:105A200004E0002DBFD102EB4402BCE700BF0846F2
:105A300070BD0000788F03086A9103082DE9F041DA
:105A40000446E079032812D1A568A7690BE06A1C17
:105A50002946206802F044FA064616B13046BDE8F1
:105A6000F0816D1C7F1E002FF1D10020E07100201D
:105A7000F5E72DE9F04104460D46174616E0E369C7
:105A8000012B03D9E369EB1A9B1C00E03B461A4645
:105A9000E369EB1A591C206802F022FA064616B197
:105AA0003046BDE8F081E069401EE061E069002811
:105AB000E5D100BFF5E72DE9F74F05460E46B61EC6
:105AC000E869801EB04200D800263446A2464FF056
:105AD000000B00BF686B00EB1431284601F02CFB73
:105AE00018B14FF0FF30BDE8FE8FC4F3C80904F0D1
:105AF000070101208840C7B200BF00BF05F13C008C
:105B000010F8090000EA07087806070E601C044632
:105B1000E969891E884203D3002400274FF40079E5
:105B2000B8F1000F08D10BF10100834602998842B9
:105B300005D10AF10200D6E7A2464FF0000BB442AD
:105B400001D10020CFE7002FD8D1012709F10100B2
:105B50008146B0F5007FD0D3BCE72DE9FF41074671
:105B60000D4600213846FDF75BFD0646022E06D0A5
:105B7000032E00D21DB9304604B0BDE8F08100BF4D
:105B800000240AE007F5FD7101EB041101F10800A2
:105B900000F0F7FC4DF82400641C042CF2D30DB186
:105BA000681E00E00020044600BF5DF8240028B114
:105BB0005DF824103846FDF733FD00E0032006466B
:105BC0002DB9022E03D3601C04460428EDD33046C1
:105BD000D2E72DE9F3410446276802E00198401C12
:105BE0000190019800782F28F8D0019800785C285F
:105BF000F4D00020A060E06101980078202808D24D
:105C000080214B20015500212046FEF7A4FC0546CB
:105C10003EE000BF01A92046FDF712FF054605B191
:105C200035E02046FEF7BDF905464B20065D3DB147
:105C3000042D04D100BF06F0040000B9052526E0BC
:105C400006F0040000B122E0A07900F0100008B9CD
:105C500005251CE0387804280ED1A0682062206950
:105C600020F0FF00E17908436062E06CA062214609
:105C7000384600F069FB09E0208EC0F3080207F106
:105C80003C001118384600F069FCA060C2E700BF74
:105C90002846BDE8FC81000070B504460D4600BFF3
:105CA0000621054806F007FC0028F9D0E1B20248B9
:105CB00006F089FB204670BD001001400000000086
:105CC00010B582B01446CDE900010023009A23608C
:105CD000194B21F0004098422ADA024328D0B0F54F
:105CE000801FA8BF226810DA9FED150B53EC102B14
:105CF0009DED000B51EC100B06F0ECFDCDE9000121
:105D00006FF0350221F0004022600F4B6FF31E51FF
:105D100003EB20501044206041F0FF5040F0005051
:105D200001909DED000B00BF02B051EC100B10BDB7
:105D30009DED000BF8E700000000F07F0000000080
:105D4000000000000000504302FCFFFF2DE9FF4F60
:105D500083B0074691461E46049801683960416841
:105D6000796001893981807AB872052E19D9B046D7
:105D700012E039F802BB00240CE0584668F35F00DB
:105D800080464FEA6B0B08F4803010B1234888EA54
:105D90000008641C102CF0D3B9F800000028E8D1EA
:105DA0004646072400BF06F00F0000F1300A36090E
:105DB000BAF1390F03DD0AF1070000F0FF0A2046AF
:105DC000641E01A901F800A00CB1002EEBD17E20C9
:105DD00001A90855002509E0785DFDF7C1FF20B154
:105DE000601EA84200D106E06D1C6D1CA54202D2C7
:105DF000785D2028F0D100BF00BF082C04D22046D7
:105E0000641C01A9085C00E0202029466D1C785420
:105E1000082DF2D307B0BDE8F08F0000211001007B
:105E200038B50446A31DA21C611C204602F0D4FE16
:105E30006B46621D211DE01C02F0EEFE38BD2DE90F
:105E4000FC5F06460C463568022C02D3E869A04286
:105E500002D84FF00109B9E04FF0FF392878012846
:105E600006D0022830D0032841D004287CD152E04B
:105E7000274607EB5707A86A00EB5721284601F091
:105E80005BF900B1A1E038467F1CC0F3080105F1C1
:105E90003C0010F80180A86A00EB5721284601F069
:105EA0004BF900B191E0C7F3080105F13C00405CFB
:105EB00048EA002804F0010010B14FEA181001E090
:105EC000C8F30B00814680E0A86A00EB1421284645
:105ED00001F032F900B178E040F2FF1101EA44022A
:105EE00005F13C01501800F089FB81466DE0A86A7D
:105EF00000EBD411284601F01FF900B165E040F233
:105F0000FF1101EA840205F13C01501800F039FB51
:105F100020F0704959E00023D6E904105940584058
:105F2000014301D0B06808B9F07990BBB068A4EB28
:105F3000000AD6E904305A1E60F10000CDE90020C5
:105F40004FF400720023DDE90001FAF7BEF9698918
:105F5000B0FBF1FBF07902280AD1DA4508D8DA451E
:105F600003D16FF0004001E02CE0601C81462CE082
:105F7000F079032805D1B069504502D904F101092F
:105F800023E0F079022819D0F06918B16FF00049C8
:105F900013E014E0A86A00EBD411284601F0CCF815
:105FA00000B112E040F2FF1101EA840205F13C0168
:105FB000501800F0E6FA20F0004906E000BF4FF06C
:105FC000010902E04FF0010900BF00BF4846BDE8EB
:105FD000FC9F0020704770B504464FF0FF302668E4
:105FE0003146324601B970BD00BF12F8013B202B8B
:105FF00001D33A2BF9D13A2B11D102250E78302E4C
:1060000008DB0E78392E05DC8E1C964202D10E7804
:10601000A6F13005022D01DA28462260E3E70020D0
:1060200000BFE0E7F0B503461C6A5D6A00200DE0A2
:106030000126864016403EB187000F26BE40B4437D
:10604000860001FA06F63443461CB0B20828EFD3A6
:10605000082011E00126864016405EB1A0F1080636
:10606000B7000F26BE40B543A0F10806B60001FAFE
:1060700006F63543461CB0B21028EBD31C625D62B5
:10608000F0BDC16270470AB1816100E08162704772
:1060900010B54FF4F8520C211848FFF7C3FF042243
:1060A0000C211748FFF7BEFF4FF470630122022155
:1060B000124800F02FF84FF47063012200210F48BE
:1060C00000F04FF84FF48053002202210B4800F0FB
:1060D00021F84FF4805301220021084800F041F8D4
:1060E000042301220221064800F014F804230122AF
:1060F0000021034800F035F810BD00000008024000
:10610000000C024002461069084008B101207047A7
:106110000020FCE7F0B504460D4616462168E2680B
:10612000002019E0012787401F409FB14FEA400C33
:10613000032707FA0CF7B943470005FA07F7394375
:106140004FEA400C032707FA0CF7BA43470006FA58
:1061500007F73A43471CB8B21028E3D32160E26046
:10616000F0BDF0B50C461546012C03D146681E4320
:10617000466002E046689E434660826800210DE06A
:1061800001268E401E403EB14F000326BE40B24362
:106190004E0005FA06F632434E1CB1B21029EFD379
:1061A0008260F0BD10B50220FDF738FE10BD000082
:1061B00010B540F6014002F04DFA40F6014002F001
:1061C00049FA4FF48073012211460D48FFF7A2FFF0
:1061D0004FF48073022200210948FFF7C2FF4FF4F9
:1061E0000073012211460648FFF794FF4FF4007335
:1061F000022201210248FFF7B4FF00F063F810BD4E
:106200000004024070B50446002526E000BFE00906
:1062100028B1012251021648FFF735FF05E00022A0
:106220004FF400711248FFF72EFF00BFFFF7BAFFCF
:1062300000BF012211020E48FFF725FF00BFFFF744
:10624000B1FF00BF00224FF480710948FFF71BFF28
:1062500000BF6006040E681CC5B2082DD6DB00BF67
:10626000012251020248FFF70EFF00BF70BD00007F
:106270000004024010B500BF012251021048FFF790
:1062800002FF00BF00BF012211020D48FFF7FBFE15
:1062900000BFFFF787FF00BF00224FF400710848DE
:1062A000FFF7F1FE00BFFFF77DFF00BF00224FF4B4
:1062B00080710348FFF7E7FE00BFFFF773FF10BDD3
:1062C0000004024010B500BF00224FF400710C48DA
:1062D000FFF7D9FE00BFFFF765FF00BF01221102E3
:1062E0000748FFF7D0FE00BFFFF75CFF00BF0122A9
:1062F00051020348FFF7C7FE00BFFFF753FF10BD71
:106300000004024010B5002400BF012251020D48D4
:10631000FFF7B9FE00BFFFF745FF00BF01221102E2
:106320000848FFF7B0FE00BFFFF73CFF00BF0022A8
:106330004FF480710348FFF7A6FE00BFFFF732FF5E
:10634000204610BD0004024070B505460C46296980
:1063500001F1340000F015F9A060296901F138005D
:1063600000F01BF9C4E90401286990F8210000F04D
:106370000200E0710020E06170BD000010B540F641
:10638000014002F067F940F6044002F063F940F67C
:10639000044002F05FF940F6044002F05BF940F679
:1063A000044002F057F940F6044002F053F94FF46C
:1063B000406002F04FF901231A4600211548FFF70B
:1063C000A9FE8023012200211348FFF7A3FE4FF40A
:1063D0000073012200211048FFF79CFE4FF4006378
:1063E000012200210C48FFF795FE4FF400530122D3
:1063F00000210948FFF78EFE4FF4004301220021DF
:106400000548FFF787FE01231A4600210348FFF7DE
:1064100081FE10BD00040240001002400000024056
:1064200070B50446002514B101204849087047485A
:10643000007800285CD001214548FFF763FE10B3C7
:1064400080214448FFF75EFEE8B14FF400714148F7
:10645000FFF758FEB8B14FF400613E48FFF752FE17
:1064600088B14FF400513B48FFF74CFE58B14FF450
:1064700000413848FFF746FE28B101213648FFF7B2
:1064800041FE002834D10A20FDF7BEFC00202F4930
:10649000087001212E48FFF735FE00B90125802143
:1064A0002C48FFF72FFE00B902254FF40071294850
:1064B000FFF728FE00B903254FF400612548FFF7D8
:1064C00021FE00B904254FF400512248FFF71AFEBF
:1064D00000B905254FF400411E48FFF713FE00B92F
:1064E000062501211C48FFF70DFE68BB07252BE0A0
:1064F00001211748FFF706FE012825D18021154804
:10650000FFF700FE01281FD141021248FFF7FAFDF4
:10651000012819D1C1020F48FFF7F4FD012813D15A
:1065200041030C48FFF7EEFD01280DD1C1030948D6
:10653000FFF7E8FD012807D101210748FFF7E2FD39
:10654000012801D101490870284670BD4A00002089
:1065500000040240001002400000024070B50546F1
:106560000C4604F11A0000F049F806462878032882
:1065700005D104F1140000F041F846EA0046304627
:1065800070BD0146C8788A7842EA00204A7842EA1B
:1065900000200A7842EA0020704770B50246D3799D
:1065A0000024250245EA1364907940EA032325027A
:1065B00045EA1364507940EA0323250245EA13644F
:1065C000107940EA0323250245EA1364D07840EAB3
:1065D0000323200240EA1364917841EA0323210255
:1065E00041EA1364507840EA0323250245EA136424
:1065F000117841EA03231846214670BD01464878C8
:106600000A7842EA0020704710B540F6034002F0D5
:1066100021F840F6034002F01DF840F6034002F076
:1066200019F840F6034002F015F840F6014002F078
:1066300011F840F6014002F00DF802231A4601213C
:106640003748FFF767FD02231A4600213448FFF759
:1066500088FD0823022201213148FFF75BFD082352
:10666000022200212E48FFF77CFD20230222012177
:106670002B48FFF74FFD2023022200212848FFF777
:1066800070FD8023022201212548FFF743FD80236E
:10669000022200212248FFF764FD1023022201217B
:1066A0002048FFF737FD1023022200211D48FFF785
:1066B00058FD4023022201211A48FFF72BFD4023F9
:1066C000022200211748FFF74CFD00BF00220221E3
:1066D0001348FFF7D8FC00BF00BF00220821104874
:1066E000FFF7D1FC00BF00BF002220210C48FFF7BC
:1066F000CAFC00BF00BF002280210948FFF7C3FC8D
:1067000000BF00BF002210210648FFF7BCFC00BFFD
:1067100000BF002240210348FFF7B5FC00BF10BDB9
:10672000000C02400004024070B504460D46286883
:106730002060286AA06095F82400E071686A20F063
:10674000FF000021C4E904010020E061A86AE064C0
:106750002046E16CFDF7FFFE06461EB9204600F01C
:1067600003F80646304670BD2DE9F0470446206820
:106770000669A16B206800F0DFFC054615B12846CC
:10678000BDE8F087E06B0078852801D00220F7E7AC
:1067900020223046E16BFAF72DF97078401C4FEA61
:1067A0004018B8F1600F02D3B8F5187F01D9022064
:1067B000E6E700212046FDF7C8FC0546042D00D180
:1067C00002250DB12846DBE7A16B206800F0B4FC80
:1067D00005460DB12846D3E7E06B0078C02801D00C
:1067E0000220CDE7202206F12000E16BFAF702F942
:1067F00096F823002C300F21B0FBF1F0B8EB401FCE
:1068000001D20220BCE7402700BF00212046FDF74F
:106810009CFC0546042D00D102250DB12846AFE7AA
:10682000A16B206800F088FC05460DB12846A7E75B
:10683000E06B0078C12801D00220A1E7B7F5187FEE
:1068400004D2F0192022E16BFAF7D4F807F1200006
:1068500007464045D9D3B7F5187F0AD8304605F02A
:106860000CFF8146B01CFFF7C9FE814501D0022014
:1068700086E7002084E70000ADF5147DF020FDF7E9
:10688000ADFA4FF4E13005F025FEFFF7BDFEFFF74E
:1068900075FD01F06BF8FCF71FFD00F07BFD02F0C9
:1068A000E3F8772140F2E73005F086FC01229DA154
:1068B00005A8FEF711FB01F0AFFF9BA0F9F77CFDE7
:1068C0009FA0F9F779FDA4A0F9F776FDA948C06863
:1068D000401CA849C86002F0DDFAA7A004F010FF30
:1068E00000F0C8FF00BF1CE10020FFF799FD04463F
:1068F000082C2BD2DFE804F02A040D11152A2A19DE
:10690000A148007810B104F0E7FD01E004F05EFD5D
:106910001CE00520FCF7D8FD18E00A20FCF7D4FDA8
:1069200014E00F20FCF7D0FD10E09848007808B97B
:10693000012000E0002095490870097809B194A170
:1069400000E097A1084604F0DBFE00BF00BF9948B5
:10695000008800F4004000286FD096480088C0F3FB
:106960000D0600209449885592490880924D93A1C4
:106970002846FAF707F910B905F012FA96E00A224C
:1069800090A12846F9F7DFFF20B905F10B0004F0CC
:1069900037FB8BE08EA12846FAF7F4F8A8B903A8D4
:1069A000FFF73EFA9DF811009DF810109DF80F209A
:1069B000CDE9002102909DF80E309DF80D209DF844
:1069C0000C1085A0F9F7F8FC70E08FA12846FAF7C3
:1069D000D9F810B901F080FE68E08DA12846FAF7D9
:1069E000D1F810B904F04CFA60E08BA12846FAF710
:1069F000C9F810B904F084F958E089A12846FAF7DB
:106A0000C1F810B902F046FA50E088A12846FAF71A
:106A1000B9F810B901F000FF48E087A12846FAF75D
:106A2000B1F810B904F0D2FC40E085A12846FAF78D
:106A3000A9F818B904F050FD38E038E082A12846E2
:106A4000FAF7A0F830B901208149087081A0F9F760
:106A5000B3FC2BE086A12846FAF794F830B9002061
:106A60007B49087084A0F9F7A7FC1FE089A128469C
:106A7000FAF788F8D0B94548007808B9012000E055
:106A80000020424908700846007808B142A000E0A2
:106A900045A0014681A0F9F78FFC3C49097809B16E
:106AA0003BA100E03EA1084604F02AFE00BF80485A
:106AB0000078E8B134480078D0B100207C490870F3
:106AC0007C48007808B9012000E00020794908706E
:106AD00000BF0846007828B1012202217648FFF75E
:106AE000D2FA04E0002202217348FFF7CCFA00BF7B
:106AF0007248007838B10020704908702248007848
:106B000008B105F087FB6E48007838B11E48007860
:106B100020B100206A49087001F0F2F80120FDF769
:106B200073F9E1E6303A00003D3D3D3D3D73797338
:106B300074656D20696E69743D3D3D3D3D0D0A00F3
:106B40004465766963655F49443A323032352D4396
:106B5000494D430D0A0000003D3D3D3D3D737973B5
:106B600074656D2072656164793D3D3D3D3D0D0A62
:106B7000000000000000002053797374656D2073DD
:106B8000746172746564000010000020120000201F
:106B9000456E637279707420656E61626C65640025
:106BA000456E63727970742064697361626C6564A8
:106BB0000000000048000020320A00207465737451
:106BC0000000000052544320436F6E666967000066
:106BD000525443206E6F770043757272656E742055
:106BE00054696D653A3230253032642D2530326477
:106BF0002D2530326420253032643A253032643A13
:106C0000253032640D0A0000636F6E6600000000DC
:106C1000726174696F0000006C696D697400000036
:106C2000636F6E666967207361766500636F6E6679
:106C3000696720726561640073746172740000009A
:106C400073746F70000000006869646500000000E4
:106C50002000002048696465206F75747075742089
:106C60006D6F646520656E61626C65640D0A00007D
:106C7000756E68696465000048696465206F7574A5
:106C8000707574206D6F64652064697361626C65F2
:106C9000640D0A00656E637279707400456E6372EC
:106CA000797074206D6F64652025730D0A000000F3
:106CB0002D00002018000020000C02402E000020B3
:106CC0002C0000202DE9F74F8CB000210D980160B9
:106CD0000C98FFF780F90A900A98002803DA0B2035
:106CE0000FB0BDE8F08FFE490A9851F820400CB96A
:106CF0000C20F5E70D9804600E9800F0FE000E9051
:106D0000207878B16078FDF71AFD83460BF001001A
:106D100040B90E9820B10BF0040008B10A20DFE75B
:106D20000020DDE7002020700A9860706078FDF791
:106D300067FC83460BF0010008B10320D0E70E98F2
:106D400020B10BF0040008B10A20C9E70021204659
:106D5000FEF703FF0746042F01D10120C0E7022FF1
:106D600001D30D20BCE7A56B012F76D14FF00B09A5
:106D700001E009F10109B9F1400F05D204F13C002D
:106D800010F809000028F4D0B9F1400F01D20D200D
:106D9000A6E704F1A400FFF731FCB0F5807F01D035
:106DA0000D209DE794F8A81001208840B0F5007FE1
:106DB00001D00D2094E704F18400FFF7EEFB0346B9
:106DC0000846591940F10000CDE90410DDE904102E
:106DD000091E70F1010001D30D2081E704F190003C
:106DE000FFF7CFFB206294F8AA00A070A0780128DA
:106DF00001D00D2074E794F8A9100120884060812B
:106E0000608908B90D206BE704F19800FFF7B9FB22
:106E10000646B4498E4201D90D2061E7B01CE061FD
:106E2000656204F19400FFF7ACFB2844206304F191
:106E30008C00FFF7A6FB2844A0624FF0000C60898D
:106E400000FB06F1226B53184CEB0C01DDE904202A
:106E5000D21A884102D20D2042E76CE004F19C0076
:106E6000FFF78FFBE06200208146039000BFB9F17D
:106E7000000F16D161890398814201D80D202FE7B8
:106E80002046E16AFCF77FFC039908440146019023
:106E9000204600F051F908B1012021E70398401C79
:106EA000039004F13C0010F80900812800D104E0AF
:106EB00009F12000C0F30809D9E700BF04F13C0143
:106EC000494401F11400FFF75CFB8046B8F1020F62
:106ED00002D3E069404501D80D2001E76289A8F19D
:106EE0000200216B02FB0010606300BFA06A00EB90
:106EF000D811204600F020F908B10120F0E608F092
:106F00007F0104F13C0202EB8100FFF73AFB0290A3
:106F10000298401C00B907E008F101008046029980
:106F20008842E3D00D20DBE600BF4FF0FF30A061C8
:106F300060610427F0E004F14700FFF75FFBB0F564
:106F4000007F01D00D20CBE604F15200FFF756FB85
:106F50008246BAF1000F04D104F16000FFF711FB83
:106F60008246C4F820A04C20005DA070A0780128C3
:106F700004D0A078022801D00D20B1E6A0780AFB49
:106F800000FA4920005D6081608918B16089411E66
:106F9000084008B10D20A3E604F14D00FFF72EFBD9
:106FA0002081207A00F00F0008B10D2098E604F14E
:106FB0004F00FFF723FB0990099820B904F15C000A
:106FC000FFF7DFFA099004F14A00FFF717FB06907C
:106FD000069808B90D2083E606985044218900EBF5
:106FE00011100890DDE90801814201D20D2077E6F9
:106FF000DDE90810401A6189B0FBF1F60EB90D20E9
:107000006EE600273848864200D803274FF6F57011
:10701000864200D8022740F6F570864200D8012744
:107020000FB90D205CE6B01CE0616562069828444B
:10703000A062089828442063032F13D104F166004E
:10704000FFF7DCFA08B10D204AE6208908B10D20CF
:1070500046E604F16800FFF794FAE062E069800018
:10706000079014E0208908B90D2039E6A06A504441
:10707000E062022F02D1E069400007E0207F00F0CB
:107080000100E16901EB410100EB51000790216A29
:10709000079800F2FF10B1EB502F01D20D201FE630
:1070A0004FF0FF30A061606180202071032F33D149
:1070B00004F16C00FFF7A2FA01282DD1691C2046CB
:1070C00000F03AF840BB0020207104F23A20FFF7AC
:1070D00095FA4AF6552188421ED104F13C0005E09C
:1070E00074000020FDFFFF7FF5FFFF0FFFF749FA57
:1070F0000E49884210D104F50870FFF742FA0C4996
:10710000884209D104F50970FFF73BFAA06104F544
:107110000A70FFF736FA6061277006480088401C45
:1071200080B204490880E0800020D9E552526141D4
:10713000727241617C00002070B504460D46002645
:10714000A06BA84210D0204604F07CFD06465EB934
:10715000607801232A4604F13C01FDF7B1FA10B131
:107160004FF0FF350126A563304670BD2DE9F04193
:1071700004460E461548005D38B9144818380168B1
:10718000204688470120BDE8F081114850F82400CE
:10719000B04219D90F4850F82400B6FBF0F10B4863
:1071A000083850F8240030F81120002508E00023AA
:1071B0000648083850F824004F1920F817306D1C85
:1071C0009542F4DB0020DEE70220DCE79800002097
:1071D000389203083092030830B504460225084966
:1071E00051F8241001FB05F2064951F82400002152
:1071F00000F07EF8012103480830015530BD000041
:1072000028920308900000202DE9F04704460F461D
:107210000025A9462348005D20B922481838016896
:10722000204688471FB94FF0FF30BDE8F0871E4861
:1072300050F82400B7FBF0F61B4850F82400B7FBC9
:10724000F0F100FB117000B1761C184850F82400D2
:10725000451E22E01348083850F8240030F8150085
:1072600010B909F1010901E04FF00009B14513D14E
:107270004FF0000809E00B48083850F8240005EBEF
:10728000080220F8126008F10108B045F3D306485F
:1072900050F824006843C8E76D1E002DDADA4FF07D
:1072A000FF30C2E7980000203092030828920308BC
:1072B00010B501460023002207E00B4850F82100DA
:1072C00030F8120000B15B1C521C084850F8210035
:1072D0009042F2D84FF47A705843044C54F821404D
:1072E000B0FBF4F080B210BD90000020289203089B
:1072F00030B5034601E003F8011B141EA2F10102A0
:10730000F9D130BD70B505460C4604B970BD0548CD
:1073100050F82500261A31462846FFF727FF00BF00
:10732000F4E700008800002070B504460E463146A0
:107330002046FFF769FF0546681C08B9002070BDAC
:10734000024850F824002844F9E700008800002093
:1073500010B50446240300F079F900F011F900BFDC
:1073600000224FF480510A48FEF78DFE00BF202016
:1073700003F016FF204600F0E7F800BF01221103DA
:107380000348FEF780FE00BF00F0FAF810BD0000D1
:107390000004024010B540F6014001F05BF94FF4E3
:1073A0008053012211462548FEF7B4FE4FF4805366
:1073B000032200212148FEF7D4FE00BF0122110361
:1073C0001E48FEF760FE00BF03F078FE002003F0C9
:1073D00003FF00F063F81A490880084600884EF65B
:1073E0001871884223D1032000F080F8044604F08D
:1073F0000100E0B900F02AF944F00204214603201C
:1074000000F088F91420FCF7FFFC00BF00224FF4C5
:1074100080510A48FEF737FE00BFB72003F0C0FED8
:1074200000BF012211030548FEF72DFE00BF0448EE
:10743000018804A0F8F7C0FF10BD0000000402405E
:107440004C00002049443A25780D0A002DE9F0410E
:1074500005460E46174600BF00224FF480510E48E5
:10746000FEF711FE00BF032003F09AFE304600F045
:107470006BF8002404E0FF2003F092FE2855641C02
:10748000BC42F8D300BF012211030348FEF7FBFD05
:1074900000BFBDE8F08100000004024010B500BF4D
:1074A00000224FF480511048FEF7EDFD00BF902000
:1074B00003F076FE002003F073FE002003F070FE60
:1074C000002003F06DFEFF2003F06AFE0402FF209F
:1074D00003F066FE044300BF012211030248FEF7D9
:1074E000D2FD00BF204610BD0004024070B5044626
:1074F00000250026012C04D0022C04D0032C06D138
:1075000003E0052605E0352603E0152601E0052603
:1075100000BF00BF00BF00224FF480510948FEF7B2
:10752000B2FD00BF304603F03BFEFF2003F038FE03
:10753000054600BF012211030248FEF7A4FD00BF6B
:10754000284670BD0004024010B504460B48008870
:107550004EF61871884203D1200E03F021FE01E09F
:1075600024F07F44C4F3074003F01AFEC4F307205D
:1075700003F016FEE0B203F013FE10BD4C00002035
:1075800010B500BF0120FFF7B1FF00F00100002897
:10759000F8D110BD2DE9F05F81460F461646DFF8A1
:1075A000A8B04FEA1738C7F30B0ACAF58054A642B1
:1075B00000D8344643E04FEA08314FF48052584631
:1075C000FFF744FF002508E00AEB05001BF8000068
:1075D000FF2800D003E0681C85B2A542F4D300BFA9
:1075E000A54216D24046FFF7B3FE002507E019F882
:1075F000050005EB0A010BF80100681C85B2A542E5
:10760000F5D34FEA08314FF48052584600F034F871
:1076100004E022463946484600F02EF8A64200D142
:107620000EE008F101084FF0000AA1442744361B80
:10763000B6F5805F02D94FF4805400E03446BAE7D3
:1076400000BFBDE8F09F0000FA0C002010B500BF9D
:1076500000224FF480510748FEF715FD00BF0620B9
:1076600003F09EFD00BF012211030248FEF70BFD4F
:1076700000BF10BD000402402DE9F04107460E4650
:107680001446F0B2C0F58075AC4200D8A5B211E046
:107690002A463146384600F011F8AC4200D10AE0E3
:1076A0002F442E44641BB4F5807F02D94FF48075BB
:1076B00000E0A5B2ECE700BFBDE8F0812DE9F041A4
:1076C00005460E461746FFF7C1FF00BF00224FF4E4
:1076D00080510F48FEF7D7FC00BF022003F060FD89
:1076E0003046FFF731FF002404E0285D03F058FD29
:1076F000601C84B2BC42F8DB00BF012211030448C5
:10770000FEF7C1FC00BFFFF73BFFBDE8F0810000C2
:107710000004024070B504460D460026012C04D03A
:10772000022C04D0032C06D103E0012605E031260B
:1077300003E0112601E0012600BF00BF00BF0022C8
:107740004FF480510848FEF79EFC00BF304603F01E
:1077500027FD284603F024FD00BF01221103024843
:10776000FEF791FC00BF70BD000402402DE9F0411E
:1077700003460D46164600240027A0462A48006806
:1077800000F4E060B0F5E06F03D100BF4FF00408F3
:1077900030E02548006800F4E060B0F5C06F03D128
:1077A00001274FF0030825E01F48006800F4E0605F
:1077B000B0F5A06F02D10227B8461BE01A48006856
:1077C00000F4E060B0F5806F03D103274FF00108AB
:1077D00010E01548006800F4E060B0F5407F03D188
:1077E00004274FF0000805E04FF4A06000F020F8F7
:1077F0000227B846C7F1040005FA00F4C8F10401F5
:107800000F20C8403040044324010848C45403F00A
:107810001F01012088405911890001F1E021C1F8C0
:107820000001BDE8F08100000CED00E000E400E0A4
:1078300002490143024A1160704700000000FA0546
:107840000CED00E070B500240CE0002506E00020FF
:10785000074901EB85010855681CC5B2802DF6DB90
:10786000601CC4B2082CF0DB00F0EAF870BD000028
:10787000FA0A002000B58BB01948007820B309A897
:10788000FEF7CEFA9DF8290000909DF828309DF86B
:10789000272014A106A8F8F79BFD1648027A16A126
:1078A00002A8F8F795FDFFF7CDFF0C2306AA0021EB
:1078B000084600F089F90C2302AA1021002000F0EC
:1078C00083F900F0BDF809E0FFF7BCFF0C230CA220
:1078D0000021084600F078F900F0B2F80BB000BDC6
:1078E00010000020253032643A253032643A2530C9
:1078F00032640000000000204359433A25647300BD
:1079000073797374656D2069646C6500F0B5144615
:1079100000267F2801DC1F2900DDF0BD0B46CF17B4
:1079200001EB5777C7F3C702CF1701EB5777FF106B
:10793000A1EBC707FDB20123AB40DEB24CB10A4B4D
:1079400003EB80039B5C3343074F07EB8007BB547B
:1079500008E0054B03EB80039B5CB343024F07EB4E
:107960008007BB5400BFD8E7FA0A002010B5FEF725
:107970001FFC0021AE2000F056F90021D52000F0B8
:1079800052F90021502000F04EF90021A82000F00B
:107990004AF900211F2000F046F90021D32000F011
:1079A00042F90021084600F03EF90021402000F095
:1079B0003AF900218D2000F036F90021142000F062
:1079C00032F90021202000F02EF90021022000F0E1
:1079D0002AF90021A12000F026F90021C82000F09A
:1079E00022F90021DA2000F01EF90021022000F027
:1079F0001AF90021812000F016F90021EF2000F093
:107A000012F90021D92000F00EF90021F12000F038
:107A10000AF90021DB2000F006F90021302000F0F7
:107A200002F90021A42000F0FEF80021A62000F0B9
:107A3000FAF80021AF2000F0F6F8FFF703FF10BDC1
:107A400070B500242BE004F1B001C8B2002100F0B1
:107A5000EAF80021084600F0E6F80021102000F0C6
:107A6000E2F8FEF707FC7820FEF7CCFBFEF74AFCB5
:107A70004020FEF7C7FBFEF745FC002509E0094959
:107A800001EB8501085DFEF7BDFBFEF73BFC681CC2
:107A9000C5B2802DF3DBFEF715FC601CC4B2042CCC
:107AA000D1DB70BDFA0A00202DE9FE4F80460D465D
:107AB00016461C46DDF83090AB460020019020466B
:107AC000E31704EB5373DB1021464FEAE47C04EB2D
:107AD0005C7C4FEAEC0CA4EBCC0CBCF1000F02D0A8
:107AE0004FF0010C01E04FF0000C6344224604EB20
:107AF000D27C4FEA6C0C03FB0CF3DBB20093A6F1D3
:107B00002000C6B22819202801DDBDE8FE8F0C2C0C
:107B100006D106EB4600294901EB8000019010E0F8
:107B2000102C04D1264800EB0610019009E0182C17
:107B300006D106EBC600234901EB8000019000E06E
:107B4000E3E7002734E00198C05D02904FF0000A9F
:107B500028E0029800F0800028B14A4629464046B5
:107B6000FFF7D4FE0AE0B9F1000F01D1012000E0D7
:107B70000020024629464046FFF7C8FE029840060C
:107B8000000E0290681CC5B2A5EB0B00A04205D107
:107B90005D4608F1010000F0FF0806E00AF101006F
:107BA00000F0FF0ABAF1080FD3DB00BF781CC7B2A0
:107BB00000988742C7DB00BFA7E7000038CD000868
:107BC000ACD100089CD70008F8B506460F4615460C
:107BD0001C4621E004EBD4714910C1F18001B1428F
:107BE00002DA00263819C7B2C4F14000B84204DAFC
:107BF000002006460746FFF725FE012000902A7860
:107C0000234639463046FFF74FFF204604EBD0713C
:107C100006EB6101CEB26D1C28787E2802DC287844
:107C20002028D7DAF8BD70B505460C46FEF722FBD2
:107C30007820FEF7E7FAFEF765FB1CB90020FEF797
:107C4000E1FA02E04020FEF7DDFAFEF75BFB284692
:107C5000FEF7D8FAFEF756FBFEF734FB70BD0000C6
:107C60002DE9F04780460C4604F11A00FEF7C6FCE9
:107C700010B10020BDE8F087207820F04000401EC1
:107C800000EB800101EBC0054FF00109002619E06F
:107C90001549895D0819FEF7B1FC0746B9F1000FD7
:107CA00009D0FF2D01D90020E4E7B94628466D1C14
:107CB00028F8107005E04FF6FF70874201D00020D1
:107CC000D8E7761C0D2EE3D3207800F0400048B1B1
:107CD000B9F1000F06D0FF2D01D90020CAE700201E
:107CE00028F815000120C5E718E6000803480068D9
:107CF00040F4807001490860704700000070004047
:107D0000F0B52DED028B89B007A8FEF789F855482C
:107D1000006804F013FF41EC180B8DED048B9DF807
:107D200021009DF820109DF81F20CDE90021029030
:107D30009DF81E309DF81D209DF81C104AA0F8F7F4
:107D40003BFB0025534890ED010AF2EE040A80EE59
:107D5000201A444890ED000AB4EEC01AF1EE10FA71
:107D60001CD200BF012208214B48FEF78CF900BF4E
:107D70000125484890ED010A10EE101A084604F05B
:107D8000DDFE41EC180B53EC182B44A0F8F714FB64
:107D9000344890ED000A03F063FD15E03D4890ED96
:107DA000010AF2EE040A80EE201A2E4890ED000A35
:107DB000B4EEC01AF1EE10FA06DB00BF0022082173
:107DC0003548FEF760F900BF39A0F8F7F5FA284604
:107DD000244991ED000A03F0F3FD3648007850B1D4
:107DE00007A8FBF7A3FF04461E4890ED000A2046B3
:107DF00003F0E4FB00BF3048007878B307A8FBF736
:107E000095FF0746174890ED000ABCEEC00A10EE39
:107E1000100A84B21348D0ED000A00EE104AB8EE02
:107E2000400A30EEC00ADFED250A20EE200ABCEE43
:107E3000C00A10EE100A86B223463A4620A102A8D4
:107E40000096F8F7C5FA25B102A921A0F8F7B4FA0F
:107E500003E002A920A0F8F7AFFA00BF09B0BDEC1B
:107E6000028BF0BD300000203230253032642D25E9
:107E70003032642D2530326420253032643A25308A
:107E800032643A2530326420636830203D20252E4C
:107E90003266560000000020000C0240204F76653C
:107EA000724C696D697428252E3266292100000004
:107EB0000D0A000012000020200000200000804772
:107EC000253038582530345825303458000000000B
:107ED00025732A0D0A00000025730D0A000000001A
:107EE0002DE9F04704460D4616464FF00209022DD3
:107EF00077D3E069A84274D92078012806D00228F7
:107F00004BD0032861D004280DD15FE02F4607EB4A
:107F10005707A06A00EB57212046FFF70DF981466D
:107F2000B9F1000F00D079E038467F1CC0F308019A
:107F300004F13C0001EB000805F0010028B1F1B2AA
:107F400098F8000061F31F1000E0304688F8000048
:107F50000120E070A06A00EB57212046FFF7ECF803
:107F60008146B9F1000F00D058E0C7F3080104F1D1
:107F70003C0001EB000805F0010010B1C6F307104A
:107F800006E098F8000000F0F000C6F30321084373
:107F900088F800000120E07040E0A06A00EB1521A5
:107FA0002046FFF7C9F88146B9F1000F00D035E04F
:107FB000B1B240F2FF1202EA450304F13C02981804
:107FC00003F0FEF90120E07028E000BFA06A00EB9A
:107FD000D5112046FFF7B0F88146B9F1000F01D066
:107FE0001CE01CE0207804280BD040F2FF1101EACD
:107FF000850204F13C015018FEF7C3FA66F31B003A
:10800000064640F2FF1101EA850204F13C015018D6
:10801000314603F09BF90120E07000BF00BF4846E5
:10802000BDE8F0872DE9F04707460C46154698460F
:1080300084F80D800F20E07200202073002104F1ED
:108040001A0003F0BDF9681E00EB800101EBC009C6
:1080500000200646824600BF4FF6FF70864204D0DD
:10806000484609F1010937F810600D4911F80A1066
:108070000819314603F0A4F90EB94FF6FF760AF15C
:10808000010082460D28E7D34FF6FF70864202D0EA
:1080900037F8190008B945F040052570BDE8F087AC
:1080A00018E600082DE9F04105461D2700240026AA
:1080B0001A48046801E01948046804F045000028E3
:1080C000F9D004F0010030B11127012002F040FD89
:1080D0003846BDE8F08104F0040028B113270420DD
:1080E00002F036FD3846F4E702F09CFCA84202D0CC
:1080F00008273846EDE70A4802F02AFD002002F082
:108100006DFD06460748304010B91D273846E0E7A8
:10811000304600F009F807463846DAE7342C0140CB
:10812000FF07C00008E0F9FD01461C2001F00042F5
:108130000AB100204EE001F080420AB1012049E07E
:1081400001F000520AB1022044E001F080520AB16D
:1081500003203FE001F000620AB104203AE001F0A0
:1081600080620AB1052035E001F080720AB1062074
:1081700030E001F400020AB107202BE001F4800294
:108180000AB1082026E001F400120AB1092021E01A
:1081900001F480120AB10A201CE001F400220AB1A5
:1081A0000B2017E001F480320AB10C2012E001F438
:1081B00000420AB10D200DE001F480420AB10E2008
:1081C00008E001F400520AB10F2003E001F00802B8
:1081D00002B110207047000070B51D250024104822
:1081E000046801E00E48046804F045000028F9D056
:1081F00004F0010028B11125012002F0A9FC284655
:1082000070BD04F0040028B11325042002F0A0FC86
:108210002846F5E7034802F09BFC2846F0E70000FB
:10822000342C0140FF07C00070B51D2500240B4809
:10823000046801E00948046804F045000028F9D00A
:1082400004F0040028B11325042002F081FC284624
:1082500070BD034802F07CFC2846F9E7342C01404D
:10826000FF07C0002DE9F04107460E464FF01D08FC
:10827000002500242348056801E02248056805F030
:1082800045000028F9D005F0010038B14FF0110881
:10829000012002F05DFC4046BDE8F08105F00400DD
:1082A00030B14FF01308042002F052FC4046F3E7CF
:1082B00002F0B8FBB84203D04FF008084046EBE7A5
:1082C000114802F045FC002002F088FC044604F44A
:1082D000604018B9200C30804046DDE704F40040CF
:1082E00010B14FF007080AE004F4804010B14FF0DD
:1082F000080804E004F4005008B14FF00B084046B1
:10830000CAE70000342C0140FF07C00038B51C2527
:108310000024134800901348046804E011480468DE
:108320000098401E009004F0450010B90098002805
:10833000F4D104F0040008B9009828B913250420EA
:1083400002F006FC284638BD04F0400028B11D2587
:10835000402002F0FDFB2846F5E72846F3E7000041
:10836000A0860100342C01402DE9F04F8CB0064668
:1083700000200A903EA090E8004CC068CDE905BE00
:10838000CDF810A007900FF2EC0ADAE9000ACDE967
:10839000020A0FF2E00ADAE9000ACDE9000A3848D9
:1083A0000068C0F381000B900B9820B1012804D025
:1083B000022828D103E0334927E0334925E030483B
:1083C000001F006800F03F072D48001F0068C0F341
:1083D000881C2B48001F0068C0F30140401C4FEA76
:1083E00040092748001F006800F48008B8F5800F96
:1083F00001D1254B00E0234BB3FBF7F000FB0CF061
:10840000B0FBF9F101E01F4900BF00BF1C48006844
:10841000C0F3031404A8055D21FA05F218480068AA
:10842000C0F3822402A8055D22FA05F009901448E1
:108430000068C0F342341DF8045022FA05F0089099
:1084400036B1012E06D0022E06D0032E0AD106E048
:108450000A9108E00A9206E009980A9003E0089859
:108460000A9000E000BF00BF0A980CB0BDE8F08F92
:1084700000000000000000000102030406070809D4
:10848000083802400024F40040787D0110B540F621
:10849000024000F0DFF840F6034000F0DBF841F264
:1084A0000B1000F0D7F840F6164000F0D3F810BDDE
:1084B0000146074A02EB9110D0F8000801F01F03B3
:1084C00001229A40104008B1012070470020FCE7CB
:1084D00000300240074A02EB9011D1F8001800F07A
:1084E0001F0301229A401143024B03EB9012C2F882
:1084F0000018704700300240F0B5064600240027FF
:1085000000251C2E7DD007DCB6B3102E10D0182EFF
:1085100067D01A2E76D176E0B6F5E05F19D0B6F5C1
:10852000E85F4CD0A6F5405010380028F2D134E076
:1085300004E01120FFF7BCFF0546641C1DB94FF68F
:10854000FF708442F5D11120FFF7B2FF00B101277F
:108550007AE005E041F60140FFF7AAFF0546641CFA
:108560001DB96FF070408442F4D141F60140FFF72D
:108570009FFF00B1012767E0FFE704E00120FFF75C
:1085800097FF0546641C15B9B4F5A06FF6D101201C
:10859000FFF78EFF00B1012756E005E043F211001E
:1085A000FFF786FF0546641C15B929488442F5D1BA
:1085B00043F21100FFF77CFF00B1012744E005E022
:1085C00041F60150FFF774FF0546641C15B92048B9
:1085D0008442F5D141F60150FFF76AFF00B101274F
:1085E00032E004E01920FFF763FF0546641C15B96B
:1085F00017488442F6D11920FFF75AFF00B101272E
:1086000022E010E01FE004E01B20FFF751FF0546C9
:10861000641C15B90E488442F6D11B20FFF748FFB1
:1086200000B1012710E004E01D20FFF741FF0546DF
:10863000641C15B906488442F6D11D20FFF738FFA7
:1086400000B1012700E000BF00BF3846F0BD0000C8
:10865000FFFF0F00074A02EB9011D1F8001800F05D
:108660001F0301229A401143024B03EB9012C2F800
:108670000018704700300240074A02EB9011D1F811
:10868000001800F01F0301229A409143024B03EBB4
:108690009012C2F80018704700300240074A02EBFF
:1086A0009011D1F8001800F01F0301229A401143E5
:1086B000024B03EB9012C2F80018704700300240E2
:1086C000044A116821F4407141EA0002014B1A602A
:1086D000704700007038024010B52DED028BADF5EB
:1086E000267D012228A110A8FCF720FC04463CB1FD
:1086F00028A0F7F761FE0DF5267DBDEC028B10BDBD
:1087000033E02CA16846F8F7C1F8A0B12B4A2CA1A0
:108710006846F7F7EDFF294890ED000A10EE101AB1
:10872000084604F00BFA41EC180B53EC182B27A069
:10873000F7F742FE19E029A16846F8F7A7F8A0B1BB
:108740001E4A121D27A16846F7F7D2FF1B4890ED7D
:10875000010A10EE101A084604F0F0F941EC180B6B
:1087600053EC182B22A0F7F727FE10AA40216846E9
:10877000FCF7B9FA0028C4D110A8FCF7A1FA20A090
:10878000F7F71AFE00BFB6E7636F6E6669672E697A
:108790006E690000636F6E6669672E696E69206698
:1087A000696C65206E6F7420666F756E642E0D0A9D
:1087B00000000000526174696F000000000000209A
:1087C000436830203D202566000000005261746936
:1087D0006F203D20252E31660D0A00004C696D6921
:1087E00074000000636830203D2025660000000012
:1087F0004C696D6974203D20252E31660D0A0000FC
:10880000636F6E6669672072656164207375636368
:108810006573730D0A00000010B52DED028B84B056
:10882000102200216846FEF711FE9DED000AB5EE0C
:10883000C00AF1EE10FA1CDB9DED000ADFED1F0A05
:10884000B4EEE00AF1EE10FA13D89DED010AB5EE90
:10885000C00AF1EE10FA0CDB9DED010ADFED180AFB
:10886000B4EEE00AF1EE10FA03D816489DE81E00B7
:108870001EC015A0F7F7A0FD124890ED000A10EEFB
:10888000101A084604F05AF941EC180B53EC182B57
:1088900015A0F7F791FD0B4890ED010A10EE101AA4
:1088A000084604F04BF941EC180B53EC182B12A0BE
:1088B000F7F782FD04B0BDEC028B10BD0000C8428A
:1088C0000000FA430000002072656164207061724C
:1088D000616D65746572732066726F6D20666C6180
:1088E00073680D0A00000000726174696F3A252EEA
:1088F00031660D0A000000006C696D69743A252E1E
:1089000032660D0A000000002DE9F05F06460F46B2
:1089100090464FF000093568BA46BB46022F02D395
:10892000E869B84202D80220BDE8F09FB8F1000F14
:1089300011D02878042802D1F07902280BD04FF00A
:10894000FF3241462846FFF7CBFA8146B9F1000FC6
:1089500001D04846E8E700BF39463046FDF76FFAD8
:10896000044604B93EE0012C01D10220DCE7601C82
:1089700008B90120D8E7287804280AD0002239460F
:108980002846FFF7ADFA8146B9F1000F01D04846FD
:10899000CAE7D5E90610801E814206D2A869401CAC
:1089A000A861287940F0010028710BF10100A04274
:1089B00001D1A34612E0287804280DD1ABEB0A00C0
:1089C000421C002351462846FAF7E4FD8146B9F1DE
:1089D000000F01D04846A7E7A346A2462746E8690C
:1089E000B842B9D800BF2878042830D1B8F1000FB8
:1089F00002D10020F0712AE0F079D8B9B76811E00F
:108A000039463046FDF71BFA0446022C01D20220FB
:108A10008AE7601C08B9012086E7781C844200D0F0
:108A200002E07F1C4745EBD100BF47450FD1022034
:108A3000F0710CE0F079032809D1B068404506D800
:108A4000B169B0680844404501D30220F0710020AC
:108A50006AE7014600BF081100EB8000420001F008
:108A60000F001044C0B270472DE9F04100250026E8
:108A70000027002441F21C00FFF7ECFDFFF736F958
:108A80002948006884B24FF4E050FFF723FD4FF40B
:108A9000E050FFF731FDB8B94FF4E850FFF71AFD89
:108AA0004FF4E850FFF728FD10B90120BDE8F08130
:108AB0004FF40070FFF704FE40F23F16632547F2C3
:108AC00051001949086009E04FF48070FFF7F8FD84
:108AD000FF267F2547F250001349086041F60F40FA
:108AE000FFF7B8FD00F056F910480068C0F3012701
:108AF00047F25000844202D0401C844200D18FB91A
:108B00000B48058146810020094908610023322273
:108B10003B21172000F096F903230D220B2118208A
:108B200000F068F90020C1E750280040703802408A
:108B3000FC1C002030B50021002200230024154D2C
:108B400029682D1D2A68134D10352B68114D0835E5
:108B50002C68150C0570C2F30425457002F03F0522
:108B60008570C2F34235C570C1F305450571C1F387
:108B70000625457101F07F058571C3F30645058122
:108B8000C3F30E05458101F48005C56004F040057E
:108B9000056130BD002800400146002204E0501C61
:108BA000C2B2A1F10A00C1B20A29F8DA100741EAFB
:108BB00010607047024909688143014A116070479B
:108BC0000C28004001460020024A12680A4002B107
:108BD000012070470C2800402DE9F04104460D4665
:108BE00016461F460B48FFF7A5FF0A490878FFF70E
:108BF00030FF207007494878FFF72BFF28700549A0
:108C00008878FFF726FF30700248C0783870BDE8DA
:108C1000F0810000FC1C00202DE9F04104460D46C7
:108C200016461F460C48FFF785FF0B490879FFF7EA
:108C300010FF207008494879FFF70BFF287006499C
:108C40008879FFF706FF30700348C068C0F387508B
:108C50003870BDE8F0810000FC1C0020F0B504462F
:108C600000250026002720784FF47F0101EA00400C
:108C7000E1784FF4604202EA4131084361784FF4F1
:108C8000F85202EA01210843A17801F03F0140EACD
:108C9000010721794FF47C1202EA0141E0680843A0
:108CA00061794FF4FE4202EA01210843A17901F003
:108CB0007F0140EA0106CA201E490860532008606F
:108CC0004FF6FF701B4908390860091D0860222013
:108CD000184920310860091D086000F02DF805468C
:108CE0001DB320894FF4FE0101EA00406189C1F300
:108CF0000E0108430F49143908600E4824380660F5
:108D0000001D0760001D006820F0400009491C3963
:108D10000860084600682169084306491C39086054
:108D200000F02EF800F036F80546FF2001490860F3
:108D30002846F0BD2428004008B54FF48042009238
:108D4000002100200D4A126802F040029AB90B4A35
:108D5000126842F08002094B1A6000BF074A12688D
:108D600002F04001009A521E00920AB10029F5D08B
:108D700011B1012000E0012008BD00000C280040D6
:108D80000348006820F08000014908607047000037
:108D90000C28004008B54FF400420092002100204A
:108DA000134A126802F0200202BBCA22104B1C3385
:108DB0001A6053221A600E4A121D126822F0200215
:108DC0000B4B1B1D1A6000BF094A121D126802F0EE
:108DD0002001009A521E00920AB10029F4D001B17C
:108DE0000120FF22024B1C331A6000E0012008BD65
:108DF000082800402DE9F04107460C4615461E465E
:108E00004FF000083846FFF7C7FE0D4908702046AE
:108E1000FFF7C2FE0A4948702846FFF7BDFE084921
:108E2000887006F00700C8700846FFF717FF8046F5
:108E3000B8F1000F02D10120BDE8F0810020FBE76E
:108E4000FC1C00202DE9F04107460C4615461E4645
:108E50004FF000083846FFF79FFE0D490871204685
:108E6000FFF79AFE0A4948712846FFF795FE084920
:108E7000887106F00100C8600846FFF7EFFE8046E3
:108E8000B8F1000F02D10120BDE8F0810020FBE71E
:108E9000FC1C002010B52DED028B174890ED000A48
:108EA00010EE101A084603F049FE41EC180B53EC83
:108EB000182B12A0F7F780FA0F4890ED010A10EE78
:108EC000101A084603F03AFE41EC180B53EC182B2D
:108ED0000EA0F7F771FA0020FEF73AFA10220021EF
:108EE0000548FEF757FB0DA0F7F766FA12A002F04F
:108EF00007FCBDEC028B10BD00000020726174699C
:108F00006F203D20252E31660D0A00006C696D69C9
:108F1000743A20252E32660D0A00000073617665D2
:108F200020706172616D657465727320746F206664
:108F30006C6173680D0A0000436F6E666967207389
:108F400061766564000000002DE9FC5F06468846F6
:108F500015461D274FF000094FF0000A4FF0000B97
:108F60000020019034461EB919273846BDE8FC9F01
:108F70001D208149087000208049086080490860F0
:108F800000221146104601F079FD0021084601F04B
:108F900099FD01F0C9FD01F0B3FD002001F01EFEB6
:108FA00000F0007010B106273846DFE775480078FA
:108FB000022802D04FEA482801E04FF40075681EED
:108FC00000EA050A002D1BDDB5F5006F18DCBAF1CB
:108FD000000F15D1284600F03BFE8346402229466B
:108FE000102001F025FD002001F07CFE01F03CFD89
:108FF0001020FFF757F807461D2F04D03846B5E775
:1090000019273846B2E700205F4908605C480560D0
:109010005A4601684FF0FF3001F030FD0221002078
:1090200001F050FD01F08AFD40224146112001F07F
:10903000FFFC002001F056FE01F016FD1120FFF7A5
:1090400031F807461D2F01D038468FE74F4800689A
:1090500001286CD11EE04FF4004001F07FFDC8B143
:109060004FF0000913E001F027FD009000982070F8
:10907000641C0098000A2070641C0098000C20708A
:10908000641C0098000E2070641C09F10109B9F1FC
:10909000080FE8D340F22A6001F060FD0028DAD022
:1090A000022001F05BFD28B11227022001F050FDE3
:1090B00038465BE7082001F051FD28B1142708204D
:1090C00001F046FD384651E7202001F047FD28B168
:1090D0001627202001F03CFD384647E74FF400708A
:1090E00001F03CFD30B117274FF4007001F030FD66
:1090F00038463BE711E001F0DFFC0090009820705B
:10910000641C0098000A2070641C0098000C2070F9
:10911000641C0098000E2070641C4FF4001001F0D5
:109120001DFD0028E7D11A4801F012FD21E0174883
:109130000068E8B940F2293001F02CFD01F0EAFCAA
:1091400029463046FBF7DAFC1248019006E0019808
:10915000401E0190019808B91C2007E72022032136
:109160000D48FBF7D3FB20B901980028EFD100E0B0
:1091700019273846FAE60000680000206C0000203D
:109180006000002058000020640000205C000020E7
:10919000FF07C000A0860100006402402DE9F04FE7
:1091A00087B081468A4615461D26002006908046D7
:1091B0008346059000270490039002904C46B9F135
:1091C000000F04D11926304607B0BDE8F08F1D20EE
:1091D000C64908700020C6490860C64908600022D8
:1091E0001146104601F04AFC0021084601F06AFCD5
:1091F00001F09AFC01F084FC002001F0EFFC00F08B
:10920000007010B106263046DEE7BB480078022821
:1092100002D04FEA4A2A01E04FF40075681E00EAC6
:10922000050B002D1BDDB5F5006F18DCBBF1000F41
:1092300015D1284600F00CFD05904022294610204B
:1092400001F0F6FB002001F04DFD01F00DFC1020B7
:10925000FEF728FF06461D2E04D03046B4E7192637
:109260003046B1E7A5480088010440220D2001F0F6
:10927000DFFB002001F036FD01F0F6FB0D20FEF7CC
:1092800011FF06461D2E01D030469DE7002001F05B
:10929000A5FC03909A4802901AE00298401E0290A2
:1092A00096480088010440220D2001F0C1FB0020F7
:1092B00001F018FD01F0D8FB0D20FEF7F3FE064685
:1092C0001D2E01D030467FE7002001F087FC03907F
:1092D000039800F4807010B902980028DDD102983C
:1092E00008B91C2070E740225146182001F0A0FB6D
:1092F000002001F0F7FC01F0B7FB1820FEF7D2FECA
:1093000006461D2E01D030465EE700207D490860EC
:1093100078480560059A01684FF0FF3001F0AEFB18
:109320000021084601F0CEFB01F008FC76480068F9
:10933000012877D15CE04FF4804001F00FFC002859
:1093400056D06C480068C01B202830D2694800788D
:10935000C01B00F0030008B1012000E000206549B7
:109360000968C91B00EB910004904FF000081AE057
:1093700020780190641C2078019941EA0020019036
:10938000641C2078019941EA00400190641C207817
:10939000019941EA00600190641C019801F0A0FB72
:1093A0003F1D08F101080498804521D2E0E74FF005
:1093B000000819E020780190641C2078019941EAA6
:1093C00000200190641C2078019941EA004001903E
:1093D000641C2078019941EA00600190641C0198A6
:1093E00001F07EFB08F10108B8F1080FE2D3203745
:1093F00040F21A6001F0B2FB00289CD0022001F07C
:10940000ADFB28B11226022001F0A2FB3046DBE6BC
:10941000082001F0A3FB30B11426082001F098FBCE
:109420003046D1E615E0102001F098FB28B1152652
:10943000102001F08DFB3046C6E64FF4007001F0BD
:109440008DFBA8B317264FF4007001F081FB304666
:10945000BAE62D48006860BB40F21A3001F09AFB72
:1094600029464846FBF7A4FB01F054FB2448029030
:1094700006E00298401E0290029808B91C20A3E65C
:10948000202203212148FBF741FA10B90298002855
:10949000EFD100BF1648006818B9144800781D289D
:1094A000F8D0124800781D2807D0104800788BE6C5
:1094B00003E0FFE71926304686E6154801F048FB31
:1094C00006A800F045FB064603E006A800F040FBB6
:1094D00006461D2E07D19DF818000728F5D09DF8E7
:1094E00018000628F1D030466EE600006800002023
:1094F0006C00002060000020580000205A0000206E
:10950000A0860100640000205C000020006402408E
:10951000FF07C00070B504461D25224800780528C5
:1095200002D11B25284670BD1E48007838B11D4861
:109530000078012803D01B480078022830D1B4F508
:10954000805F02D11B252846EDE7B4F5006F12D1EC
:109550004FF4802000F028F805461D2D20D102236D
:1095600000221146104601F039FA204601F028FA8F
:1095700001F0FEFA14E094B94FF4803000F014F8D2
:1095800005461D2D0CD1022300221146104601F084
:1095900025FA204601F014FA01F0EAFA00E0192554
:1095A0002846C0E75800002070B505461D2400205D
:1095B00001F014FB00F0007010B10624204670BDCD
:1095C00036493748008801F015F904461D2C01D0B2
:1095D0002046F4E7B5F5803F2CD13048406828405C
:1095E00028B32F48008801044022372001F020FAD8
:1095F000002001F077FB01F037FA3720FEF752FD2B
:1096000004461D2C01D02046D9E740220021062027
:1096100001F00EFA002001F065FB01F025FA0620AA
:10962000FEF740FD04461D2C02D02046C7E71A2451
:109630002046C4E7B5F5802F2CD118484068284053
:1096400028B31748008801044022372001F0F0F9C0
:10965000002001F047FB01F007FA3720FEF722FD5A
:1096600004461D2C01D02046A9E7402202210620F5
:1096700001F0DEF9002001F035FB01F0F5F90620DC
:10968000FEF710FD04461D2C02D0204697E71A2451
:10969000204694E71924204691E70000500000205E
:1096A0005A00002070B50021002300240020002271
:1096B000244D2D781DB1234D2D78012D2DD1224D16
:1096C000AD88C5F3072101F0030542EA85221E4D4E
:1096D000297942EA8102AD68290E42EA91121A4DB7
:1096E000AD68C5F307418D076B0F174D2D89C5F385
:1096F000072143EAD113144D6D68C5F3074101F00A
:109700000F049D1C012606FA05F5561C05FB06F004
:109710000125A5406843800A13E00A4D2D78022DEB
:109720000FD1094D29798D06AA0A074DAD68290E7A
:1097300042EA0122044DAD68C5F307410A43551CB6
:10974000680270BD58000020581D002030B5014649
:109750001D20002209B9192030BDA84B1B7881F8C3
:109760003830A74B1B88A1F84430A64B1B681A0E53
:109770000A70A44B1B68C3F3074213024B80A14B32
:109780001B88C3F307224B8813434B809D4B1A78E9
:1097900013064B609B4B5B681A0E4B6843EA02430F
:1097A0004B60984B5B68C3F307424B6843EA022364
:1097B0004B60944B9B88C3F307224B6813434B6069
:1097C000904B1A790A729B681A0E4A728D4B9B68ED
:1097D000C3F307421306CB608A4B1B89C3F30722EE
:1097E000CB6843EA0243CB60864B1A7ACB681343BB
:1097F000CB60844BDB681A0ECB681343CB60814B84
:10980000DB68C3F3074202F00F034FF6FF7404EA6C
:1098100003230B827B4B9B89C3F307220B8A1343E1
:109820000B82784B1A7B53088B74774B1B681A0E8C
:1098300093090B75744B1B68C3F307424A75724B4F
:109840001B88C3F307228A756F4B1A78CA755B6849
:109850001A0E14010C836C4B5B68C3F307420B8B2D
:1098600043EA12140C8302F00F048C76664B9B883B
:10987000C3F30722D409CC76C2F380140C77C2F369
:1098800040144C77C2F300148C775C4B1B781BB1EF
:109890005A4B1B78012B44D193071C0D0C625A4B79
:1098A0001A790B6A43EA82040C62574B9B681A0EC2
:1098B0000B6A43EA92140C62C2F3C20424235C5480
:1098C00002F0070425235C544F4B9B68C3F3074207
:1098D000540926235C54C2F3820427235C54930763
:1098E0005C0F28235C54484B1B89C3F307222823B1
:1098F0005B5C43EAD21428235C548C7E0123A34092
:109900000B640B6A5B1CCB632824645CA41C0125DC
:10991000A540CB6B6B43CB63D1E90F346343CB637F
:109920001DE0364B1B78022B19D1374B1A79930661
:109930009C0A0C62344B9B681A0E0B6A43EA0224A1
:109940000C62314B9B68C3F307420B6A13430B62F3
:109950004FF400730B640B6A5B1CDB04CB63C2F334
:10996000801429235C5493065C0E2A235C54264BF6
:109970001A7A2A235B5C43EAD2142A235C5402F04D
:109980007F042B235C54204BDB681A0ED4092C2354
:109990005C54C2F382042D235C5493071C0F2E23C6
:1099A0005C54194BDB68C3F307422E235B5C43EA2C
:1099B00092142E235C54C2F340142F235C54124B98
:1099C0009B89C3F30722D40930235C54C2F380146B
:1099D00031235C54C2F3401432235C54C2F30014AC
:1099E00033235C54C2F3810481F83440064B1A7B64
:1099F000540881F8354000BFAEE600005800002052
:109A00005A000020681D0020581D002038B51D2474
:109A10000120009001F0D6F810B91A24204638BD74
:109A20003D480078032824D0C0220021022000F005
:109A3000FFFF002001F056F901F016F8FEF7CCFB0D
:109A400004461D2C01D02046E9E7002001F0C6F8AD
:109A500032490860012001F0C1F830494860022015
:109A600001F0BCF82D498860032001F0B7F82B49BC
:109A7000C8602948007858B127480078012807D0E5
:109A800025480078022803D023480078042812D102
:109A900040220021032000F0CBFF002001F022F93A
:109AA00000F0E2FF69460320FEF7DCFB04461D2CB4
:109AB00001D02046B3E71848007803282AD0BDF823
:109AC000000017490880BDF800000104C0220920E9
:109AD00000F0AEFF002001F005F900F0C5FFFEF731
:109AE0007BFB04461D2C01D0204698E7002001F0A6
:109AF00075F80C490860012001F070F809494860C8
:109B0000022001F06BF807498860032001F066F835
:109B10000449C860204682E758000020681D0020E4
:109B20005A000020581D002070B504461D25210450
:109B30004022072000F07CFF002001F0D3F800F065
:109B400093FF0720FEF7AEFA0546284670BD0000D9
:109B50007CB504461D250020019000902648008811
:109B6000010440220D2000F063FF002001F0BAF84C
:109B700000F07AFF21480068019002E01F48006869
:109B80000190019800F045000028F7D0019800F0FE
:109B9000010028B11125012000F0DAFF28467CBD24
:109BA000019800F0040028B11325042000F0D0FF34
:109BB0002846F4E700F036FF019001980D2802D006
:109BC00008252846EBE70E4800F0C2FF002001F010
:109BD00005F800900098C0F34320207009490098D0
:109BE000084010B91D252846D9E70098FEF79CFAD1
:109BF00005462846D3E700005A000020342C0140D7
:109C0000FF07C00008E0F9FD70B504461D2514B932
:109C10001925284670BD0D480088010440220D20FA
:109C200000F006FF002001F05DF800F01DFF0D20A0
:109C3000FEF738FA05461D2D01D02846EAE7002038
:109C400000F0CCFF20602846E4E700005A00002026
:109C50000146002202E04910501CC2B20129FAD18B
:109C6000F02000EA0210704710B51D24FEF70EFC2C
:109C7000FCF70EFA00F03AFF00F00CFD04461D2C34
:109C800001D0204610BDFFF7C1FE04461D2C01D0B7
:109C90002046F7E7022300221146104600F09EFE00
:109CA000002000F08DFE00F063FF2046EAE7000090
:109CB00010B51D20464908704FF4807000F078FF01
:109CC000E0B144480068012804D100F04DFE40494D
:109CD000087002E01D203E4908704FF4807000F0CB
:109CE00061FF4CF23A3000F04DFF01203A49086024
:109CF00000203A4908603648007810BD022000F084
:109D000057FF78B1022000F04DFF4CF23A3000F0DE
:109D100039FF00203149086012202D49087008469B
:109D20000078EAE7082000F043FF78B1082000F04F
:109D300039FF4CF23A3000F025FF00202749086037
:109D400014202349087008460078D6E74FF40070C5
:109D500000F02EFF80B14FF4007000F023FF4CF2B2
:109D60003A3000F00FFF00201C4908601720184906
:109D7000087008460078C0E7102000F019FF78B19D
:109D8000102000F00FFF4CF23A3000F0FBFE0020F4
:109D90001249086015200E49087008460078ACE7A3
:109DA000202000F005FF78B1202000F0FBFE4CF2EF
:109DB0003A3000F0E7FE0020084908601620044908
:109DC00008700846007898E70148007895E7000099
:109DD00068000020640000206C000020700000205B
:109DE0002DE9FC4705461D240020019000268046F1
:109DF00081468246009000276F484068060E370172
:109E00006D484068C0F3074647EA161707F0800020
:109E100018B91B242046BDE8FC87684845EA0008BD
:109E2000DFF89C9100221146104600F027FE002129
:109E3000084600F047FE00F077FE00F061FE402289
:109E40000821102000F0F4FD002000F04BFF00F08E
:109E50000BFE1020FEF726F904461D2C01D02046EB
:109E6000D9E758480088010440220D2000F0E0FDA9
:109E7000002000F037FF00F0F7FD0D20FEF712F98B
:109E800004461D2C01D02046C5E7002000F0A6FEA8
:109E900082464D4800901AE00098401E00904948C4
:109EA0000088010440220D2000F0C2FD002000F0D7
:109EB00019FF00F0D9FD0D20FEF7F4F804461D2C23
:109EC00001D02046A7E7002000F088FE82460AF471
:109ED000807010B900980028DED1009808B91C20C5
:109EE00099E7402200212A2000F0A2FD002000F086
:109EF000F9FE00F0B9FD2A20FEF7D4F804461D2C27
:109F000001D0204687E7002000F068FE824630221C
:109F100008214FF0FF3000F0B1FD0021084600F0AD
:109F2000D1FD00F00BFE404600F0DAFD484600F09F
:109F3000D7FD022000F012FE28B11224022000F00A
:109F400007FE204667E7082000F008FE28B1142429
:109F5000082000F0FDFD20465DE7102000F0FEFD2A
:109F600028B11524102000F0F3FD204653E74FF4EC
:109F7000007000F0F3FD30B117244FF4007000F0D2
:109F8000E7FD204647E7114800F0E2FD01A8FFF792
:109F9000DFFD044603E001A8FFF7DAFD04461D2CAF
:109FA00007D19DF804000728F5D09DF80400062885
:109FB000F1D020462FE70000581D002000060201C6
:109FC000060504035A000020A0860100FF07C00018
:109FD0002DE9FE4F8046894615461E461D274FF047
:109FE000000A4FF0000B0020029001904446B8F1A7
:109FF000000F03D119273846BDE8FE8F1D20A14967
:10A0000008700020A0490860A0490860002211469D
:10A01000104600F033FD0021084600F053FD00F02B
:10A0200083FD00F06DFD002000F0D8FD00F0007011
:10A0300010B106273846DFE795480078022802D09D
:10A040004FEA492901E04FF40075681E00EA050B4C
:10A05000002D1BDDB5F5006F18DCBBF1000F15D12D
:10A060002846FFF7F5FD029040222946102000F017
:10A07000DFFC002000F036FE00F0F6FC1020FEF7BA
:10A0800011F807461D2F04D03846B5E71927384682
:10A09000B2E7012E75D906FB05F0B0F1007F02D3BF
:10A0A00019273846A8E701207A49086006FB05F021
:10A0B000764908600846029A01684FF0FF3000F0C8
:10A0C000DDFC0221002000F0FDFC00F037FD402205
:10A0D0004946122000F0ACFC002000F003FE00F026
:10A0E000C3FC1220FDF7DEFF07461D2F01D03846C6
:10A0F00082E76948006801287DD11EE04FF40040E6
:10A1000000F02CFDC8B14FF0000A13E000F0D4FCC1
:10A11000009000982070641C0098000A2070641C55
:10A120000098000C2070641C0098000E2070641CC5
:10A130000AF1010ABAF1080FE8D340F22A3000F020
:10A140000DFD0028DAD0022000F008FD28B112270A
:10A15000022000F0FDFC38464EE7082000F0FEFC2F
:10A1600028B11427082000F0F3FC384644E72020EB
:10A1700000F0F4FC30B11627202000F0E9FC38464E
:10A180003AE77DE04FF4007000F0E8FC30B11727AB
:10A190004FF4007000F0DCFC38462DE711E000F0D1
:10A1A0008BFC009000982070641C0098000A2070BE
:10A1B000641C0098000C2070641C0098000E207035
:10A1C000641C4FF4001000F0C9FC0028E7D14FF4E4
:10A1D000807000F0C3FCF0B12D48007838B12C48F5
:10A1E0000078012803D02A480078022813D14022A1
:10A1F00000210C2000E012E000F01AFC002000F02A
:10A2000071FD00F031FC0C20FDF74CFF07461D2FBF
:10A2100001D03846F0E6214800F09AFC30E01E48B4
:10A22000006860BB40F22A3000F0B4FC00F072FC21
:10A23000164801684046FAF761FC1948019006E0AB
:10A240000198401E0190019808B91C20D4E62022F4
:10A2500003211448FAF75AFB10B901980028EFD1EE
:10A2600000BF0948006818B9064800781D28F8D0D2
:10A27000044800781D2803D002480078BCE619275E
:10A280003846B9E6680000206C000020600000201D
:10A2900058000020640000205C000020FF07C00080
:10A2A000A0860100006402402DE9F04F87B082468D
:10A2B0008B4615461F461D260020069081460590B8
:10A2C00004908046039002905446BAF1000F04D1E6
:10A2D0001926304607B0BDE8F08F1D20E34908700D
:10A2E0000020E3490860E349086000221146104657
:10A2F00000F0C4FB0021084600F0E4FB00F014FC71
:10A3000000F0FEFB002000F069FC00F0007010B1CE
:10A3100006263046DEE7D8480078022802D04FEA09
:10A320004B2B01E04FF40075681E28400590002D6E
:10A330001ADDB5F5006F17DC0598A8B92846FFF7B8
:10A3400087FC049040222946102000F071FB002079
:10A3500000F0C8FC00F088FB1020FDF7A3FE0646C5
:10A360001D2E04D03046B5E719263046B2E7C34863
:10A370000088010440220D2000F05AFB002000F06C
:10A38000B1FC00F071FB0D20FDF78CFE06461D2E82
:10A3900001D030469EE7012F72D907FB05F0B0F1DE
:10A3A000007F02D31926304694E7B348007838B1CD
:10A3B000B1480078012803D0AF480078022825D1A1
:10A3C000AE48008801044022372000F031FB002015
:10A3D00000F088FC00F048FB3720FDF763FE0646DE
:10A3E0001D2E01D0304675E740223946172000F077
:10A3F0001FFB002000F076FC00F036FB1720FDF775
:10A4000051FE06461D2E01D0304663E740225946D4
:10A41000192000F00DFB002000F064FC00F024FB8C
:10A420001920FDF73FFE06461D2E01D0304651E7AC
:10A4300001209349086007FB05F08E490860084633
:10A44000049A01684FF0FF3000F018FB0021084625
:10A4500000F038FB00F072FB8A480068012873D1D5
:10A4600062E04FF4804000F079FB00285CD0814826
:10A470000068A0EB0800202823D34FF000091AE061
:10A48000DCE020780190641C2078019941EA0020EA
:10A490000190641C2078019941EA00400190641CFD
:10A4A0002078019941EA00600190641C019800F055
:10A4B00017FB09F10109B9F1080FE2D308F12008EF
:10A4C00032E06C480078A0EB080000F0030008B10F
:10A4D000012000E0002067490968A1EB080100EBBA
:10A4E000910003904FF000091BE020780190641C5C
:10A4F0002078019941EA00200190641C207801999C
:10A5000041EA00400190641C2078019941EA006012
:10A510000190641C019800F0E3FA08F1040809F1C5
:10A52000010903988145E0D340F21A3000F016FB90
:10A53000002896D0022000F011FB30B11226022034
:10A5400000F006FB3046C5E645E0082000F006FBBB
:10A5500028B11426082000F0FBFA3046BAE6102095
:10A5600000F0FCFA28B11526102000F0F1FA304670
:10A57000B0E64FF4007000F0F1FA30B117264FF456
:10A58000007000F0E5FA3046A4E64FF4807000F069
:10A59000E5FAE0B13848007838B13748007801284A
:10A5A00003D035480078022811D1402200210C2028
:10A5B00000F03EFA002000F095FB00F055FA0C2068
:10A5C000FDF770FD06461D2E01D0304682E62E486E
:10A5D00000F0BEFA32E02B48006860BB40F21A304F
:10A5E00000F0D8FA00F096FA224801685046FAF7CF
:10A5F000DFFA2648029006E00298401E0290029878
:10A6000008B91C2066E6202203212148FAF77EF9CA
:10A6100010B902980028EFD100BF1548006818B99A
:10A62000124800781D28F8D0104800781D2805D061
:10A630000E4800784EE6192630464BE6124800F0E8
:10A6400087FA06A8FFF784FA064603E006A8FFF794
:10A650007FFA06461D2E07D19DF818000728F5D071
:10A660009DF818000628F1D0304633E66800002037
:10A670006C00002060000020580000205A000020DC
:10A68000640000205C000020FF07C000400D0300B4
:10A69000006402402DE9F0411D240027002600251A
:10A6A0004FF00008762300221146104600F096F97C
:10A6B000002000F085F900F05BFA032000F088FA32
:10A6C00000F0A6F900221146104600F0B1F9002072
:10A6D00000F008FB00F0C8F9F9F762F804461D2CF9
:10A6E00002D02046BDE8F08140224FF4D571082009
:10A6F00000F09EF9002000F0F5FA00F0B5F9FDF742
:10A7000005FE1D2803D101202B4908708707402230
:10A710000021372000F08CF9002000F0E3FA00F06F
:10A72000A3F93720FDF7BEFC1D2842D12CE04022C2
:10A730000021372000F07CF9002000F0D3FA00F06F
:10A7400093F93720FDF7AEFC04461D2C01D02046BE
:10A75000C8E71A4847EA00014022292000F068F9BA
:10A76000002000F0BFFA00F07FF9FDF75DFD044620
:10A770001D2C01D02046B5E7002000F02FFA064638
:10A78000012000EAD6786D1CB8F1000F03D14FF616
:10A79000FF708542CBD34FF6FF70854202D3182459
:10A7A00020469FE706F08040061E02D002200249A4
:10A7B0000870204696E70000580000200000108036
:10A7C0002DE9F04105460E4614461D27012C06D101
:10A7D000520231462846FEF7B7FB074607E02346FC
:10A7E0004FF4007231462846FFF7F2FB0746384621
:10A7F000BDE8F0812DE9FC4106460D461D240020F0
:10A8000000900190002740220821102000F010F94C
:10A81000002000F067FA00F027F91020FDF742FC55
:10A8200004461D2C02D02046BDE8FC8131044022A4
:10A83000372000F0FDF8002000F054FA00F014F981
:10A840003720FDF72FFC04461D2C01D02046EBE7F6
:10A85000302208214FF0FF3000F010F902210020D3
:10A8600000F030F900F06AF940220021332000F0B6
:10A87000DFF8002000F036FA00F0F6F83320FDF79C
:10A8800011FC04461D2C01D02046CDE709E04FF411
:10A89000001000F063F920B100F00EF94DF8270028
:10A8A0007F1C40F22A6000F059F90028EFD0022006
:10A8B00000F054F928B11224022000F049F9204692
:10A8C000B2E7082000F04AF928B11424082000F06B
:10A8D0003FF92046A8E7202000F040F928B11624CF
:10A8E000202000F035F920469EE74FF4007000F07C
:10A8F00035F930B117244FF4007000F029F92046E3
:10A9000092E7124800F024F901980006019901F439
:10A910007F4140EA0120019901F47F0140EA1120C2
:10A92000019940EA1160286000980006009901F43E
:10A930007F4140EA0120009901F47F0140EA1120A3
:10A94000009940EA1160686020466DE7FF07C0008B
:10A9500001461D2009B1012902D1024A116000E01F
:10A96000192070475C00002010B51D2440220021F2
:10A970000C2000F05DF8002000F0B4F900F074F84D
:10A980000C20FDF78FFB0446204610BD2DE9F04159
:10A9900005460E4614461D27012C06D152023146AB
:10A9A0002846FEF7FBFB074607E023464FF40072FC
:10A9B00031462846FFF778FC07463846BDE8F08167
:10A9C0000549096821F4C051034A1160114609681C
:10A9D0000143116070470000042C014030B504466B
:10A9E0000020094D2868094D2840FF2B04D940F06C
:10A9F0000040A3F58075ABB244EA010515431D4341
:10AA00002843014D286030BD042C014000D9FF7F50
:10AA10000348006840F480700149086070470000F6
:10AA2000042C014001480068C0B27047102C01405E
:10AA300030B5034600200B4C246824F48064094D93
:10AA40002C602C1F246800242D1F2C602C462160B4
:10AA5000241D206820F0FF0043EA020420432C1D3F
:10AA6000206030BD0C2C01400348006840F4806039
:10AA700001490860704700000C2C014010B50D4BD7
:10AA80001B6800230B4C2360231D1B6803F07E43CF
:10AA9000241D2360231D1B6823F0F003241D236065
:10AAA000044B18601B1D19601B1D1B68134323609A
:10AAB00010BD0000242C01400148006870470000D0
:10AAC000802C014002460020044B186820F006004C
:10AAD00042EA01031843014B186070472C2C0140D7
:10AAE0000149086070470000802C014010B540F615
:10AAF0000B10FDF7D3FD40F60B10FDF7BDFD10BDAB
:10AB00000348006820F00800014908607047000011
:10AB10002C2C01400348006840F0080001490860FF
:10AB2000704700002C2C01400348006820F0010011
:10AB300001490860704700002C2C01400348006860
:10AB400040F0010001490860704700002C2C0140D2
:10AB50000149086070470000382C01400146002080
:10AB6000024A12680A4002B101207047342C0140A9
:10AB70000348006820F480400149086070470000E5
:10AB8000042C0140024909688143014A1160704761
:10AB90003C2C0140024909680143014A1160704799
:10ABA0003C2C01400149086070470000382C0140EE
:10ABB00001460020024A12680A4002B10120704793
:10ABC000342C01400148006870470000002C01400F
:10ABD0000149086070470000002C01400146002038
:10ABE00031B1012907D0022909D003290FD10AE088
:10ABF000084A10680CE0074A121D106808E0054A70
:10AC00000832106804E0034A0C32106800E000BF0C
:10AC100000BF7047142C014038B51D24002000905F
:10AC2000002202213120FCF7A1FDFFF71DF80446A8
:10AC30001D2C03D11A48FEF789FD04461D2C05D1B1
:10AC40001749B1F84400FEF76FFF04466846FEF767
:10AC5000DBFF0446009800F0007068B111A0F5F722
:10AC6000ABFB0220FFF7BCF804461D2C01D00620E8
:10AC700038BD12A0F5F7A0FB1D2C08D1009800F0FC
:10AC8000007020B94FF40060FEF744FC04461D2C10
:10AC900003D10120FFF75CFE04462046E8E70000F0
:10ACA000101D00200D0A2074686520636172642005
:10ACB0006973206C6F636B65642100000D0A20745A
:10ACC0006865206361726420697320756E6C6F63C0
:10ACD0006B6564207375636365737366756C6C79FB
:10ACE000210000000549096821F44071034A116000
:10ACF0001146096801431160704700000C2C0140A7
:10AD000030B52DED048B85B0424890ED010A10EE70
:10AD1000101A084601F012FF41EC180B53EC182BE7
:10AD20003DA0F5F749FB40A0F5F746FB0020019058
:10AD3000029003900490002566E00020FBF770FB72
:10AD40000446002C5DD0012C44D101A8F8F73CF951
:10AD5000B0EE409AF0EE609A51EC190B01F0FCFC59
:10AD600008EE100AB5EEC08AF1EE10FA1FDB9FED77
:10AD7000340AB4EEC08AF1EE10FA18D8254880EDF6
:10AD8000018A30A0F5F718FB224890ED010A10EE79
:10AD9000101A084601F0D2FE41EC190B53EC192BA6
:10ADA0001DA0F5F709FB2EA000F0AAFC11E030A0D1
:10ADB000F5F702FB174890ED010A10EE101A08464D
:10ADC00001F0BCFE41EC190B53EC192B12A0F5F766
:10ADD000F3FA1AE0022C08D1002D12DD0021681EC2
:10ADE000C0B2054601AA11540BE00F2D09DA04F197
:10ADF0002F00C2B22846691CCDB201A90A54002016
:10AE000048550A20F9F700F897E700BF05B0BDECF8
:10AE1000048B30BD000000204C696D6974203D201A
:10AE2000252E31660D0A0000496E7075742076611A
:10AE30006C756528302D353030293A0D0A00000038
:10AE40000000FA434C696D6974206D6F646966692E
:10AE5000656420737563636573730D0A00000000F9
:10AE60004C696D6974206D6F646966696564000082
:10AE70004C696D697420696E76616C69640D0A00B5
:10AE800030B52DED048B85B0424890ED000A10EEF0
:10AE9000101A084601F052FE41EC180B53EC182B27
:10AEA0003DA0F5F789FA40A0F5F786FA0020019059
:10AEB000029003900490002566E00020FBF7B0FAB2
:10AEC0000446002C5DD0012C44D101A8F8F77CF891
:10AED000B0EE409AF0EE609A51EC190B01F03CFC98
:10AEE00008EE100AB5EEC08AF1EE10FA1FDB9FEDF6
:10AEF000340AB4EEC08AF1EE10FA18D8254880ED75
:10AF0000008A30A0F5F758FA224890ED000A10EEBA
:10AF1000101A084601F012FE41EC190B53EC192BE4
:10AF20001DA0F5F749FA2EA000F0EAFB11E030A0D1
:10AF3000F5F742FA174890ED000A10EE101A08468D
:10AF400001F0FCFD41EC190B53EC192B12A0F5F7A5
:10AF500033FA1AE0022C08D1002D12DD0021681E00
:10AF6000C0B2054601AA11540BE00F2D09DA04F115
:10AF70002F00C2B22846691CCDB201A90A54002094
:10AF800048550A20F8F740FF97E700BF05B0BDEC31
:10AF9000048B30BD00000020526174696F203D2099
:10AFA000252E31660D0A0000496E70757420766199
:10AFB0006C756528302D313030293A0D0A000000BB
:10AFC0000000C842526174696F206D6F64696669E0
:10AFD000656420737563636573730D0A0000000078
:10AFE000526174696F206D6F646966696564000001
:10AFF000526174696F20696E76616C69640D0A0034
:10B0000010B58AB0044604A805A906AA07ABCDE985
:10B010000032CDE9021008AB09AA13A12046F5F7CA
:10B0200067FB079BDAB2089BD9B2099BD8B2002311
:10B03000FDF7E0FE049BDAB2059BD9B2069BD8B2BD
:10B040000023FDF7FFFE0DA0F5F7B6F9DDE90521B8
:10B050000498CDE9001202900EA0DDE907320999AB
:10B06000F5F7AAF90AB010BD25642D25642D2564D5
:10B070002025643A25643A25640000005254432098
:10B08000636F6E66696720737563636573730D0A1A
:10B090000000000054696D653A3230253032642D6D
:10B0A000253032642D2530326420253032643A2533
:10B0B0003032643A253032640D0A000000B587B0A2
:10B0C00040F60140FDF7C6FA40F60140FDF7C2FA2E
:10B0D00040F60140FDF7BEFA41F20E00FDF7BAFA64
:10B0E0004FF4005205212C48FAF79CFF4FF48042A0
:10B0F00005212948FAF796FF4FF40042052126481A
:10B10000FAF790FF4FF40053002202212248FBF788
:10B1100001F84FF40053032200211F48FBF721F8E8
:10B120004FF48043002202211B48FAF7F3FF4FF44B
:10B130008043032200211848FBF713F84FF4004323
:10B14000002202211448FAF7E5FF4FF400430322DE
:10B1500000211148FBF705F8104800F065F8684633
:10B1600000F0D9F8002001904FF482700090002088
:10B170000290032005904FF4007003903820069051
:10B18000002004906946054800F0ACF8034800F040
:10B1900040F807B000BD0000000402400038004045
:10B1A00010B5044600BF02210A4800F093F80028B9
:10B1B000F9D02146074800F035F800BF01210548C5
:10B1C00000F088F80028F9D0024800F027F8C0B253
:10B1D00010BD00000038004010B5044604F007041C
:10B1E000084800F011F80748006820F038000549C9
:10B1F00008600846006840EAC4000860084600F09D
:10B2000008F810BD00380040016821F040010160DD
:10B210007047016841F04001016070470146C8680D
:10B2200080B27047C160704710B504462749601A64
:10B230008C422CD009DC26482044B0B1B0F5806F98
:10B240001CD0B0F5784F3DD106E0B0F5E05F27D0D7
:10B25000B0F5005F36D12CE040F60C10FDF71EFA79
:10B2600040F60C10FDF708FA2DE040F60E00FDF751
:10B2700015FA40F60E00FDF7FFF924E040F60F0046
:10B28000FDF70CFA40F60F00FDF7F6F91BE040F66B
:10B290000D10FDF703FA40F60D10FDF7EDF912E081
:10B2A00040F61410FDF7FAF940F61410FDF7E4F932
:10B2B00009E040F61510FDF7F1F940F61510FDF71D
:10B2C000DBF900E000BF00BF10BD0000003401400A
:10B2D00000C8FFBF02469068084008B101207047CF
:10B2E0000020FCE702460020106800F441500B6883
:10B2F00018434B6818438B681843CB6818430B6995
:10B3000018434B6918438B6918431060D36923F4C1
:10B310000063D36170470021016041608160C160BA
:10B32000416181610161704770B506460C46154662
:10B33000A9B204F11A0000F043F83078032804D1D0
:10B34000290C04F1140000F03BF870BD00F8011B5B
:10B35000090A00F8011B090A00F8011B090A00F894
:10B36000011B704730B500F8012B110A41EA036256
:10B370001B0A00F8012B110A41EA03621B0A00F8BC
:10B38000012B110A41EA03621B0A00F8012B110A82
:10B3900041EA03621B0A00F8012B110A41EA036229
:10B3A0001B0A00F8012B110A41EA03621B0A00F88C
:10B3B000012B110A41EA03621B0A00F8012B30BD80
:10B3C00000F8011B091200F8011B704700B58BB093
:10B3D0000120234908702349087000BF012202217F
:10B3E0002148FAF750FE00BF00202049086020499C
:10B3F0000870204908702049087009A8FAF710FD64
:10B400009DF8290000909DF828309DF827201BA169
:10B4100006A8F4F7DDFF1DA102A8F4F7D9FFFCF799
:10B4200011FA0C2306AA00210846FCF7CDFB0C23D9
:10B4300002AA10210020FCF7C7FBFCF701FB15480E
:10B4400000F04BFE14A0F4F7B7FF1848017A18A0DB
:10B45000F4F7B2FF1BA000F053F90BB000BD0000E1
:10B460001000002018000020000C024028000020DE
:10B470002C0000202D0000202E00002025303264FA
:10B480003A253032643A253032640000302E3030B4
:10B490005600000000140040506572696F646963D3
:10B4A0002053616D706C696E670D0A00000000200A
:10B4B00073616D706C65206379636C653A202564F7
:10B4C000730D0A0053616D706C696E67207374614F
:10B4D000727465640000000010B500201F490870F8
:10B4E00000BF002202211E48FAF7CDFD00BF00BFB9
:10B4F000002208211A48FAF7C6FD00BF194800F0DB
:10B50000E7FDFCF79FF90C2317A200210846FCF782
:10B510005BFBFCF795FA17A0F4F74EFF1C48007888
:10B5200028B11C48F9F7CCFB0020194908701A48CB
:10B53000007828B11948F9F7C3FB002016490870B4
:10B540001748007828B11748F9F7BAFB00201449CA
:10B55000087015A000F0D4F810BD00001000002005
:10B56000000C02400014004073797374656D20690B
:10B57000646C6500506572696F6469632053616D26
:10B58000706C696E672053544F500D0A0000000024
:10B5900021000020A000002022000020F80200204E
:10B5A00024000020A807002053616D706C696E674D
:10B5B0002073746F707065640000000030B52DED6D
:10B5C000028B91B00546B0EE408A3548007818B13C
:10B5D000334800780A282FDB3248007828B13248F7
:10B5E000F9F76EFB00202F49087004A8FAF718FC41
:10B5F0009DF815009DF814109DF813209DF8123049
:10B60000CDE90032CDE902109DF811309DF81020EF
:10B6100026A13248F4F7DCFE31A0F9F78CFB0A22B0
:10B620002E492148F9F782FC10B901201D49087004
:10B6300000201B49087000BF0FA8B0EE480AF9F7B8
:10B6400011FB2A4629A107A8F4F7C2FE002408E04E
:10B650000FA90A5D09A901EB440026A1F4F7B8FE81
:10B66000641C082CF4DB25A107A8F5F7B7F90D48F1
:10B67000007860B107A8F5F747F9044606AB224603
:10B6800007A90948F9F7C3FF0748F9F7ECFE044892
:10B690000078401C0249087011B0BDEC028B30BD2F
:10B6A0003E00002024000020A8070020686964658F
:10B6B000446174612F686964654461746125303444
:10B6C00064253032642530326425303264253032CE
:10B6D00064253032642E747874000000000A002063
:10B6E0006869646544617461000000002530385861
:10B6F0000000000025303258000000000D0A000054
:10B7000030B5A9B004463548007800283BD134480C
:10B7100034A1C2683748F4F75BFE37A0F9F70BFB9A
:10B720000A2234493548F9F701FC20B9012034498F
:10B7300008702A4908703248007820B327A8FAF721
:10B740006FFB9DF8A1009DF8A0109DF89F209DF82B
:10B750009E30CDE90032CDE902109DF89D309DF874
:10B760009C2028A107A8F4F733FE07A8F5F7CCF82A
:10B77000054606AB2A4607A92048F9F748FF1F48A7
:10B78000F9F771FE00BF1E48007820B327A8FAF72A
:10B7900047FB9DF8A1109DF8A0009DF89F2002ABEB
:10B7A00013C301929DF89E0000909DF89D309DF876
:10B7B0009C2021A107A8F4F70BFE07A8F5F7A4F831
:10B7C000054606AB2A4607A90C48F9F720FF0B48A7
:10B7D000F9F749FE00BF29B030BD00003D00002050
:10B7E000000000206C6F672F6C6F67256C752E74DE
:10B7F00078740000000A00206C6F6700500500207C
:10B800002300002053797374656D20737461727422
:10B810006564206174203230253032642D25303249
:10B82000642D2530326420253032643A253032646C
:10B830003A253032640D0A005B3230253032642DF7
:10B84000253032642D2530326420253032643A258B
:10B850003032643A253032645D2025730D0A0000D1
:10B8600010B52DED048B9AB0B0EE408A37480078C1
:10B8700018B1364800780A282FDB3548007828B1FF
:10B880003448F9F71DFA00203149087005A8FAF785
:10B89000C7FA9DF819009DF818109DF817209DF81B
:10B8A0001630CDE90032CDE902109DF815309DF833
:10B8B000142029A13448F4F78BFD34A0F9F73BFAA2
:10B8C0000A2231492348F9F731FB10B901202049F8
:10B8D000087000201D49087000BF18A8FAF7A0FAE8
:10B8E00018EE100A01F02AF941EC190B8DED049BBA
:10B8F0009DF865009DF864109DF863209DF8623006
:10B90000CDE90032CDE902109DF861309DF860204C
:10B9100021A108A8F4F75CFD0D48007860B108A8E3
:10B92000F4F7F2FF044607AB224608A90948F9F7E5
:10B930006EFE0848F9F797FD04480078401C03495B
:10B9400008701AB0BDEC048B10BD00003C00002054
:10B9500022000020F80200206F7665724C696D6944
:10B96000742F6F7665724C696D6974253034642567
:10B97000303264253032642530326425303264251B
:10B980003032642E74787400000A00206F7665727D
:10B990004C696D69740000003230253032642D2509
:10B9A0003032642D2530326420253032643A25301F
:10B9B00032643A253032642C252E32660D0A00009E
:10B9C00030B52DED048B9BB0B0EE408A044638486C
:10B9D000007818B1364800780A282FDB35480078FF
:10B9E00028B13548F9F76CF900203249087006A8EB
:10B9F000FAF716FA9DF81D009DF81C109DF81B2003
:10BA00009DF81A30CDE90032CDE902109DF81930C9
:10BA10009DF8182029A13548F4F7DAFC34A0F9F78D
:10BA20008AF90A2231492448F9F780FA10B901202D
:10BA30002049087000201E49087000BF19A8FAF7B5
:10BA4000EFF918EE100A01F079F841EC190B0694A1
:10BA50008DED049B9DF869009DF868109DF86720A6
:10BA60009DF86630CDE90032CDE902109DF86530D1
:10BA70009DF8642020A109A8F4F7AAFC0D480078DD
:10BA800060B109A8F4F740FF054608AB2A4609A9AA
:10BA90000948F9F7BCFD0848F9F7E5FC04480078C7
:10BAA000401C034908701BB0BDEC048B30BD000086
:10BAB0001100002021000020A000002073616D70A3
:10BAC0006C652F73616D706C6544617461323025F3
:10BAD00030326425303264253032642530326425BA
:10BAE000303264253032642E74787400000A0020ED
:10BAF00073616D706C6500003230253032642D2525
:10BB00003032642D2530326420253032643A2530BD
:10BB100032643A253032642C252E32662C25640D91
:10BB20000A0000002DE9F041044620680569284616
:10BB300000F0A3FD80464146A81CFFF741FC687851
:10BB4000471C2046E16CF8F706FD064618E0A16B9D
:10BB50002068FBF7F1FA064606B113E020222946D9
:10BB6000E06BF4F747FF01202168C870781E071EBC
:10BB700000D107E0203500212046F8F7E6FA064616
:10BB8000002EE4D000BF0EB1012E02D13046BDE838
:10BB9000F0810220FBE730B5014600200B2200BFF8
:10BBA000431003EBC01411F8015B6319D8B2531EA4
:10BBB0001A1EF5D130BD000070B50446204600F0D5
:10BBC00041F80546002D37D1207803282DD1207962
:10BBD00001282AD1410204F13C00F4F7ACFF4AF6F7
:10BBE000552104F23A20FFF7EBFB144904F13C0025
:10BBF000FFF7ACFB124904F50870FFF7A7FB04F54B
:10BC00000970A169FFF7A2FB04F50A706169FFF7EB
:10BC10009DFB606A401CA0636078012304F13C0135
:10BC2000A26BF8F78FFD002020716078002211468A
:10BC3000F8F7FEFC00B10125284670BD5252614163
:10BC40007272416170B504460025E078E8B1607811
:10BC5000012304F13C01A26BF8F774FDA0B90020A8
:10BC6000E070A16AA06B401A216A88420DD2A078C8
:10BC700002280AD1236AA16BCA186078012304F153
:10BC80003C01F8F75FFD00E00125284670BD00008B
:10BC9000002000213D4A126842F480323B4B1A607A
:10BCA00000BF401C394A126802F4003119B94FF63E
:10BCB000FF729042F5D1354A126802F4003232B96F
:10BCC00000BF324A126802F40032002AF9D02F4A2B
:10BCD0004032126842F080522C4B40331A602C4A9A
:10BCE000126842F440422A4B1A60284A083212680D
:10BCF000264B08331A601A46126842F400421A6052
:10BD00001A46126842F4A0521A60224A1B1F1A6097
:10BD10001A1F126842F080721B1F1A6000BF1B4A74
:10BD2000126802F00072002AF9D0194A126842F42F
:10BD30008032174B1A6000BF154A526802F48032F5
:10BD4000002AF9D0124A126842F40032104B1A60ED
:10BD500000BF0F4A526802F40032002AF9D00B4AA1
:10BD60000832126822F00302084B08331A601A46A0
:10BD7000126842F002021A6000BF044A08321268D8
:10BD800002F00802002AF8D0704700000038024094
:10BD9000007000401978400A10B5FFF779FF10BD18
:10BDA00070B586B0FBF77AFB0446FEF735FF1D2819
:10BDB00001D1012000E00020054604A8FAF730F880
:10BDC0001EA0F4F7F9FA4CF61200844201D122A029
:10BDD00000E022A0014623A0F4F7EEFA0DB11EA068
:10BDE00000E01EA0014625A0F4F7E6FA214629A0AE
:10BDF000F4F7E2FA3DB1FDF755FC860A31462AA078
:10BE0000F4F7DAFA02E02EA0F4F7D6FA9DF815005E
:10BE10009DF814109DF81320CDE9002102909DF8A3
:10BE200012309DF811209DF810102BA0F4F7C4FAE1
:10BE300002A0F4F7C1FA06B070BD00003D3D3D3DE3
:10BE40003D73797374656D2073656C667465737486
:10BE50003D3D3D3D3D0D0A006F6B00006572726F08
:10BE600072000000666C6173682E2E2E2E2E2E2E10
:10BE70002E2E2E2E2E2E25730D0A000054462063E2
:10BE80006172642E2E2E2E2E2E2E2E2E2E2E2E252E
:10BE9000730D0A00666C6173682049443A30782556
:10BEA0003034580D0A00000054462063617264204B
:10BEB0006D656D6F72793A256C75204B420D0A00E5
:10BEC00063616E206E6F742066696E642054462034
:10BED000636172640D0A00005254433A32302530D7
:10BEE00032642D253032642D2530326420253032E5
:10BEF000643A253032643A253032640D0A0000007D
:10BF00002DE9F0410646356815F8014B2046F7F754
:10BF100027FF60B115F8017B3846F7F73BFF18B9EA
:10BF20004FF0FF30BDE8F08107EB042084B24CB144
:10BF30004FF46A712046F9F7BBFC044614B94FF080
:10BF4000FF30EFE7A04635604046EBE710B504460A
:10BF50005C49601A8C426FD019DC5B49A4EB01008C
:10BF60008C424ED009DCB4F1804F2ED0574820448B
:10BF7000A0B3B0F5806F72D13AE0B0F5806F49D0D0
:10BF8000B0F5006F4FD0B0F5406FF4D17BE0B0F565
:10BF9000923F5BD009DCB0F5806F73D0B0F5644F91
:10BFA0000AD0B0F5684F5AD147E0B0F5943F57D06A
:10BFB000B0F5963F53D15CE04FF41060FCF76EFB98
:10BFC0004FF41060FCF758FB79E04FF40060FCF789
:10BFD00065FB4FF40060FCF74FFB70E0FFE740F6B5
:10BFE0000100FCF75BFB40F60100FCF745FB66E057
:10BFF00040F60200FCF752FB40F60200FCF73CFB67
:10C000005DE040F60300FCF749FB40F60300FCF757
:10C0100033FB54E040F60400FCF740FB40F604001C
:10C02000FCF72AFB4BE040F60500FCF737FB40F637
:10C030000500FCF721FB42E02EE040F60110FCF782
:10C040002DFB40F60110FCF717FB38E04FF41160B0
:10C05000FCF724FB4FF41160FCF70EFB2FE02DE002
:10C0600040F61110FCF71AFB40F61110FCF704FB28
:10C0700025E040F61210FCF711FB40F61210FCF719
:10C08000FBFA1CE011E040F60600FCF707FB40F667
:10C090000600FCF7F1FA12E040F60700FCF7FEFAA2
:10C0A00040F60700FCF7E8FA09E040F60800FCF764
:10C0B000F5FA40F60800FCF7DFFA00E000BF00BF29
:10C0C00010BD0000001C0040000C004000FCFFBF41
:10C0D000016821F0010101607047016841F0010130
:10C0E000016070470A8882621D4A90420ED0B0F10A
:10C0F000804F0BD01B4A904208D01B4A904205D07B
:10C100001A4A904202D01A4A90420BD1026822F099
:10C110007002026002684B881A43026002688B88D2
:10C120001A4302608A68C262124A90420AD0124AD6
:10C13000904207D0026822F4407202600268CB8805
:10C140001A430260064A904202D0094A904201D145
:10C150000A7B0263426942F00102426170470000BB
:10C16000000001400004004000080040000C0040B6
:10C17000000401400010004000140040C2680A435F
:10C18000C2607047CA43026170470246D06800EA45
:10C1900001031069084010B10BB101207047002065
:10C1A000FCE700210180418081804FF6FF718160B2
:10C1B0000021C180017370477FB504460D4641F2EE
:10C1C0000500FCF747FA1248FFF7C0FE6846FFF784
:10C1D000E8FFADF800500020ADF80200ADF8040013
:10C1E0000294ADF806008DF80C0069460848FFF788
:10C1F00079FF01210648FFF7C5FF01210448FFF739
:10C20000BDFF032201213720FBF7B0FA7FBD0000FC
:10C210000014004000B52DED068B8BB009A8F9F78E
:10C22000FFFD9DF8290000909DF828309DF82720FB
:10C230001FA106A8F4F7CCF80C2306AA0021084693
:10C24000FBF7C2FC14210A20F7F730F880B208EEA1
:10C25000100AB8EE480A10EE100A00F06FFC41EC2C
:10C260001A0B9FED170B53EC102B00F033FB41EC36
:10C27000190B00F071FA144908600846006800F0D4
:10C280005DFC41EC190B53EC192B10A102A8F4F73B
:10C290009FF80C2302AA10210020FBF795FCFBF766
:10C2A000CFFBFBF7CDFB0BB0BDEC068B00BD000058
:10C2B000253032643A253032643A25303264000049
:10C2C0006666666666664A3F30000020252E326646
:10C2D000560000002DE9F04704460D460027B846F9
:10C2E000B94600263349601A8C4235D00CDC3248FE
:10C2F0002044E8B1B0F5806F1FD0B0F5006F21D0B9
:10C30000B0F5406F32D122E0B0F5806F29D0B0F5A2
:10C31000184F03D0B0F51C4F28D104E00320FCF7E0
:10C3200023F8074623E00320FCF71EF807461EE02B
:10C330000220FCF719F8074619E00220FCF714F870
:10C34000074614E00220FCF70FF807460FE0022032
:10C35000FCF70AF807460AE00220FCF705F8074652
:10C3600005E00220FCF700F8074600E000BF00BF30
:10C37000E06800F4004070B1780000EB5500B0FBBD
:10C38000F5F64FF6F07006EA0008C6F3420948EAEF
:10C390000900A0600CE007EB5500B0FBF5F64FF686
:10C3A000F07006EA000806F00F0948EA0900A060EC
:10C3B000BDE8F0870078004000BCFFBF0146486838
:10C3C000C0F308007047C1F30802426070470000E4
:10C3D00010B504463349601A8C424DD00CDC32480B
:10C3E0002044E0B1B0F5806F22D0B0F5006F31D0BD
:10C3F000B0F5406F52D136E0B0F5806F45D0B0F562
:10C40000184F03D0B0F51C4F48D11AE040F6041085
:10C41000FCF744F940F60410FCF72EF93FE040F633
:10C420001100FCF73BF940F61100FCF725F936E066
:10C4300040F61200FCF732F940F61200FCF71CF946
:10C440002DE040F60510FCF729F940F60510FCF741
:10C4500013F924E040F61300FCF720F940F613002E
:10C46000FCF70AF91BE040F61400FCF717F940F658
:10C470001400FCF701F912E040F61E00FCF70EF97B
:10C4800040F61E00FCF7F8F809E040F61F00FCF744
:10C4900005F940F61F00FCF7EFF800E000BF00BF11
:10C4A00010BD00000078004000BCFFBFC16841F42F
:10C4B0000051C160704710B5024602EB9110006850
:10C4C00001F01F040123A340184008B1012010BD52
:10C4D0000020FCE710B504464FF44060FCF7BAF8C2
:10C4E0004FF44060FCF7B6F841F20410FCF7B2F8E4
:10C4F0004FF4007207212748F9F794FD4FF480624A
:10C5000007212448F9F78EFD4FF400730122022120
:10C510002048F9F7FFFD4FF40073022200211D4867
:10C52000F9F71FFE4FF48063012202211948F9F741
:10C53000F1FD4FF48063022200211648F9F711FE45
:10C540001548FFF745FF21461348FFF7C3FE0021BA
:10C55000114800F05CF800210F4800F068F8002155
:10C560000D4800F044F808210B4800F058F8042169
:10C57000094800F044F840F20531074800F00EF891
:10C58000032211462520FBF7F1F80348FFF78EFF41
:10C5900010BD0000000002400010014010B500EB8B
:10C5A0009112126801F01F040123A3401A4300EB0B
:10C5B00091131A6010BD70B5024600230024C1F328
:10C5C0008910105801F01F060125B54000EA050347
:10C5D00002EB91500068C1F304460125B54000EA22
:10C5E000050414B10BB1012070BD0020FCE7C26846
:10C5F00022F4C062C260C2680A43C26070470A4641
:10C600000021C16821F004011143C1607047026933
:10C6100022F44052026102690A43026170470A46ED
:10C620000021C16821F008011143C1607047C26850
:10C6300022F48052C260C2680A43C260704770B57B
:10C6400004460D4609268CB1206878B12068007830
:10C6500060B1A0882168C988884207D121684878DC
:10C66000F8F76DF800F0010000B900260EB9206857
:10C6700000E000202860304670BD30B50246547896
:10C68000641C630100242046214610E0022901D1E8
:10C69000491C0BE000F0010414B14FF4004400E029
:10C6A000002404EB6004555C2C44A0B2491C994260
:10C6B000ECD330BD70B5064600241BE02846F9F7E0
:10C6C00065F985B204F0010010B14FF4004000E0BC
:10C6D000002000EB6400E9B2084484B204F00100D9
:10C6E00010B14FF4004000E0002000EB640000EBCC
:10C6F000252084B236F8021B0D1EDFD1204670BD06
:10C7000010B500290AD00878002807D005487844D9
:10C71000F4F738FA002801D0002010BD0248784410
:10C7200010BD00003ECC020036CC020010B500293E
:10C730000AD00878002807D005487844F4F722FA90
:10C74000002801D0002010BD0248784410BD000030
:10C750002ECC020026CC020021F00042A2F1605251
:10C76000B2F5801F01F0004328BFD2F17F6C0BD9D6
:10C770005FEA001C43EAC20242EB507018BF7047E8
:10C7800028BF20F001007047B2F5801FBCBF1846DB
:10C7900070474FEA410C1CF5001F02D2084600F01A
:10C7A00043BA70B500F040F900000089FFF7F6BF0A
:10C7B0004FF00040A0F580007047000002494FF0A4
:10C7C000000000F03BBA00BF0000F87F491058BFDE
:10C7D000C1F140415B1058BFC3F140438B42EFF3BE
:10C7E0000080704751EA030C17D41CF5801F58BF16
:10C7F000BCF5801F00F10680994218BF704708BF42
:10C800009042704707D711F5801F58BF13F5801F5E
:10C8100019D499427047894270471CF5801F08D58A
:10C82000BCF5801FF7D58B4218BF704708BF824206
:10C8300070474FF4001C1CEB410F38BF1CEB430F3B
:10C8400001D28B42704770B500F0EEF89224490097
:10C850004FF000514FF08053FFF7B8BF51EA030C7F
:10C8600017D41CF5801F58BFBCF5801F00F106804F
:10C87000994218BF704708BF9042704707D711F51B
:10C88000801F58BF13F5801F19D499427047894201
:10C8900070471CF5801F08D5BCF5801FF7D58B426B
:10C8A00018BF704708BF824270474FF4001C1CEB52
:10C8B000410F38BF1CEB430F01D28B42704770B55C
:10C8C00000F0B2F8922449004FF000514FF080532D
:10C8D000FFF77CBFDFF848C170B51CEA111E1EBF10
:10C8E0001CEA13159EEA0C0F95EA0C0F00F06F80FE
:10C8F00081EA030423EA4C134EEAD47E21EA4C1168
:10C9000041F4801143F48013AE44A1FB024CA0FB20
:10C910000365AEF17F7E361955EB0C05A1FB034C88
:10C920004CF10003A0FB021C16EB0C06654153F111
:10C930000003094218BF46F0010613F4007F0BD133
:10C940004FEA03314FEA0530340341EA155140EA1A
:10C9500016506FF003020AE04FEAC3214FEAC520E8
:10C96000F40241EA555140EA56506FF0020202EBE0
:10C970002E4201EB025585EACE710AD05FEA440CE3
:10C9800018BF24F0004450F1000041F1000120EAFA
:10C99000D47040F2FE7C624500D270BDA84214BF44
:10C9A0004FF080444FF04044002E08BF0024BEF1F9
:10C9B000806FA8BFA1F1C041BDE8704080F28280C5
:10C9C0004FF0000001F1C04101F0004170479EEAC4
:10C9D0000C0F0CEA131518BF95EA0C0F06D04FF098
:10C9E000000081EA030E0EF0004170BD00F01CF85B
:10C9F0008900013E00F007B800F009B84FEA430C87
:10CA00005FEA5C5C08D081EA030100F05BB84FEAA2
:10CA1000410C5FEA5C5CF6D14FF0000001497047C1
:10CA20000000FF070000F87F0EF1020E2EF0030E4B
:10CA30005EF8046B364205D4012A43EB030515F575
:10CA4000001F12D8012841EB010C1CF5001F0CD867
:10CA50000ED14FEAD17C15F5001F0CEB4C0C0CF1FC
:10CA6000020C08BF4CEBD37C04E04FF0080C01E053
:10CA70004FEAD37C0CEB4C0526FA05F606F00706C8
:10CA8000B6F1040C06D20EEB860CBDE870404CF0FB
:10CA9000010C6047DFE80CF0090B02024FF0004187
:10CAA0004FF00000A1F5002170BD19461046012885
:10CAB00051EB010418BFD4F5001484BF002001F02D
:10CAC000004170BD0808A0F500114FEA3101704720
:10CAD00053EA010C17D41CF5801F58BFBCF5801F0A
:10CAE00000F106808B4218BF704708BF8242704732
:10CAF00007D713F5801F58BF11F5801F19D48B423B
:10CB000070479B4270471CF5801F08D5BCF5801FFD
:10CB1000F7D5994218BF704708BF904270474FF44D
:10CB2000001C1CEB430F38BF1CEB410F01D2994294
:10CB300070470FB40CBC03BCFFF7C1BE43004FEA03
:10CB4000D30C4FEA3C0C43401FBF40070CF160512F
:10CB500013F0FE4F70471CF0006F03D100200CF063
:10CB6000004170470CF0004343EA507010B540EAB2
:10CB7000CC0000F00EF800BF000000924FEA000168
:10CB8000FFF7A0BF4FF000414FF00000A1F50021DA
:10CB900070470EF1020E2EF0030E5EF8044B244295
:10CBA00004D44FEA4102B2F17F4F11D84FEA40035B
:10CBB000B3F17F4F0CD80ED14FEAD07CB2F17F4F4A
:10CBC0000CEB4C0C0CF1020C08BF4CEBD17C04E0DC
:10CBD0004FF0080C01E04FEAD17C0CEB4C0324FA37
:10CBE00003F404F00704B4F1040C06D20EEB840C39
:10CBF000BDE810404CF0010C6047DFE80CF007087E
:10CC000002024FF00040A0F5800010BD084642002F
:10CC100018BFD2F1807288BF00F0004010BD4FF005
:10CC20004070E1EE100A7047FF2141EAD050C00584
:10CC300070474FF000007047F4F740BA0CF00F0354
:10CC4000092B08BF082000F05F800A2B0BD0082BAF
:10CC500018BF704708BF1CF0400F0AD04FF000000B
:10CC60004FF0000170471CF0400F18BF4FF000401C
:10CC700070471CF0100F08D020F0704300F07F4286
:10CC800042EAD3014FEA4370704700F0604021F060
:10CC90007F4242EA000201F07F4040EA7270704732
:10CCA0004FF0FF0C4CF4E06C1CEA11531CBF9CEAE3
:10CCB000030C9445C2BFDA4201EB02517047002BCE
:10CCC0000DD0BCF1000F0FD0002A01F00041A4BF2D
:10CCD00041F0E04141F07F614FF00000704701F00A
:10CCE00000414FF00000704750EA01334FF09B0CB9
:10CCF00018BF4CF0806C7FF461AD7047F4F78EBCC8
:10CD0000F5F71EB9F5F7ACBA1CF4801F11D01CF46E
:10CD1000E02F03D06FEACC31490070474FF040500C
:10CD2000EFF3008222F0704242EA000282F30088B0
:10CD300070474FF000007047000000000000000046
:10CD400000000000000000003F4000000000000064
:10CD500000003000400030004000000009000BC01F
:10CD60003D000BC03D00090018C024407FE0224078
:10CD700031800000180024C01B000D80324001806B
:10CD800003801C4027401C800740004010006000CA
:10CD900000000000000000000000000000001F80F4
:10CDA000204040200000402020401F800000000064
:10CDB000090006001F8006000900000004000400AE
:10CDC0003F8004000400000000100060000000002C
:10CDD000000000000400040004000400040000003F
:10CDE000000000400000000000000000002001C022
:10CDF00006003800400000001F80204020402040F6
:10CE00001F800000000010403FC0004000000000F4
:10CE100018C02140224024401840000010802040CB
:10CE2000244024401B80000002000D0011003FC080
:10CE3000014000003C802440244024402380000026
:10CE40001F80244024403440038000003000200034
:10CE500027C03800200000001B80244024402440CC
:10CE60001B8000001C0022C0224022401F800000C6
:10CE7000000000000840000000000000000000006A
:10CE80000460000000000000000004000A0011001F
:10CE90002080404009000900090009000900000045
:10CEA00000004040208011000A000400180020000B
:10CEB00023402400180000001F8020402740294004
:10CEC0001F400000004007C039000F0001C00040B3
:10CED00020403FC0244024401B8000001F80204091
:10CEE000204020403080000020403FC020402040B3
:10CEF0001F80000020403FC024402E4030C0000072
:10CF000020403FC024402E00300000000F00108061
:10CF1000204022403380020020403FC00400040033
:10CF20003FC02040204020403FC020402040000023
:10CF30000060202020203FC02000200020403FC073
:10CF400024400B0030C0204020403FC02040004023
:10CF5000004000C03FC03C0003C03C003FC0000098
:10CF600020403FC00C4023003FC020001F802040D5
:10CF7000204020401F80000020403FC0244024006B
:10CF8000180000001F802140214020E01FA0000069
:10CF900020403FC02440260019C0004018C0244053
:10CFA0002440224031800000300020403FC020401B
:10CFB0003000000020003F80004000403F80200003
:10CFC00020003E0001C0070038002000380007C0E4
:10CFD0003C0007C038000000204039C0060039C0BE
:10CFE000204000002000384007C0384020000000EA
:10CFF000304021C02640384020C000000000000022
:10D000007FE0402040200000000070000C00038002
:10D01000004000000000402040207FE000000000B1
:10D020000000200040002000000000000010001060
:10D030000010001000100010000000004000000070
:10D0400000000000000002800540054003C00040D1
:10D0500020003FC004400440038000000000038023
:10D0600004400440064000000000038004402440C7
:10D070003FC0004000000380054005400340000021
:10D08000000004401FC0244024402000000002E0B3
:10D09000055005500650042020403FC004400400C5
:10D0A00003C000400000044027C000400000000012
:10D0B00000100010041027E00000000020403FC0D6
:10D0C0000140070004C00440204020403FC0004011
:10D0D0000040000007C0040007C0040003C00000B7
:10D0E000044007C00440040003C000400000038067
:10D0F0000440044003800000041007F00450044082
:10D1000003800000000003800440045007F000107A
:10D11000044007C002400400040000000000064074
:10D120000540054004C00000000004001F800440CA
:10D1300000400000040007800040044007C0004099
:10D140000400070004C0018006000400060001C0BE
:10D15000070001C006000000044006C0010006C030
:10D16000044000000410071004E0018006000400E1
:10D170000000044005C0064004400000000000001C
:10D1800004007BE040200000000000000000FFF0F1
:10D1900000000000000040207BE0040000000000D0
:10D1A00040008000400020002000400000000000FF
:10D1B000000000000000000000000000000000006F
:10D1C00000001FCC000C0000000000000000080060
:10D1D000300060000800300060000000022003FC06
:10D1E0001E20022003FC1E200220000000000E185A
:10D1F00011043FFF10840C78000000000F00108421
:10D200000F3800C0077818840078000000780F8479
:10D2100010C411240E9800E400840008080068007F
:10D22000700000000000000000000000000000008E
:10D23000000007E01818200440020000000040022F
:10D240002004181807E0000000000000024002401F
:10D2500001800FF001800240024000000080008049
:10D2600000800FF800800080008000000001000DA9
:10D27000000E000000000000000000000000008020
:10D280000080008000800080008000800000000C92
:10D29000000C00000000000000000000000000067C
:10D2A000001800600180060018002000000007F050
:10D2B000080810041004080807F000000000080423
:10D2C00008041FFC000400040000000000000E0C15
:10D2D00010141024104411840E0C000000000C18CF
:10D2E00010041104110412880C700000000000E00A
:10D2F0000320042408241FFC0024000000001F98C1
:10D30000108411041104108810700000000007F050
:10D3100008881104110418880070000000001C0027
:10D32000100010FC13001C001000000000000E385C
:10D3300011441084108411440E38000000000700CE
:10D34000088C10441044088807F00000000000001A
:10D350000000030C030C00000000000000000000AF
:10D360000001010600000000000000000000008035
:10D3700001400220041008081004000002200220CE
:10D3800002200220022002200220000000001004DF
:10D3900008080410022001400080000000000E0078
:10D3A0001200100C106C10800F00000003E00C182D
:10D3B00013E4142417C4082807D000000004003C1C
:10D3C00003C41C40074000E4001C000410041FFCC0
:10D3D0001104110411040E880070000003E00C1801
:10D3E00010041004100410081C10000010041FFC8E
:10D3F000100410041004080807F0000010041FFCBB
:10D400001104110417C410040818000010041FFCB4
:10D410001104110017C010000800000003E00C18F0
:10D420001004100410441C780040000010041FFC7D
:10D4300010840080008010841FFC10040000100481
:10D4400010041FFC10041004000000000003000181
:10D45000100110011FFE10001000000010041FFC3E
:10D46000110403801464181C1004000010041FFC35
:10D470001004000400040004000C000010041FFC51
:10D480001F0000FC1F001FFC1004000010041FFC04
:10D490000C04030000E010181FFC100007F008083F
:10D4A000100410041004080807F0000010041FFC0A
:10D4B00010841080108010800F00000007F0081802
:10D4C00010241024101C080A07F2000010041FFC8E
:10D4D0001104110011C011300E0C000400000E1CCC
:10D4E00011041084108410441C380000180010002F
:10D4F00010041FFC100410001800000010001FF89A
:10D5000010040004000410041FF8100010001E0096
:10D5100011E0001C007013801C0010001FC0103CA4
:10D5200000E01F0000E0103C1FC000001004180CB9
:10D53000163401C001C01634180C100410001C0071
:10D54000130400FC13041C00100000000804101C4D
:10D550001064108413041C04101800000000000064
:10D5600000007FFE40024002400200000000300048
:10D570000C0003800060001C00030000000040025B
:10D58000400240027FFE000000000000000000009A
:10D590002000400040004000200000000001000189
:10D5A0000001000100010001000100010000400035
:10D5B0004000200000000000000000000000009873
:10D5C000012401440144014400FC000410001FFC3C
:10D5D0000088010401040088007000000000007051
:10D5E00000880104010401040088000000000070AC
:10D5F00000880104010411081FFC0004000000F869
:10D60000014401440144014400C800000000010439
:10D6100001040FFC1104110411001800000000D6D1
:10D6200001290129012901C90106000010041FFC7C
:10D63000008401000100010400FC0004000001045A
:10D64000190419FC0004000400000000000000039D
:10D6500000010101190119FE0000000010041FFC67
:10D660000024004001B4010C01040000000010047B
:10D6700010041FFC0004000400000000010401FC71
:10D680000104010001FC0104010000FC010401FC93
:10D69000008401000100010400FC0004000000F807
:10D6A000010401040104010400F80000010101FF6C
:10D6B0000085010401040088007000000000007073
:10D6C000008801040104010501FF000101040104B7
:10D6D00001FC00840104010001800000000000CC76
:10D6E000012401240124012401980000000001000C
:10D6F000010007F80104010400000000010001F826
:10D70000000400040004010801FC00040100018081
:10D710000170000C001001600180010001F0010C9B
:10D72000003001C00030010C01F0010000000104D4
:10D73000018C00740170018C010400000101018161
:10D740000171000E001801600180010000000184D9
:10D75000010C013401440184010C000000000000B0
:10D760000000000001003EFC4002400200000000FA
:10D7700000000000FFFF0000000000000000400269
:10D7800040023EFC010000000000000000006000BC
:10D7900080008000400040002000200000000000C9
:10D7A0000000000000000000000000000000000079
:10D7B0000000000000000000000000000000000069
:10D7C0000000000000000000000000000000000F4A
:10D7D00080380FFE380F8038000000000000000085
:10D7E0000000000000000000000001000006000032
:10D7F0000C00003800003100000600000C0000386A
:10D8000000003000000000000000000061800067A0
:10D81000F807F9800061800061800061800061800C
:10D820000067F807F9800061800000000000000038
:10D83000000001C0E003E0F00630080418081FFFF4
:10D84000FE040E080787F00381E0000000000000DE
:10D8500001F000060C00040408060C7001F9C00079
:10D860000E00003BE000EC18070808040C18000349
:10D87000E00000000001E00007F003F818041C08B5
:10D8800004170807E1D003C0E00023B0003C080003
:10D89000200800001000000000000001000031001E
:10D8A000003200001C00000000000000000000002A
:10D8B0000000000000000000000000000000000068
:10D8C0000000000000000000000000007F0001FFD9
:10D8D000C00780F00C0018100004200002000000B7
:10D8E0000000002000021000040C00180780F00166
:10D8F000FFC0007F000000000000000000000000EA
:10D900000000000000000000420000660000660009
:10D91000003C0000180003FFC0001800003C00009D
:10D9200066000066000042000000000008000008D9
:10D930000000080000080000080001FFC000080007
:10D9400000080000080000080000080000000000B7
:10D95000000100003100003200001C000000000047
:10D9600000000000000000000000000000000000B7
:10D970000000000008000008000008000008000087
:10D980000800000800000800000800000800000867
:10D990000000000000000000000000003800003817
:10D9A000000038000000000000000000000000003F
:10D9B0000000000000000000000000000006000061
:10D9C0001C000070000180000E0000380000C00044
:10D9D0000700001C000030000000000000000000F4
:10D9E0007F8001FFE0038070060018040008040037
:10D9F0000806001803807001FFE0007F800000002F
:10DA000000000000000001000801000801000803F8
:10DA1000FFF807FFF80000080000080000080000F9
:10DA20000000000000000001C03802C05804009847
:10DA3000040118040218040418061C1803F818013D
:10DA4000E0F800000000000000000001C0E003C09A
:10DA5000F004000804080804080806180803F4186D
:10DA600001E7F00001E000000000000000000000FD
:10DA70000300000D00001100006100008108030197
:10DA80000807FFF80FFFF800010800010800000078
:10DA90000000000000E007FCD00608080610080699
:10DAA0001008061008061838060FF00607C0000018
:10DAB00000000000000000003F8001FFE003843010
:10DAC00002081804100804100804100807181003AE
:10DAD0000FF00007C000000000000000000003C0BD
:10DAE000000700000600000600F80607F806180008
:10DAF00006E0000700000600000000000000000132
:10DB0000E1E003F7F0063410041808041808040CC8
:10DB100008040C0806161803F3F001C1E000000029
:10DB200000000000F80003FC30030638040208047B
:10DB300002080402080404100308F001FFC0007F7B
:10DB400000000000000000000000000000000000D5
:10DB500000000000703800703800703800000000CD
:10DB600000000000000000000000000000000000B5
:10DB70000000000000000000301A00301C0000000F
:10DB80000000000000000000000000000000000095
:10DB90000000000800001400002200004100008086
:10DBA000800100400200200400100800080000006E
:10DBB00000000000210000210000210000210000E1
:10DBC000210000210000210000210000210000218F
:10DBD0000000000000000000000008000804001021
:10DBE000020020010040008080004100002200006F
:10DBF000140000080000000000000003C00004C082
:10DC000000040000080038080F3808083808100021
:10DC10000C300007E00003C000000000000000001E
:10DC20003F8000FFE0038070020F1006708804C080
:10DC300088048308047F8802C09003012000FE400E
:10DC40000000080000180001F8003E0801C20007AB
:10DC5000020007E20000FE00001FC80001F80000FB
:10DC60003800000804000807FFF807FFF804080858
:10DC700004080804080804080806180803F4180132
:10DC8000E7F00001E0000000000000003F8001FF1D
:10DC9000E003807002001804000804000804000873
:10DCA0000400100600200780C000000004000807E0
:10DCB000FFF807FFF8040008040008040008040047
:10DCC0001802001003807001FFE0007F8000000058
:10DCD00004000807FFF807FFF80408080408080410
:10DCE0000808040808043E0804000806001801009B
:10DCF0006000000004000807FFF807FFF8040808A8
:10DD0000040800040800040800043E0006000006A1
:10DD10000000018000000000000000003F8001FFC3
:10DD2000E0038070060018040008040208040208DA
:10DD30000203F00783F0000200000200040008075D
:10DD4000FFF807FFF80408080008000008000008B2
:10DD50000000080004080807FFF807FFF80400089F
:10DD60000000000000000400080400080400080788
:10DD7000FFF807FFF804000804000804000800008A
:10DD80000000000000000000000600000700000185
:10DD900004000104000104000307FFFE07FFFC0468
:10DDA000000004000004000004000807FFF807FF5B
:10DDB000F8040C08001800003E0004C7800503C8E2
:10DDC0000600F804003804001800000804000807E2
:10DDD000FFF807FFF8040008000008000008000032
:10DDE00008000008000008000018000060000000A3
:10DDF00004000807FFF807800807FC00007FC00048
:10DE000003F80007C000780007800807FFF807FF45
:10DE1000F804000804000807FFF807000803C00022
:10DE200000E000003800001E000007000001C004F0
:10DE300000F007FFF8040000000000007F8001FFF1
:10DE4000E0038070060018040008040008060018AB
:10DE500003003001FFE0007F80000000040008079D
:10DE6000FFF807FFF8040408040400040400040495
:10DE700000040400060C0003F80001F0000000009C
:10DE8000000000007F8001FFE0038070060088042E
:10DE900000880400C806003C03003E01FFE6007F46
:10DEA0008400000004000807FFF807FFF8040808D2
:10DEB000040800040C00040F00040BC00610F0035B
:10DEC000F03801E00800000800000001E0F803F06D
:10DED00030063010041808041808040C08040C0854
:10DEE0000206180207F00781E0000000018000062A
:10DEF000000004000004000004000807FFF807FF0A
:10DF0000F80400080400000400000600000180007E
:10DF100004000007FFE007FFF004001800000800FD
:10DF2000000800000800000800000804001007FFB7
:10DF3000E004000004000006000007E00007FE0007
:10DF4000041FE00001F80000380001E0043E000773
:10DF5000C00006000004000004000007E00007FF06
:10DF6000C0041FF80007C007F80007FF80043FF84F
:10DF70000007C004F80007000004000000000004CF
:10DF8000000806001807C07805F1C8003E00001F11
:10DF9000800463E80780F806001804000800000009
:10DFA00004000006000007800007E008047C080069
:10DFB0001FF80007F800180804E008070000060032
:10DFC000000400000000000100080600380400F80A
:10DFD0000403E8040F08047C0805F00807C00807DC
:10DFE00000180400600000000000000000000000B5
:10DFF000000000000000003FFFFE200002200002A1
:10E0000020000220000220000200000000000000AA
:10E01000000008000007000000C0000038000006F3
:10E02000000001C000003000000E000001000000F0
:10E03000000000000000200002200002200002205A
:10E0400000022000023FFFFE000000000000000070
:10E0500000000000000000000000000000080000B8
:10E060001000003000002000003000001000000808
:10E07000000000000000000000000100000100009E
:10E08000010000010000010000010000010000018A
:10E09000000001000001000001000001000000007C
:10E0A0000000000000200000200000100000100010
:10E0B0000000000000000000000000000000000060
:10E0C0000000000000F00019F8001B1800220800F2
:10E0D0002608002408002410003FF8001FF8000064
:10E0E0000800001800000004000007FFF80FFFF010
:10E0F0000018180010080020080020080030180040
:10E100001FF0000FC00000000000000007C0001F4B
:10E11000F0001830002008002008002008003C080B
:10E12000001C100000600000000000000000000063
:10E1300007C0001FF0003818002008002008002049
:10E140000804101007FFF80FFFF000001000000097
:10E150000000000000000007C0001FF000123000A7
:10E160002218002208002208003208001E10000EAB
:10E17000200000000000000020000020080020080F
:10E1800001FFF803FFF80620080420080420080710
:10E19000200003000000000000000000000E000E40
:10E1A0006E001FF30031B10020B10020B1003191A9
:10E1B000001F13002E1E00200E003000000000047F
:10E1C000000807FFF80FFFF80010080020000020EB
:10E1D00000002008003FF8001FF8000008000000C1
:10E1E00000000000000000200800200800200806B1
:10E1F0003FF8063FF8000008000008000008000093
:10E200000000000000000000000000000300000308
:10E21000002001002001002003063FFE063FFC0015
:10E22000000000000000000000000004000807FFDC
:10E23000F80FFFF8000188000300002FC00038F835
:10E240000020380020080000080000000000000046
:10E25000000004000804000804000807FFF80FFF8E
:10E26000F80000080000080000080000000000009E
:10E27000002008003FF8003FF800100800200000D0
:10E280003FF8003FF8001008002000003FF8003F72
:10E29000F8000008000000002008003FF8003FF8E8
:10E2A000001008001000002000002008003FF800C7
:10E2B0001FF80000080000000000000007C0000F69
:10E2C000F000183000300800200800200800300856
:10E2D000001830000FF00007C00000000000000030
:10E2E0002001003FFF003FFF001011002009002027
:10E2F00008002008003038001FF0000FC0000000A8
:10E300000000000007C0001FF000381800200800BF
:10E310002008002009001011001FFF003FFF00002F
:10E3200001000000002008002008002008003FF83D
:10E33000003FF80008080010080020080020000036
:10E340003000003000000000000000000000000C61
:10E3500078001E18003308002308002108002188D7
:10E360000021980030F0003860000000000000003C
:10E37000200000200000200000FFF003FFF8002034
:10E380000800200800200800003000000000000005
:10E39000000000002000003FF0007FF8000018009F
:10E3A0000008000008002010003FF8007FF0000087
:10E3B00010000000000000002000003000003C00C1
:10E3C000003F800023F000007800007000238000F0
:10E3D0003C00003000002000002000003C00003F16
:10E3E000E00023F80000E0002700003E00003FE0CE
:10E3F0000021F80001E0003E0000200000000000C5
:10E400002008002008003838003E680027800003FC
:10E41000C8002CF800383800201800200800000040
:10E42000000000002000003003003C01003F83009A
:10E4300023EC000070002380003C0000200000203E
:10E440000000000000000000000000380800203834
:10E450000020F80023E8002F88003E08003808005C
:10E460002018000070000000000000000000000004
:10E47000000000000000000008000014001FF7FC6E
:10E480003000062000020000000000000000000034
:10E490000000000000000000000000000000FFFF7E
:10E4A000FF0000000000000000000000000000006D
:10E4B0000000000000002000023000061FF7FC00F2
:10E4C0001400000800000000000000000000000030
:10E4D0000000000000000018000060000040000084
:10E4E00040000020000010000008000004000004AC
:10E4F00000000C00001000000000000000001000F0
:10E500000010800210FFFE108028108048108088C4
:10E510001087081FFC081080081080081080081061
:10E5200080081FFF881080881080881080881080E5
:10E530008810FFFE30FFFC1000000000000000000B
:10E5400000000000000000000000000003FFFE00CB
:10E5500000003000001C00000C0000000000000063
:10E56000000800000800000800000800000800087B
:10E570000800080800040800060FFFFC0FFFF80061
:10E58000000000000000000000000000100000106B
:10E5900000001000101000101000101000101008E3
:10E5A00010100810100410100610FFFE10FFFC11D0
:10E5B0001000111000121000141000181000181094
:10E5C00000101000003000001000000000000000EB
:10E5D000000000010040010080010300010E000165
:10E5E00038007FFFFF212000011040111C8011091D
:10E5F00000100200100C0010300010E00017FFFEA9
:10E600001C000010100010080010060010038010FD
:10E61000018000000000000001030507090E101230
:10E620001416181C1E81FE0000407E80FE00002B88
:10E630002E2C3B3D5B5D2F2A3A3C3E7C5C223F7F8B
:10E640000000010004001000400000010002000072
:10E65000010002000400080010002000000000007B
:10E6600007000000000000000000000000000000A3
:10E67000A400E8A1A700ECA1A800A7A1B000E3A115
:10E68000B100C0A1B700A4A1D700C1A1E000A4A817
:10E69000E100A2A8E800A8A8E900A6A8EA00BAA894
:10E6A000EC00ACA8ED00AAA8F200B0A8F300AEA858
:10E6B000F700C2A1F900B4A8FA00B2A8FC00B9A8FA
:10E6C0000101A1A81301A5A81B01A7A82B01A9A8B6
:10E6D0004401BDA84801BEA84D01ADA86B01B1A879
:10E6E000CE01A3A8D001ABA8D201AFA8D401B3A892
:10E6F000D601B5A8D801B6A8DA01B7A8DC01B8A838
:10E700005102BBA86102C0A8C702A6A1C902A5A167
:10E71000CA0240A8CB0241A8D90242A89103A1A6EF
:10E720009203A2A69303A3A69403A4A69503A5A669
:10E730009603A6A69703A7A69803A8A69903A9A639
:10E740009A03AAA69B03ABA69C03ACA69D03ADA609
:10E750009E03AEA69F03AFA6A003B0A6A103B1A6D9
:10E76000A303B2A6A403B3A6A503B4A6A603B5A6A5
:10E77000A703B6A6A803B7A6A903B8A6B103C1A666
:10E78000B203C2A6B303C3A6B403C4A6B503C5A609
:10E79000B603C6A6B703C7A6B803C8A6B903C9A6D9
:10E7A000BA03CAA6BB03CBA6BC03CCA6BD03CDA6A9
:10E7B000BE03CEA6BF03CFA6C003D0A6C103D1A679
:10E7C000C303D2A6C403D3A6C503D4A6C603D5A645
:10E7D000C703D6A6C803D7A6C903D8A60104A7A70E
:10E7E0001004A1A71104A2A71204A3A71304A4A7AD
:10E7F0001404A5A71504A6A71604A8A71704A9A77B
:10E800001804AAA71904ABA71A04ACA71B04ADA748
:10E810001C04AEA71D04AFA71E04B0A71F04B1A718
:10E820002004B2A72104B3A72204B4A72304B5A7E8
:10E830002404B6A72504B7A72604B8A72704B9A7B8
:10E840002804BAA72904BBA72A04BCA72B04BDA788
:10E850002C04BEA72D04BFA72E04C0A72F04C1A758
:10E860003004D1A73104D2A73204D3A73304D4A7EC
:10E870003404D5A73504D6A73604D8A73704D9A7BA
:10E880003804DAA73904DBA73A04DCA73B04DDA788
:10E890003C04DEA73D04DFA73E04E0A73F04E1A758
:10E8A0004004E2A74104E3A74204E4A74304E5A728
:10E8B0004404E6A74504E7A74604E8A74704E9A7F8
:10E8C0004804EAA74904EBA74A04ECA74B04EDA7C8
:10E8D0004C04EEA74D04EFA74E04F0A74F04F1A798
:10E8E0005104D7A710205CA9132043A81420AAA183
:10E8F000152044A81620ACA11820AEA11920AFA164
:10E900001C20B0A11D20B1A1252045A82620ADA125
:10E910003020EBA13220E4A13320E5A1352046A828
:10E920003B20F9A1AC2080000321E6A1052147A8E6
:10E93000092148A81621EDA1212159A96021F1A2A0
:10E940006121F2A26221F3A26321F4A26421F5A263
:10E950006521F6A26621F7A26721F8A26821F9A233
:10E960006921FAA26A21FBA26B21FCA27021A1A25B
:10E970007121A2A27221A3A27321A4A27421A5A233
:10E980007521A6A27621A7A27721A8A27821A9A203
:10E990007921AAA29021FBA19121FCA19221FAA1A7
:10E9A0009321FDA1962149A897214AA898214BA817
:10E9B00099214CA80822CAA10F22C7A11122C6A1E1
:10E9C00015224DA81A22CCA11D22D8A11E22DEA1FB
:10E9D0001F224EA82022CFA123224FA82522CEA15C
:10E9E0002722C4A12822C5A12922C9A12A22C8A15F
:10E9F0002B22D2A12E22D3A13422E0A13522DFA1E5
:10EA00003622C3A13722CBA13D22D7A14822D6A1CD
:10EA10004C22D5A1522250A86022D9A16122D4A1B2
:10EA20006422DCA16522DDA1662251A8672252A8DA
:10EA30006E22DAA16F22DBA1952292A89922D1A1A0
:10EA4000A522CDA1BF2253A81223D0A16024D9A210
:10EA50006124DAA26224DBA26324DCA26424DDA2A6
:10EA60006524DEA26624DFA26724E0A26824E1A276
:10EA70006924E2A27424C5A27524C6A27624C7A282
:10EA80007724C8A27824C9A27924CAA27A24CBA266
:10EA90007B24CCA27C24CDA27D24CEA27E24CFA236
:10EAA0007F24D0A28024D1A28124D2A28224D3A206
:10EAB0008324D4A28424D5A28524D6A28624D7A2D6
:10EAC0008724D8A28824B1A28924B2A28A24B3A21E
:10EAD0008B24B4A28C24B5A28D24B6A28E24B7A216
:10EAE0008F24B8A29024B9A29124BAA29224BBA2E6
:10EAF0009324BCA29424BDA29524BEA29624BFA2B6
:10EB00009724C0A29824C1A29924C2A29A24C3A285
:10EB10009B24C4A20025A4A90125A5A90225A6A974
:10EB20000325A7A90425A8A90525A9A90625AAA9F9
:10EB30000725ABA90825ACA90925ADA90A25AEA9C9
:10EB40000B25AFA90C25B0A90D25B1A90E25B2A999
:10EB50000F25B3A91025B4A91125B5A91225B6A969
:10EB60001325B7A91425B8A91525B9A91625BAA939
:10EB70001725BBA91825BCA91925BDA91A25BEA909
:10EB80001B25BFA91C25C0A91D25C1A91E25C2A9D9
:10EB90001F25C3A92025C4A92125C5A92225C6A9A9
:10EBA0002325C7A92425C8A92525C9A92625CAA979
:10EBB0002725CBA92825CCA92925CDA92A25CEA949
:10EBC0002B25CFA92C25D0A92D25D1A92E25D2A919
:10EBD0002F25D3A93025D4A93125D5A93225D6A9E9
:10EBE0003325D7A93425D8A93525D9A93625DAA9B9
:10EBF0003725DBA93825DCA93925DDA93A25DEA989
:10EC00003B25DFA93C25E0A93D25E1A93E25E2A958
:10EC10003F25E3A94025E4A94125E5A94225E6A928
:10EC20004325E7A94425E8A94525E9A94625EAA9F8
:10EC30004725EBA94825ECA94925EDA94A25EEA9C8
:10EC40004B25EFA9502554A8512555A8522556A863
:10EC5000532557A8542558A8552559A856255AA8CC
:10EC600057255BA858255CA859255DA85A255EA89C
:10EC70005B255FA85C2560A85D2561A85E2562A86C
:10EC80005F2563A8602564A8612565A8622566A83C
:10EC9000632567A8642568A8652569A866256AA80C
:10ECA00067256BA868256CA869256DA86A256EA8DC
:10ECB0006B256FA86C2570A86D2571A86E2572A8AC
:10ECC0006F2573A8702574A8712575A8722576A87C
:10ECD000732577A8812578A8822579A883257AA825
:10ECE00084257BA885257CA886257DA887257EA8E8
:10ECF000882580A8892581A88A2582A88B2583A8B4
:10ED00008C2584A88D2585A88E2586A88F2587A883
:10ED1000932588A8942589A895258AA8A025F6A1D9
:10ED2000A125F5A1B225F8A1B325F7A1BC258BA893
:10ED3000BD258CA8C625F4A1C725F3A1CB25F0A13C
:10ED4000CE25F2A1CF25F1A1E2258DA8E3258EA83D
:10ED5000E4258FA8E52590A80526EFA10626EEA1BB
:10ED6000092691A84026E2A14226E1A10030A1A1F6
:10ED70000130A2A10230A3A10330A8A10530A9A1AE
:10ED8000063065A9073096A90830B4A10930B5A1AD
:10ED90000A30B6A10B30B7A10C30B8A10D30B9A123
:10EDA0000E30BAA10F30BBA11030BEA11130BFA1EF
:10EDB000123093A81330FEA11430B2A11530B3A1C4
:10EDC0001630BCA11730BDA11D3094A81E3095A8E7
:10EDD000213040A9223041A9233042A9243043A93F
:10EDE000253044A9263045A9273046A9283047A90F
:10EDF000293048A94130A1A44230A2A44330A3A4A1
:10EE00004430A4A44530A5A44630A6A44730A7A406
:10EE10004830A8A44930A9A44A30AAA44B30ABA4D6
:10EE20004C30ACA44D30ADA44E30AEA44F30AFA4A6
:10EE30005030B0A45130B1A45230B2A45330B3A476
:10EE40005430B4A45530B5A45630B6A45730B7A446
:10EE50005830B8A45930B9A45A30BAA45B30BBA416
:10EE60005C30BCA45D30BDA45E30BEA45F30BFA4E6
:10EE70006030C0A46130C1A46230C2A46330C3A4B6
:10EE80006430C4A46530C5A46630C6A46730C7A486
:10EE90006830C8A46930C9A46A30CAA46B30CBA456
:10EEA0006C30CCA46D30CDA46E30CEA46F30CFA426
:10EEB0007030D0A47130D1A47230D2A47330D3A4F6
:10EEC0007430D4A47530D5A47630D6A47730D7A4C6
:10EED0007830D8A47930D9A47A30DAA47B30DBA496
:10EEE0007C30DCA47D30DDA47E30DEA47F30DFA466
:10EEF0008030E0A48130E1A48230E2A48330E3A436
:10EF00008430E4A48530E5A48630E6A48730E7A405
:10EF10008830E8A48930E9A48A30EAA48B30EBA4D5
:10EF20008C30ECA48D30EDA48E30EEA48F30EFA4A5
:10EF30009030F0A49130F1A49230F2A49330F3A475
:10EF40009B3061A99C3062A99D3066A99E3067A95B
:10EF5000A130A1A5A230A2A5A330A3A5A430A4A549
:10EF6000A530A5A5A630A6A5A730A7A5A830A8A519
:10EF7000A930A9A5AA30AAA5AB30ABA5AC30ACA5E9
:10EF8000AD30ADA5AE30AEA5AF30AFA5B030B0A5B9
:10EF9000B130B1A5B230B2A5B330B3A5B430B4A589
:10EFA000B530B5A5B630B6A5B730B7A5B830B8A559
:10EFB000B930B9A5BA30BAA5BB30BBA5BC30BCA529
:10EFC000BD30BDA5BE30BEA5BF30BFA5C030C0A5F9
:10EFD000C130C1A5C230C2A5C330C3A5C430C4A5C9
:10EFE000C530C5A5C630C6A5C730C7A5C830C8A599
:10EFF000C930C9A5CA30CAA5CB30CBA5CC30CCA569
:10F00000CD30CDA5CE30CEA5CF30CFA5D030D0A538
:10F01000D130D1A5D230D2A5D330D3A5D430D4A508
:10F02000D530D5A5D630D6A5D730D7A5D830D8A5D8
:10F03000D930D9A5DA30DAA5DB30DBA5DC30DCA5A8
:10F04000DD30DDA5DE30DEA5DF30DFA5E030E0A578
:10F05000E130E1A5E230E2A5E330E3A5E430E4A548
:10F06000E530E5A5E630E6A5E730E7A5E830E8A518
:10F07000E930E9A5EA30EAA5EB30EBA5EC30ECA5E8
:10F08000ED30EDA5EE30EEA5EF30EFA5F030F0A5B8
:10F09000F130F1A5F230F2A5F330F3A5F430F4A588
:10F0A000F530F5A5F630F6A5FC3060A9FD3063A972
:10F0B000FE3064A90531C5A80631C6A80731C7A826
:10F0C0000831C8A80931C9A80A31CAA80B31CBA890
:10F0D0000C31CCA80D31CDA80E31CEA80F31CFA860
:10F0E0001031D0A81131D1A81231D2A81331D3A830
:10F0F0001431D4A81531D5A81631D6A81731D7A800
:10F100001831D8A81931D9A81A31DAA81B31DBA8CF
:10F110001C31DCA81D31DDA81E31DEA81F31DFA89F
:10F120002031E0A82131E1A82231E2A82331E3A86F
:10F130002431E4A82531E5A82631E6A82731E7A83F
:10F140002831E8A82931E9A82032E5A22132E6A237
:10F150002232E7A22332E8A22432E9A22532EAA22F
:10F160002632EBA22732ECA22832EDA22932EEA2FF
:10F1700031325AA9A33249A98E334AA98F334BA9F8
:10F180009C334CA99D334DA99E334EA9A1334FA961
:10F19000C43350A9CE3351A9D13352A9D23353A984
:10F1A000D53354A9004EBBD2014EA1B6024E4081C8
:10F1B000034EDFC6044E4181054E4281064E438117
:10F1C000074EF2CD084EC9D5094EFDC80A4ECFC92B
:10F1D0000B4EC2CF0C4EA2D80D4EBBB20E4EEBD38F
:10F1E0000F4E4481104EA4D8114EF3B3124E4581F8
:10F1F000134EA8D7144ED2C7154EA7D8164EC0CA64
:10F20000174E4681184EF0C7194EFBB11A4EB5D2B3
:10F210001B4ED4B41C4EABB61D4EBFCB1E4EA9D850
:10F220001F4E4781204E4881214E4981224EAAB669
:10F23000234E4A81244EBDC1254ECFD1264E4B814F
:10F24000274EA5C9284EADD8294E4C812A4EF6B876
:10F250002B4EBED12C4EDCE32D4ED0D62E4E4D8102
:10F260002F4E4E81304EE1B7314E4F81324EAEB40B
:10F27000334E5081344ED9C1354E5181364EBCD8B3
:10F28000374E5281384EE8CD394EA4B53A4EAACE0B
:10F290003B4EF7D63C4E53813D4EF6C03E4ED9BE56
:10F2A0003F4EAFD8404E5481414E5581424E56811B
:10F2B000434ECBC4444E5781454EC3BE464E588143
:10F2C000474EB1D8484EB4C3494EE5D24A4E598153
:10F2D0004B4EAED64C4EDACE4D4EA7D54E4EF5BA6D
:10F2E0004F4EA6B7504ED6C0514E5A81524EB9C657
:10F2F000534ED2C5544EC7C7554E5B81564ED4B9F6
:10F30000574E5C81584ECBB3594ED2D25A4E5D8186
:10F310005B4E5E815C4EBFD85D4EC5BE5E4EF2C692
:10F320005F4EB2D2604EB0CF614EE7CF624E5F818A
:10F33000634E6081644E6181654E6281664EE9CAAA
:10F34000674E6381684E6481694EC0D86A4E65819C
:10F350006B4E66816C4E67816D4E68816E4E698121
:10F360006F4E6A81704EF2C2714ED2C2724E6B8184
:10F37000734EE9C8744E6C81754E6D81764E6E8108
:10F38000774E6F81784E7081794E71817A4E72819D
:10F390007B4E73817C4E74817D4E75817E4EACC7F1
:10F3A0007F4E7681804E7781814E7881824E798141
:10F3B000834E7A81844E7B81854E7C81864ECBC183
:10F3C000874E7D81884EE8D3894EF9D58A4E7E815D
:10F3D0008B4EC2CA8C4EFEB68D4EA1D88E4EDAD35D
:10F3E0008F4EF7BF904E8081914EC6D4924EA5BBF2
:10F3F000934EC1D8944EE5CE954EAEBE964E8181C9
:10F40000974E8281984EA8D8994E83819A4EC7D143
:10F410009B4EA9D09C4E84819D4E85819E4E8681B7
:10F420009F4EBDD8A04EEFD9A14EF6CDA24EBABF89
:10F43000A34E8781A44EBBBDA54EA5BAA64EE0D271
:10F44000A74EFAB2A84EE0BAA94EB6C4AA4E888119
:10F45000AB4EEDCFAC4EA9BEAD4EA4CDAE4EC1C1AC
:10F46000AF4E8981B04E8A81B14E8B81B24ED7C7E3
:10F47000B34EF1D9B44E8C81B54EF4D9B64E8D81D0
:10F48000B74E8E81B84E8F81B94E9081BA4ECBC89F
:10F49000BB4EE9D8BC4E9181BD4E9281BE4E938148
:10F4A000BF4EDAD2C04EB2CAC14ECAC8C24EECD8A4
:10F4B000C34EEAD8C44EC6D8C54EF6BDC64ECDC65C
:10F4C000C74EF0B3C84E9481C94EEBD8CA4EF1BDB9
:10F4D000CB4EE9BDCC4E9581CD4ED4C8CE4ED3B4E3
:10F4E000CF4E9681D04E9781D14ED8C2D24E9881C0
:10F4F000D34ED6B2D44ED0D7D54ECBCAD64EFBCBF8
:10F50000D74ECCD5D84EB6B8D94EC9CFDA4E9981A0
:10F51000DB4E9A81DC4E9B81DD4EDAD9DE4EF0D88F
:10F52000DF4EAAC7E04E9C81E14EEED8E24E9D81AF
:10F53000E34EFAB4E44EEEC1E54ED4D2E64E9E81DF
:10F54000E74E9F81E84EEDD8E94EA081EA4EC7D242
:10F55000EB4EEFD8EC4EC7C3ED4EA181EE4EA2812B
:10F56000EF4EA381F04EF6D1F14EA481F24ED9D6E2
:10F57000F34EF2D8F44EA581F54EF5D8F64EFEBC0A
:10F58000F74EDBBCF84EA681F94EA781FA4EA88152
:10F59000FB4ECEC8FC4EA981FD4EDDB7FE4EAA81C2
:10F5A000FF4EC2B7004FAB81014FF3C6024FAC8193
:10F5B000034FAD81044FAE81054FAF81064FB0813F
:10F5C000074FB181084FB281094FF8D80A4FC1D215
:10F5D0000B4FB3810C4FB4810D4FE9CE0E4FBFBC22
:10F5E0000F4FFCB7104FA5B7114FDDD0124FB581AB
:10F5F000134FB681144FB781154FB881164FB9819B
:10F60000174FDAD6184FC5D3194FEFBB1A4FE1BBCE
:10F610001B4FF1D81C4FBA811D4FBB811E4FA1C992
:10F620001F4FB0CE204FABB4214FBC81224FF3D837
:10F63000234FBD81244FCBC9254FF6D8264FD7C2C3
:10F64000274FF7D8284FBE81294FBF812A4FB1CE0F
:10F650002B4FF9D82C4FC0812D4FC1812E4FC28125
:10F660002F4FAEB2304FC0B9314FC381324FA3D903
:10F67000334FC481344FE9B0354FC581364FE6C1B1
:10F68000374FC681384FECC9394FC7813A4FC5CB88
:10F690003B4FC8813C4FC6CB3D4FA4D93E4FC9819B
:10F6A0003F4FCA81404FCB81414FCC81424FCD81EA
:10F6B000434FE8B5444FCE81454FCF81464FABB560
:10F6C000474FD081484FD181494FD2814A4FD38192
:10F6D0004B4FD4814C4FD5814D4FBBCE4E4FCDB506
:10F6E0004F4FA1D7504FF4D7514FD3D3524FD6815C
:10F6F000534FE5CC544FD781554FCEBA564FD88192
:10F70000574FA2D9584FDCD9594FE0D35A4FFDD8A3
:10F710005B4FF0B75C4FF7D75D4FFED85E4FFAD81E
:10F720005F4FA1D9604FE3C4614FD981624FDA8145
:10F73000634FB6D3644FF4D8654FDDD9664FDB8194
:10F74000674FFBD8684FDC81694FE5C56A4FDD81A3
:10F750006B4FDE816C4FD0C06D4FDF816E4FE0810B
:10F760006F4FF0D1704FDBB0714FE181724FE2818A
:10F77000734FD1BC744FA6D9754FE381764FA5D98D
:10F78000774FE481784FE581794FE6817A4FE781C1
:10F790007B4FACD97C4FAED97D4FE8817E4FABD942
:10F7A0007F4FB9CA804FE981814FEA81824FEB8157
:10F7B000834FA9D9844FB6D6854FEC81864FED8112
:10F7C000874FEE81884FDEB3894FA8D98A4FEF81EA
:10F7D0008B4FFDC08C4FF0818D4FCCCA8E4FF18185
:10F7E0008F4FAAD9904FF281914FA7D9924FF381B1
:10F7F000934FF481944FB0D9954FF581964FF68190
:10F80000974FB1B6984FF781994FF8819A4FF98188
:10F810009B4FA9B99C4FFA819D4FC0D29E4FFB814F
:10F820009F4FFC81A04FC0CFA14FFD81A24FFE8111
:10F83000A34FC2C2A44F4082A54FC4BDA64FECD572
:10F84000A74FE0B2A84FC8C7A94FEBBFAA4FADD989
:10F85000AB4F4182AC4FAFD9AD4F4282AE4FEACEF3
:10F86000AF4FEEBAB04F4382B14F4482B24F4582A0
:10F87000B34F4682B44F4782B54FD6C7B64F488282
:10F88000B74F4982B84F4A82B94F4B82BA4F4C8228
:10F89000BB4F4D82BC4F4E82BD4F4F82BE4F5082F8
:10F8A000BF4FE3B1C04F5182C14F5282C24F53820A
:10F8B000C34FD9B4C44FEDB6C54FB4D9C64F548267
:10F8C000C74F5582C84F5682C94F5782CA4FA1BFF2
:10F8D000CB4F5882CC4F5982CD4F5A82CE4FDED972
:10F8E000CF4FCEC7D04FFEC0D14FB8D9D24F5B82D9
:10F8F000D34F5C82D44F5D82D54F5E82D64F5F82FC
:10F90000D74FD7CBD84FFDB7D94F6082DA4FB5D993
:10F91000DB4F6182DC4FB7D9DD4FA3B1DE4FE1D3BE
:10F92000DF4FB9D9E04F6282E14FC5D0E24F638229
:10F93000E34FB6D9E44F6482E54F6582E64FB1D913
:10F94000E74F6682E84FB2D9E94FA9C1EA4FB3D970
:10F95000EB4F6782EC4F6882ED4FF3BCEE4FDED089
:10F96000EF4FA9B8F04F6982F14FE3BEF24F6A82C0
:10F97000F34FBDD9F44F6B82F54F6C82F64F6D8219
:10F98000F74F6E82F84FBAD9F94F6F82FA4FB3B082
:10F99000FB4F7082FC4F7182FD4F7282FE4FC2D9C5
:10F9A000FF4F73820050748201507582025076823C
:10F9B00003507782045078820550798206507A820B
:10F9C00007507B8208507C8209507D820A507E82DB
:10F9D0000B5080820C50C4D90D50B6B10E508182AC
:10F9E0000F50BFD910508282115083821250B9B586
:10F9F000135084821450F3BE1550858216508682AF
:10FA0000175087821850C8CC1950F2BA1A50D0D269
:10FA10001B5088821C50C3D91D5089821E508A8277
:10FA20001F50E8BD20508B822150ABB322508C82F6
:10FA300023508D8224508E822550C5D92650EBBE8E
:10FA400027508F822850C6D92950BBD92A50DFC4ED
:10FA50002B5090822C50BED92D50C1D92E50C0D9D8
:10FA60002F50918230509282315093823250948242
:10FA70003350958234509682355097823650988212
:10FA80003750998238509A8239509B823A50AED57D
:10FA90003B509C823C50B5D63D509D823E50E3C7C2
:10FAA0003F509E8240509F824150A0824250A1828E
:10FAB0004350C8D94450A2824550A3824650A482E4
:10FAC0004750D9BC4850CAD94950A5824A50A6824D
:10FAD0004B50A7824C50BCD94D50A8824E50CBD928
:10FAE0004F50ABC65050A9825150AA825250AB829F
:10FAF0005350AC825450AD825550C9D95650AE8245
:10FB00005750AF825850B0825950B1825A50F6D7F0
:10FB10005B50B2825C50A3CD5D50B3825E50B48224
:10FB20005F50B5826050B6826150B7826250B88231
:10FB30006350B9826450BA826550A1BD6650BB82E1
:10FB40006750BC826850BD826950BE826A50BF82D5
:10FB50006B50C0826C50CCD96D50C1826E50C28245
:10FB60006F50C3827050C4827150C5827250C68279
:10FB70007350C7827450C8827550C9827650BCC514
:10FB80007750B5CD7850CA827950CB827A50CC82EA
:10FB90007B50CDD97C50CD827D50CE827E50C7D94E
:10FBA0007F50A5B38050FEBF8150CF828250D0825B
:10FBB0008350D1828450D2828550B5B88650D3828A
:10FBC0008750D4828850FCC08950D5828A50D68212
:10FBD0008B50D7828C50D8828D50F8B08E50D982FD
:10FBE0008F50DA829050DB829150DC829250DD821D
:10FBF0009350DE829450DF829550E0829650E182ED
:10FC00009750E2829850E3829950E4829A50E582BC
:10FC10009B50E6829C50E7829D50E8829E50E9828C
:10FC20009F50EA82A050EB82A150EC82A250ED825C
:10FC3000A350F6B4A450EE82A550CED9A650EF82C0
:10FC4000A750CFD9A850A2B4A950D0D9AA50F082B9
:10FC5000AB50F182AC50DFB4AD50F282AE50F382C3
:10FC6000AF50F482B050F582B150F682B250C1B0BC
:10FC7000B350F782B450F882B550F982B650FA8288
:10FC8000B750FB82B850FC82B950FD82BA50D1D92E
:10FC9000BB50B5C9BC50FE82BD504083BE504183AD
:10FCA000BF504283C0504383C1504483C2504583F8
:10FCB000C3504683C4504783C5504883C6504983C8
:10FCC000C7504A83C8504B83C9504C83CA504D8398
:10FCD000CB504E83CC504F83CD505083CE50518368
:10FCE000CF50F1CFD0505283D1505383D250548350
:10FCF000D3505583D4505683D5505783D650D2D93C
:10FD0000D7505883D8505983D9505A83DA50C5C137
:10FD1000DB505B83DC505C83DD505D83DE505E83B3
:10FD2000DF505F83E0506083E1506183E250628383
:10FD3000E3506383E4506483E5506583E650D6D98D
:10FD4000E750AEC9E8506683E9506783EA5068839C
:10FD5000EB506983EC50D5D9ED50D4D9EE50D7D9BA
:10FD6000EF506A83F0506B83F1506C83F2506D83D7
:10FD7000F350DBCBF4506E83F550A9BDF6506F8382
:10FD8000F7507083F8507183F9507283FA5073837F
:10FD9000FB50A7C6FC507483FD507583FE507683DC
:10FDA000FF507783005178830151798302517A8320
:10FDB00003517B8304517C8305517D830651D3D944
:10FDC0000751D8D908517E83095180830A51818314
:10FDD0000B51D9D90C5182830D5183830E518483E9
:10FDE0000F51858310518683115187831251E5C8C5
:10FDF000135188831451898315518A8316518B833B
:10FE000017518C8318518D8319518E831A518F830A
:10FE10001B5190831C5191831D5192831E519383DA
:10FE20001F519483205195832151DCC02251968328
:10FE300023519783245198832551998326519A837E
:10FE400027519B8328519C8329519D832A519E834E
:10FE50002B519F832C51A0832D51A1832E51A2831E
:10FE60002F51A3833051A4833151A5833251A683EE
:10FE70003351A7833451A8833551A9833651AA83BE
:10FE80003751AB833851AC833951AD833A51AE838E
:10FE90003B51AF833C51B0833D51B1833E51B2835E
:10FEA0003F51F9B64051A3D84151CAD44251B3830E
:10FEB0004351AAD44451D6D04551E4B34651D7D585
:10FEC0004751B4834851C8CF4951E2B94A51B5832B
:10FED0004B51CBBF4C51B6834D51E2C34E51B7830A
:10FEE0004F51B8835051B9835151D2B65251BA8350
:10FEF0005351BB835451C3CD5551EED95651F0D90E
:10FF00005751BC835851BD835951BE835A51B3B523
:10FF10005B51BF835C51B5B65D51C0835E51C183F7
:10FF20005F51C2836051C3836151C4836251A4BED7
:10FF30006351C5836451C6836551EBC86651C7835D
:10FF40006751C8836851ABC86951C9836A51CA8374
:10FF50006B51CBB06C51ABB96D51F9C16E51E2D957
:10FF60006F51CB837051BCC07151B2B97251CC8307
:10FF70007351D8B97451CBD07551F8B17651E4C6EC
:10FF80007751DFBE7851E4B57951C8D77A51CD8326
:10FF90007B51F8D17C51E6BC7D51DECA7E51CE83C7
:10FFA0007F51CF838051BDBC8151E6D98251E7D8C2
:10FFB0008351D0838451D1838551DAC48651D28351
:10FFC0008751D3838851D4B88951BDC88A51D4830D
:10FFD0008B51D5838C51E1B28D51D9D48E51D683BA
:10FFE0008F51D7839051D8839151D9839251B0C307
:10FFF0009351DA839451DB839551E1C39651A2DA90
:020000040801F1
:100000009751DFC89851DC839951B4D09A51DD8360
:100010009B51FCBE9C51A9C59D51DE839E51DF833F
:100020009F51E083A051DAB9A151E183A251A3DA33
:10003000A351E283A451A9D4A551A4DAA651E38324
:10004000A751E483A851E583A951E683AA51E78328
:10005000AB51FBD9AC51ACB6AD51E883AE51E9839D
:10006000AF51EBB7B051F9B1B151FCD9B251E5B3D1
:10007000B351F6BEB451EA83B551F6BFB651B1D211
:10008000B751E4C0B851EB83B951EC83BA51ED8359
:10009000BB51B3B6BC51FED9BD51FDD9BE51EE83A3
:1000A000BF51EF83C051BBBEC151F083C251F18338
:1000B000C351F283C451E0C6C551F383C651BCD7C6
:1000C000C751A1DAC851F483C951B9C1CA51F583E6
:1000D000CB51F2B5CC51E8C1CD51F683CE51F78367
:1000E000CF51F5BCD051F883D151D5B4D251F98359
:1000F000D351FA83D451FB83D551FC83D651FD8370
:10010000D751FE83D8514084D9514184DA51428479
:10011000DB51DDC1DC514384DD51FDC4DE5144843B
:10012000DF514584E051B8BCE151B2B7E251468499
:10013000E3514784E451EFB7E5514884E6514984DF
:10014000E7514A84E8514B84E9514C84EA514D848B
:10015000EB51ECD9EC514E84ED51BEC6EE514F84BB
:10016000EF51ADBFF051CBBBF1515084F2515184EE
:10017000F351CAB5F4515284F551C9DBF651D7D0C9
:10018000F7515384F851B9CDF951BCB0FA51F6B3D7
:10019000FB51F7BBFC51CADBFD51AFBAFE51548491
:1001A000FF51E4D40052B6B50152F3B50252D6D88D
:1001B0000352D0C804525584055256840652D6B70D
:1001C0000752D0C70852D7D8095257840A52AFBF36
:1001D0000B5258840C5259840D52BBDB0E52D8D8A6
:1001E0000F525A8410525B841152CCD01252AEBBC3
:1001F00013525C8414525D8415525E841652BEEB19
:100200001752D0C11852F5C11952F2D41A52D5B8AA
:100210001B52B4B41C525F841D52F5B31E5260844D
:100220001F5261842052BEC92152628422526384CB
:10023000235264842452D0C5255265842652668494
:10024000275267842852D9C52952FBC02A52688494
:100250002B52F0B12C5269842D52D9D82E52CEB9DE
:100260002F526A843052BDB531526B8432526C8445
:100270003352DAD834526D8435526E843652C6D633
:100280003752A2CB3852AFC83952B2C93A52CCB465
:100290003B52CCBF3C526F843D52F4B93E52708405
:1002A0003F52DBD84052DCD84152E7B64252C1BC83
:1002B0004352EACC4452718445527284465273844C
:1002C0004752748448527584495276844A52F7CF13
:1002D0004B5277844C52DDD84D52B0C74E52788481
:1002E0004F5279845052D0B95152A3BD52527A84A0
:1002F00053527B845452DECC55527C845652CAC62B
:1003000057527D8458527E84595280845A52818437
:100310005B5282845C52E0D85D5283845E52DED8A8
:100320005F528484605285846152DFD86252868431
:1003300063528784645288846552FEB06652898411
:100340006752E7BE68528A846952A3CA6A52F4BCF3
:100350006B528B846C528C846D528D846E528E8461
:100360006F52B1B870528F84715290847252EEB84D
:100370007352918474529284755293847652948409
:100380007752958478529684795297847A529884D9
:100390007B5299847C529A847D52E2D87E529B840F
:1003A0007F52CBBD80529C848152E4D88252E3D8E4
:1003B00083529D8484529E8485529F848652A08459
:1003C0008752A1848852FCC58952A2848A52A38490
:1003D0008B52A4848C52A5848D52A6848E52A784FD
:1003E0008F52A8849052E5D89152A9849252AA843F
:1003F0009352E6D89452AB849552AC849652AD8415
:100400009752AE849852AF849952B0849A52B18474
:100410009B52A6C19C52B2849D52B0C89E52ECB071
:100420009F52A6B9A052D3BCA152F1CEA252BDDBBD
:10043000A352D3C1A452B384A552B484A652B584A6
:10044000A752B684A852AFB6A952FAD6AA52ACC5E2
:10045000AB52D9BDAC52BEDBAD52BFDBAE52B7849E
:10046000AF52B884B052B984B152F8C0B252A2BEF1
:10047000B352CDC0B452BA84B552BB84B652BC8418
:10048000B752BD84B852BE84B952BF84BA52C08438
:10049000BB52C184BC52C284BD52C384BE52C0DBB5
:1004A000BF52C6CAC052C484C152C584C252C68497
:1004B000C352AAB2C452C784C552C884C652C984A2
:1004C000C752C2D3C852CA84C952E3C3CA52CB84EA
:1004D000CB52ABD1CC52CC84CD52CD84CE52CE8433
:1004E000CF52CF84D052C2DBD152D084D252D5C0A9
:1004F000D352D184D452D284D552D384D652C3DBC2
:10050000D752D484D852B1BFD952D584DA52D684C6
:10051000DB52D784DC52D884DD52D984DE52DA84AF
:10052000DF52BCC4E052DB84E152DC84E252DD8461
:10053000E352DE84E452DAC7E552DF84E652E08417
:10054000E752E184E852E284E952E384EA52E48427
:10055000EB52E584EC52E684ED52E784EE52E884F7
:10056000EF52E984F052C4DBF152EA84F252EB8498
:10057000F352EC84F452ED84F552EE84F652EF849B
:10058000F752F084F852F184F952E8D9FA52D7C9F7
:10059000FB52F284FC52F384FD52F484FE52B4B94F
:1005A000FF52F0CE0053C8D40153F5840253F684B1
:1005B0000353F7840453F8840553FCB00653D2B4B4
:1005C0000753F9840853D9D00953FA840A53FB849A
:1005D0000B53FC840C53FD840D53E9D90E53FE8458
:1005E0000F53CBDE1053EBD9115340851253418585
:1005F00013534285145343851553B0D81653AFBBDC
:100600001753B1B1185344851953D7B31A53CED8E1
:100610001B5345851C5346851D53D1D41E53478516
:100620001F5348852053B3BD2153EFBF2253498543
:100630002353BBCF24534A8525534B852653D0D80B
:1006400027534C8528534D8529534E852A53CBB7C4
:100650002B534F852C5350852D5351852E53D1D874
:100660002F5352853053538531535485325355851A
:1006700033535685345357853553588536535985EA
:1006800037535A8538535B853953A5C63A53F8C753
:100690003B53BDD23C535C853D535D853E53D2D820
:1006A0003F53E4C440535E854153AECA42535F8515
:1006B0004353A7C7445360854553A6D84653618525
:1006C0004753FDC94853E7CE4953DCBB4A53EBB00F
:1006D0004B5362854C5363854D5364854E53AABB7F
:1006E0004F53ADD0505365855153B0B15253E4D7F9
:1006F0005353BFD7545366855553A5B55653F4C2CB
:100700005753CFC458536785595368855A53A9B274
:100710005B5369855C53B7B25D536A855E53E5B13F
:100720005F53B2DF6053BCD56153A8BF6253ACC204
:100730006353D5D86453B1C265536B856653D4D81F
:100740006753D4CE68536C856953E0DA6A536D857C
:100750006B53C0CE6C536E856D536F856E53B4D89A
:100760006F53AEC37053A1D37153A3CE7253708530
:100770007353B4BC7453B4C87553D1C276537185E6
:100780007753EDBE7853B6D0795372857A53E1DA58
:100790007B5373857C5374857D5375857E53768535
:1007A0007F53E4C780537785815378858253A7B3FD
:1007B000835379858453F2B68553FCCC8653FAC0B3
:1007C00087537A8588537B858953F7C08A537C8504
:1007D0008B53B9D18C53E1D18D53C7D88E537D85BE
:1007E0008F537E8590538085915381859253828566
:1007F00093538385945384859553DEB296538585B0
:10080000975386859853E5C0995387859A53F1BAD3
:100810009B5388859C5389859D53C8D89E538A8550
:100820009F53ADD4A0538B85A1538C85A253E1CFA8
:10083000A353C9D8A4538D85A553CAD8A653C3CFF3
:10084000A7538E85A853F8B3A953C7BEAA538F8563
:10085000AB539085AC539185AD539285AE53CBD8B5
:10086000AF539385B0539485B1539585B253968514
:10087000B3539785B4539885B5539985B653CCDB5C
:10088000B7539A85B8539B85B9539C85BA539D85B8
:10089000BB53A5C8BC539E85BD539F85BE53A08541
:1008A000BF53D8CFC053A185C153FEC8C253CEB2E7
:1008B000C353A285C453A385C553A485C653A58538
:1008C000C753A685C853D6D3C953E6B2CA53B0BCE2
:1008D000CB53D1D3CC53ABCBCD53B4B7CE53A785E9
:1008E000CF53A885D053A985D153A2B7D253AA8597
:1008F000D353AB85D453E5CAD553AC85D653A1C8E1
:10090000D753DCCAD853E4B1D953F0D0DA53AD850C
:10091000DB53D1C5DC53AE85DD53AF85DE53B085E7
:10092000DF53C5DBE053FEB5E153B185E253B28539
:10093000E353DABFE453C5B9E553E4BEE653EDC172
:10094000E753B385E853B6DFE953B5DFEA53BBD6C7
:10095000EB53D0BDEC53D9D5ED53C8B0EE53A3B68D
:10096000EF53C9BFF053A8CCF153B3DFF253B7CA6A
:10097000F353D2D3F453B485F553CFD8F653B6D24C
:10098000F753C5BAF853BECBF953BECCFA53B5856D
:10099000FB53B7DFFC53F0B5FD53B4DFFE53B68510
:1009A000FF53B7850054B8850154F5D30254B98577
:1009B0000354D4B30454F7B80554BA850654BADFC7
:1009C0000754BB850854CFBA0954AABC0A54F5B5DC
:1009D0000B54BC850C54ACCD0D54FBC30E54F3BA70
:1009E0000F54F4C01054C2CD1154F2CF1254B8DFDA
:1009F0001354C5CF1454BD851554C0C21654B9DF65
:100A00001754F0C21854BE851954BF851A54C085B6
:100A10001B54FDBE1C54C1851D54DFC11E54CCCDDA
:100A20001F54F7D22054CDB72154C1DF2254C285C0
:100A30002354C4DF2454C3852554C4852654F1B7F8
:100A40002754C9B02854D6B62954D4B72A54C585DA
:100A50002B54ACBA2C54FDCC2D54D4BF2E54B1CB56
:100A60002F54F4C63054C6853154A8D63254C5DF4D
:100A70003354C7853454E2CE3554B3B33654C885A5
:100A80003754C9853854FCCE3954B5B43A54CA8564
:100A90003B54C7CE3C54F0BA3D54CB853E54E1CED6
:100AA0003F54CC854054BDD14154CD854254CE8570
:100AB0004354C0DF4454CF854554D0854654F4B4E4
:100AC0004754D1854854CAB34954D2854A54E6B8EC
:100AD0004B54BBDF4C54D3854D54D4854E54D585EF
:100AE0004F54D6855054C5C45154D7855254BCDF99
:100AF0005354BDDF5454BEDF5554BBC55654BFDFFD
:100B00005754C2DF5854B1D45954C3DF5A54D8850E
:100B10005B54BAC75C54D8CE5D54D9855E54DA852F
:100B20005F54DB856054DC856154DD856254D8C434
:100B30006354DE856454CADF6554DF856654CFDFB5
:100B40006754E0856854DCD66954E1856A54E285CF
:100B50006B54E3856C54E4856D54E5856E54E685ED
:100B60006F54E7857054E8857154C9DF7254DADF39
:100B70007354B6CE7454E9857554C7BA7654CEDF33
:100B80007754C8DF7854DEC57954EA857A54EB850A
:100B90007B54EBC97C54F4BA7D54FCC37E54EC8581
:100BA0007F54ED858054D7BE8154EE858254C6DFD4
:100BB0008354EF858454CDDF8554F0858654D8C5A1
:100BC0008754F1858854F2858954F3858A54F485D5
:100BD0008B54A6D58C54CDBA8D54F5858E54CCBE8D
:100BE0008F54BDD39054C0B89154F6859254E4D636
:100BF0009354F7859454C7DF9554BEB99654A7BF54
:100C00009754F8859854F9859954FCC19A54CBDFD0
:100C10009B54CCDF9C54FA859D54D0DF9E54FB85B9
:100C20009F54FC85A054FD85A154FE85A2544086A6
:100C3000A354DBDFA454E5DFA5544186A654D7DFD7
:100C4000A754D6DFA854C9D7A954E3DFAA54E4DFD8
:100C5000AB54EBE5AC54A7D2AD54D2DFAE544286D0
:100C6000AF54A9BFB0544386B154DBD4B2544486C8
:100C7000B354C8BFB454D4DFB5544586B654468681
:100C8000B7544786B854CCCFB9544886BA5449862D
:100C9000BB54DDDFBC544A86BD54CAD1BE544B861A
:100CA000BF54DEDFC054A7B0C154B7C6C254D3DFAF
:100CB000C3544C86C454E5BAC5544D86C654DFB6F9
:100CC000C754DBCDC854FEB9C954D5D4CA544E86D6
:100CD000CB544F86CC54DFDFCD54ECCFCE54A5B0EF
:100CE000CF54E7DFD054D1DFD154C6D1D254D5DFB1
:100CF000D354D8DFD454D9DFD554DCDFD654508652
:100D0000D754A9BBD8545186D954E0DFDA54E1DF77
:100D1000DB545286DC54E2DFDD54E6DFDE54E8DFEC
:100D2000DF54B4D3E0545386E1545486E2545586DC
:100D3000E3545686E4545786E554E7B8E654B6C5FE
:100D4000E754EADFE854DAC9E954A8C1EA54C4C454
:100D5000EB545886EC545986ED54DEBFEE54F8CF70
:100D6000EF545A86F0545B86F1545C86F254DCD51D
:100D7000F354EEDFF4545D86F5545E86F6545F86D8
:100D8000F7546086F8546186F9546286FA54B8B212
:100D9000FB546386FC54DFBAFD54ECDFFE546486DA
:100DA000FF54C1DB005565860155E4D102556686C6
:100DB0000355678604556886055569860655F4CB44
:100DC0000755BDB408556A860955A6B00A556B8605
:100DD0000B556C860C556D860D556E860E556F86BF
:100DE0000F55F1DF1055C6CC1155F2DF1255708644
:100DF000135571861455EDDF155572861655738699
:100E00001755748618557586195576861A5577863E
:100E10001B55E9DF1C5578861D5579861E557A8647
:100E20001F557B862055EBDF21557C862255EFDF51
:100E30002355F0DF2455BDBB25557D8626557E867E
:100E40002755F3DF28558086295581862A55F4DFFA
:100E50002B5582862C55A3BB2D5583862E55DBCA78
:100E60002F55A8CE3055A7E03155AAB33255848608
:100E70003355A6E0345585863555868636558786A2
:100E80003755A1E038558886395589863A558A867E
:100E90003B558B863C55FEDF3D558C863E55D9CD66
:100EA0003F55FCDF40558D864155FADF42558E8611
:100EB0004355D0BF4455C4D745558F864655CCC9F8
:100EC00047559086485591864955F8DF4A55A1B057
:100ED0004B5592864C5593864D5594864E55958626
:100EE0004F5596865055FDDF515597865255988639
:100EF0005355998654559A865555FBDF5655A2E0B1
:100F000057559B8658559C8659559D865A559E86A1
:100F10005B559F865C55A8E05D55A0865E55A18611
:100F20005F55A2866055A3866155C8B76255A486F1
:100F30006355A5866455A1C66555B6C96655B2C048
:100F40006755F5DF6855A6866955A7866A55BEC5FB
:100F50006B55A8866C55C4D86D55F9DF6E55F6C42F
:100F60006F55A9867055AA867155AB867255AC86A9
:100F70007355AD867455AE867555A3E07655A4E0DD
:100F80007755A5E07855A5D07955AF867A55B086C6
:100F90007B55B4E07C55E4CC7D55B1867E55B1E0FF
:100FA0007F55B2868055A6BF8155AFE08255B9CE38
:100FB0008355ABE08455C6C98555B3868655B4863E
:100FC0008755AEC08855AEE08955EDBA8A55B0BA9E
:100FD0008B55A9E08C55B5868D55B6868E55B7864E
:100FE0008F55F6DF9055B8869155B3E09255B98686
:100FF0009355BA869455B8E09555BB869655BC86F0
:101000009755BD869855ADB49955B9E09A55BE86A9
:101010009B55BF869C55B2CF9D55C8BA9E55C0867C
:101020009F55B0E0A055C186A155C286A255C38682
:10103000A355C486A455C586A555C686A655C7869C
:10104000A755FAD0A855C886A955C986AA55CA86F3
:10105000AB55CB86AC55CC86AD55CD86AE55CE8640
:10106000AF55CF86B055D086B155ACE0B255D186DC
:10107000B355FBD4B455D286B555F7DFB655D386F4
:10108000B755E7C5B855D486B955ADE0BA55D5863C
:10109000BB55F7D3BC55D686BD55B6E0BE55B7E0B7
:1010A000BF55D786C055D886C155D986C255DA8670
:1010B000C355DB86C455C4E0C555E1D0C655DC86B2
:1010C000C755DD86C855DE86C955BCE0CA55DF86E2
:1010D000CB55E086CC55C9E0CD55CAE0CE55E1866A
:1010E000CF55E286D055E386D155BEE0D255AAE071
:1010F000D355A4C9D455C1E0D555E486D655B2E040
:10110000D755E586D855E686D955E786DA55E88677
:10111000DB55E986DC55C8CADD55C3E0DE55EA86F5
:10112000DF55B5E0E055EB86E155CBCEE255EC86D8
:10113000E355C3CBE455CDE0E555C6E0E655C2E046
:10114000E755ED86E855CBE0E955EE86EA55BAE07D
:10115000EB55BFE0EC55C0E0ED55EF86EE55F0865F
:10116000EF55C5E0F055F186F155F286F255C7E02E
:10117000F355C8E0F455F386F555CCE0F655F48602
:10118000F755BBE0F855F586F955F686FA55F7861A
:10119000FB55F886FC55F986FD55D4CBFE55D5E0B8
:1011A000FF55FA860056D6E00156D2E00256FB867D
:1011B0000356FC860456FD860556FE860656408775
:1011C000075641870856D0E00956CEBC0A564287DA
:1011D0000B5643870C56D1E00D5644870E56C2B8C5
:1011E0000F56C5D810564587115646871256478761
:1011F000135648871456498715564A8716564B8703
:1012000017564C871856EAD019564D871A564E87EE
:101210001B56EFC21C564F871D5650871E56CFE0F7
:101220001F56BDE0205651872156528722565387BC
:101230002356D4E02456D3E02556548726565587A6
:101240002756D7E028565687295657872A56588753
:101250002B5659872C56DCE02D56D8E02E565A874F
:101260002F565B8730565C873156F6D63256B0B370
:1012700033565D873456ECD735565E873656BBCB32
:1012800037565F87385660873956DAE03A566187B5
:101290003B56FBCE3C5662873D5663873E5664877D
:1012A0003F56D9BA4056658741566687425667878A
:1012B000435668874456698745566A8746566B8702
:1012C00047566C8748566D8749566E874A566F87D2
:1012D0004B5670874C56E1E04D56DDE04E56ADD290
:1012E0004F5671875056728751567387525674877E
:1012F000535675875456E2E055567687565677878B
:101300005756DBE05856D9E05956DFE05A567887F1
:101310005B5679875C56E0E05D567A875E567B8740
:101320005F567C8760567D8761567E876256DEE019
:10133000635680876456E4E06556818766568287E7
:10134000675683876856F7C66956ACD86A56EBD499
:101350006B56E6E06C56C9CA6D5684876E56858713
:101360006F568687705687877156E5E07256888774
:101370007356898774568A8775568B877656C1B897
:1013800077568C8778568D8779568E877A568F87D1
:101390007B56E7E07C56E8E07D5690877E56918745
:1013A0007F56928780569387815694878256958779
:1013B00083569687845697878556E9E08656E3E0FC
:1013C000875698878856998789569A878A569B8721
:1013D0008B569C878C569D878D569E878E56BFBA9E
:1013E0008F56E7CC90569F879156A0879256A1873B
:1013F0009356EAE09456A2879556A3879656A487FB
:101400009756A5879856A6879956A7879A56A8876C
:101410009B56A9879C56AA879D56AB879E56AC873C
:101420009F56AD87A056AE87A156AF87A256B0870C
:10143000A356F9CFA456B187A556B287A656B3874F
:10144000A756B487A856B587A956B687AA56B787B0
:10145000AB56B887AC56B987AD56BA87AE56BB8780
:10146000AF56EBE0B056BC87B156BD87B256BE87CB
:10147000B356BF87B456C087B556C187B656C28724
:10148000B756C2C8B856C387B956C487BA56C587B7
:10149000BB56C687BC56C0BDBD56C787BE56C8879B
:1014A000BF56C987C056CA87C156CB87C256CC879C
:1014B000C356CD87C456CE87C556CF87C656D0876C
:1014C000C756D187C856D287C956D387CA56D2C401
:1014D000CB56D487CC56D587CD56D687CE56D78710
:1014E000CF56D887D056D987D156DA87D256DB87E0
:1014F000D356DC87D456ECE0D556DD87D656DE874A
:10150000D756EDE0D856DF87D956E087DA56F4C7CC
:10151000DB56C4CBDC56E187DD56EEE0DE56D8BBA9
:10152000DF56B6D8E056F2D2E156EFE0E256C5CD2E
:10153000E356E287E456DAB6E556E387E656E487F3
:10154000E756E587E856E687E956E787EA56E887EB
:10155000EB56F1E0EC56E987ED56B0D4EE56EA874B
:10156000EF56EB87F056A7C0F156D1B4F256EC8790
:10157000F356ED87F456A7CEF556F0E0F656EE8713
:10158000F756EF87F856F087F956F2E0FA56CCB9DD
:10159000FB56F187FC56F287FD56FAB9FE56BCCDD4
:1015A000FF56F3E00057F3870157F4870257F5879A
:1015B0000357D4C60457F4E00557F6870657B2D44C
:1015C0000757F7870857A6C80957F6E00A57F5E006
:1015D0000B57F8870C57F9870D57FA870E57FB877B
:1015E0000F57FC871057FD871157FE871257408809
:1015F0001357418814574288155743881657448813
:101600001757458818574688195747881A574888E2
:101610001B5749881C57F7E01D574A881E574B88AF
:101620001F57C1CD20574C8821574D8822574E88CF
:101630002357A5CA24574F882557508826575188C5
:10164000275752882857DAD42957D7DB2A57D9DBAE
:101650002B5753882C57D8DB2D57E7B92E57DCDB97
:101660002F57DDDB3057D8B531575488325755885E
:101670003357DADB345756883557578836575888EA
:101680003757598838575A883957DBDB3A57A1B34F
:101690003B57DFDB3C575B883D575C883E57F8BBC8
:1016A0003F575D884057B7D641575E884257E0DBC9
:1016B00043575F884457608845576188465762881A
:1016C0004757F9BE48576388495764884A57BBB79C
:1016D0004B5765884C57D0DB4D57AECC4E57B2BFF9
:1016E0004F57B5BB5057F8D75157D3BF525766889D
:1016F00053576788545768885557698856576A887A
:101700005757E9BF58576B8859576C885A57E1BCEF
:101710005B57B3CC5C57DEDB5D57D3B05E57EBCE87
:101720005F57D8B76057B9D76157C2C662576D883F
:1017300063576E886457A4C065576F886657B9CCE5
:10174000675770886857E7DB6957E1DB6A57BAC6A5
:101750006B57E3DB6C5771886D57E8DB6E57728807
:101760006F57F7C5705773887157748872577588AB
:101770007357EADB74577688755777887657E9DBB5
:101780007757C0BF78577888795779887A577A8899
:101790007B57E6DB7C57E5DB7D577B887E577C8873
:1017A0007F577D8880577E88815780888257B9B45B
:1017B0008357ACC08457A2C28557E2DB8657E4DB6F
:1017C0008757818888578288895783888A57848871
:1017D0008B57CDD08C57EDDB8D5785888E578688FB
:1017E0008F57878890578888915789889257DDC08E
:1017F0009357F2DB94578A8895578B8896578C8835
:1018000097578D8898578E8899578F889A579088C0
:101810009B57E2B69C5791889D5792889E57938814
:101820009F579488A057F3DBA157D2DBA257B8B9D2
:10183000A357ABD4A457ECDBA5579588A657D1BFC7
:10184000A757F0DBA8579688A957D1DBAA579788E6
:10185000AB57E6B5AC579888AD57EBDBAE57E5BF55
:10186000AF579988B0579A88B1579B88B257EEDB2B
:10187000B3579C88B457F1DBB5579D88B6579E88FF
:10188000B7579F88B857F9DBB957A088BA57A188CE
:10189000BB57A288BC57A388BD57A488BE57A5884C
:1018A000BF57A688C057A788C157A888C257A1B9F3
:1018B000C357A3B0C457A988C557AA88C657AB88D1
:1018C000C757AC88C857AD88C957AE88CA57AF88C4
:1018D000CB57F1C2CC57B088CD57B188CE57C7B3DC
:1018E000CF57EFDBD057B288D157B388D257F8DB48
:1018F000D357B488D457D2C6D557F4DBD657B5885A
:10190000D757B688D857F5DBD957F7DBDA57F6DB68
:10191000DB57B788DC57B888DD57FEDBDE57B98860
:10192000DF57F2D3E057BAB2E157BA88E257BB8823
:10193000E357BC88E457FDDBE557BD88E657BE8812
:10194000E757BF88E857C088E957C188EA57C28877
:10195000EB57C388EC57C488ED57A4DCEE57C58815
:10196000EF57FBDBF057C688F157C788F257C88896
:10197000F357C988F457FADBF557CA88F657CB886E
:10198000F757CC88F857FCDBF957E0C5FA57F9BB95
:10199000FB57CD88FC57CE88FD57A3DCFE57CF8878
:1019A000FF57D0880058A5DC0158D1880258C3CC15
:1019B0000358D2880458D3880558D4880658D1B61D
:1019C0000758C0DD0858D5880958D6880A58D788DE
:1019D0000B58A1DC0C58D8880D58A2DC0E58D988B9
:1019E0000F58DA881058DB881158B5C71258DC88B0
:1019F0001358DD881458DE881558E9B61658DF8864
:101A00001758E0881858E1881958A7DC1A58E28856
:101A10001B58E3881C58E4881D58E5881E58A6DC2E
:101A20001F58E6882058A9DC2158A4B12258E7881D
:101A30002358E8882458CCB52558E9882658EA88E0
:101A40002758EB882858EC882958ED882A58B0BFC9
:101A50002B58EE882C58EF882D58F0882E58F18896
:101A60002F58F2883058DFD13158F3883258F48833
:101A70003358F5883458F6883558C2B63658F78842
:101A80003758F8883858F9883958FA883A58FB880E
:101A90003B58FC883C58FD883D58FE883E5840899C
:101AA0003F584189405842894158438942584489A6
:101AB000435845894458A8DC4558468946584789C3
:101AC000475848894858498949584A894A584B894A
:101AD0004B584C894C58FACB4D58F3EB4E584D8926
:101AE0004F584E8950584F895158DCCB5258508925
:101AF000535851895458FECB5558528956585389DA
:101B0000575854895858C1CC595855895A585689EC
:101B10005B5857895C5858895D5859895E58FBC88D
:101B20005F585A8960585B8961585C8962585D8941
:101B300063585E8964585F896558AADC6658608975
:101B40006758618968586289695863896A586489E5
:101B50006B58EECC6C58ABDC6D5865896E58668955
:101B60006F586789705868897158698972586A898D
:101B700073586B8974586C8975586D8976586E895D
:101B800077586F8978587089795871897A5872892D
:101B90007B5873897C5874897D5875897E58D3DB4E
:101BA0007F5876898058AFDC8158ACDC82587789C1
:101BB0008358B3BE845878898558FBCA865879897A
:101BC00087587A8988587B898958ADDC8A587C89FE
:101BD0008B587D898C587E898D5880898E58818953
:101BE0008F58828990588389915884899258CAC99C
:101BF0009358B9C494588589955886899658878989
:101C000097588889985889899958BDC79A58AEDCE1
:101C10009B588A899C588B899D588C899E58F6D4EC
:101C20009F58E6D0A0588D89A1588E89A2588F89D7
:101C3000A3589089A4589189A5589289A658938948
:101C4000A7589489A858ABC4A958D5B6AA5895895D
:101C5000AB589689AC589789AD589889AE589989F0
:101C6000AF589A89B0589B89B1589C89B2589D89C0
:101C7000B3589E89B4589F89B558A089B658A18990
:101C8000B758A289B858A389B958A489BA58A58960
:101C9000BB58A689BC58D4DBBD58A789BE58A889B3
:101CA000BF58A989C058AA89C158DAB1C258AB89AE
:101CB000C358AC89C458AD89C558D5DBC658AE8960
:101CC000C758AF89C858B089C958B189CA58B289AC
:101CD000CB58B389CC58B489CD58B589CE58B6897C
:101CE000CF58B789D058B889D158D6DBD258B989DE
:101CF000D358BA89D458BB89D558BEBAD658BC89EE
:101D0000D758BD89D858BE89D958BF89DA58C089F3
:101D1000DB58C189DC58C289DD58C389DE58C489C3
:101D2000DF58C589E058C689E158C789E258C88993
:101D3000E358C989E458C0C8E558CA89E658CB8930
:101D4000E758CC89E858CD89E958CE89EA58CF8937
:101D5000EB58BFCAEC58C9C8ED58D089EE58B3D774
:101D6000EF58D189F058F9C9F158D289F258D3897E
:101D7000F358C7BFF458D489F558D589F658F8BA3E
:101D8000F758D689F858D789F958BCD2FA58D88963
:101D9000FB58D989FC58DA89FD58DB89FE58DC8963
:101DA000FF58DD890059DE890159DF890259BAE2FD
:101DB0000359E0890459A6B40559E1890659E28915
:101DC0000759B8B10859E3890959E4890A59E589DD
:101DD0000B59E6890C59E7890D59B4B80E59E889B1
:101DE0000F59C4CF1059E9891159EA891259EB8961
:101DF0001359EC891459E7D91559A6CF1659E2CDD4
:101E00001759ED891859EE891959EDD91A59E0B6C3
:101E10001B59EF891C59B9D21D59F0891E59F189F6
:101E20001F59BBB92059F2892159F3892259F489E4
:101E30002359F5892459B9E22559B7E22659F6897B
:101E40002759F3B42859F7892959ECCC2A59ABCC36
:101E50002B59F2B72C59F8892D59B2D82E59EBD1FC
:101E60002F59BBBA3059F9893159A7CA3259FA8961
:101E70003359FB893459B7CD3559FC893659FD8919
:101E80003759C4D23859E4BF3959D0BC3A59E1B6B0
:101E90003B59FE893C59C5DE3D59408A3E59418A2D
:101EA0003F59428A4059438A4159C6DE4259BCDBF8
:101EB0004359448A4459D9D14559458A4659468A95
:101EC0004759E6C64859CEC44959EEB74A59478AD8
:101ED0004B59DCB74C59488A4D59498A4E59FCBF79
:101EE0004F59E0D750594A8A5159F5C652594B8A31
:101EF00053594C8A5459BCB15559C8DE5659B1BDD5
:101F00005759D7CC5859CADE59594D8A5A59C9DE42
:101F10005B594E8A5C594F8A5D59508A5E59518A85
:101F20005F59528A6059ECB56159538A6259DDC9CB
:101F30006359548A6459558A6559C2B06659568A9C
:101F40006759578A6859588A6959598A6A595A8A01
:101F50006B595B8A6C595C8A6D595D8A6E595E8AD1
:101F60006F595F8A7059608A7159618A7259628AA1
:101F70007359AEC57459ABC57559638A7659CCC4CB
:101F80007759648A7859E9BC7959FDCB7A59658AC1
:101F90007B59668A7C59678A7D59C3BA7E59688A9B
:101FA0007F59698A80596A8A8159F9E58259E7C857
:101FB0008359FAE58459FDCD85596B8A8659B1D785
:101FC0008759BEB88859E8C289596C8A8A59D1C8DC
:101FD0008B596D8A8C596E8A8D59FBE58E596F8AA3
:101FE0008F59708A9059718A9159728A9259CAB6DA
:101FF0009359CBBC9459738A9559748A9659FDD1DB
:102000009759A1E69859758A9959EEC39A59768AD3
:102010009B59778A9C59788A9D59798A9E59A4E65A
:102020009F597A8AA0597B8AA1597C8AA2597D8AB4
:10203000A359FEE5A459A5E6A559D7CDA6597E8A90
:10204000A759808AA859C1B7A959FCE5AA59FDE545
:10205000AB59A3E6AC59818AAD59828AAE59DDC429
:10206000AF59A8E6B059838AB159848AB259A7E614
:10207000B359858AB459868AB559878AB659888AE8
:10208000B759898AB8598A8AB959C3C3BA598B8A48
:10209000BB59DEC6BC598C8ABD598D8ABE59AAE689
:1020A000BF598E8AC0598F8AC159908AC259918A64
:1020B000C359928AC459938AC559948AC659B7C4D8
:1020C000C759958AC859968AC959978ACA59A2E6A2
:1020D000CB59BCCACC59988ACD59998ACE599A8A7B
:1020E000CF599B8AD059E3BDD159C3B9D259A6E67D
:1020F000D359D5D0D459AFCED5599C8AD6599D8ABB
:10210000D759A9E6D859B0E6D9599E8ADA59A6D244
:10211000DB599F8ADC59AABDDD59ADE6DE59A08A9C
:10212000DF59A18AE059A28AE159A38AE259A48A17
:10213000E359AFE6E459A58AE559D1C0E659A68A24
:10214000E759A78AE859CCD2E959A88AEA59A98A55
:10215000EB59AA8AEC59A7BCED59AB8AEE59AC8A67
:10216000EF59AD8AF059AE8AF159AF8AF259B08A67
:10217000F359B18AF459B28AF559B38AF659B48A37
:10218000F759B58AF859B68AF959B1E6FA59B78AB2
:10219000FB59F6D2FC59B88AFD59B98AFE59BA8A58
:1021A000FF59CBD7005ABB8A015AFECD025ABC8ACE
:1021B000035ADECD045AA6C2055AABE6065AACE66F
:1021C000075ABFBD085AAEE6095AB3E60A5ABD8A95
:1021D0000B5ABE8A0C5AB2E60D5ABF8A0E5AC08AF2
:1021E0000F5AC18A105AC28A115AB6E6125AC38AC5
:1021F000135AB8E6145AC48A155AC58A165AC68A9A
:10220000175AC78A185AEFC4195AC88A1A5AC98A5B
:102210001B5ACA8A1C5AC8C41D5ACB8A1E5ACC8A59
:102220001F5AEABE205AEFC9215ACD8A225ACE8AB5
:10223000235AB7E6245ACF8A255AF0B6265AD08AAE
:10224000275AD18A285AD28A295AE4C32A5AD38AC9
:102250002B5AD48A2C5AD58A2D5AD68A2E5AD78AE6
:102260002F5AD88A305AD98A315AE9D3325AB4E629
:10227000335ADA8A345AB5E6355ADB8A365AA2C856
:10228000375ADC8A385ADD8A395ADE8A3A5ADF8A66
:102290003B5AE08A3C5ABDE63D5AE18A3E5AE28A00
:1022A0003F5AE38A405AB9E6415AE48A425AE58ADB
:1022B000435AE68A445AE78A455AE88A465AC5C6C6
:1022C000475AE98A485AEA8A495AF1CD4A5ABBE63E
:1022D0004B5AEB8A4C5AEC8A4D5AED8A4E5AEE8A8A
:1022E0004F5AEF8A505AF08A515AF18A525AF28A5A
:1022F000535AF38A545AF48A555ABCE6565AF58A08
:10230000575AF68A585AF78A595AF88A5A5AE9BBDC
:102310005B5AF98A5C5AFA8A5D5AFB8A5E5AFC8AD1
:102320005F5AFD8A605AFE8A615A408B625ABEE645
:10233000635A418B645A428B655A438B665A448B6D
:10234000675ABAE6685A458B695A468B6A5AB7C0CB
:102350006B5A478B6C5A488B6D5A498B6E5A4A8B15
:102360006F5A4B8B705A4C8B715A4D8B725A4E8BE5
:10237000735A4F8B745AA4D3755ABFE6765AF4C970
:10238000775AC3E6785A508B795A518B7A5AC4E6F9
:102390007B5A528B7C5A538B7D5A548B7E5A558B69
:1023A0007F5AF6D0805A568B815A578B825A588B57
:1023B000835A598B845A5A8B855A5B8B865A5C8B0D
:1023C000875A5D8B885A5E8B895A5F8B8A5A608BDD
:1023D0008B5A618B8C5A628B8D5A638B8E5A648BAD
:1023E0008F5A658B905A668B915A678B925ABDC3F0
:1023F000935A688B945A698B955A6A8B965A6B8B51
:10240000975A6C8B985A6D8B995A6E8B9A5AC4C393
:102410009B5AC2E69C5A6F8B9D5A708B9E5A718B49
:102420009F5A728BA05A738BA15A748BA25A758BC8
:10243000A35A768BA45A778BA55A788BA65A798B98
:10244000A75A7A8BA85A7B8BA95A7C8BAA5AC1E6C9
:10245000AB5A7D8BAC5A7E8BAD5A808BAE5A818B3A
:10246000AF5A828BB05A838BB15A848BB25AC7E66B
:10247000B35AB1CFB45A858BB55AF4EBB65A868BA2
:10248000B75A878BB85ACAE6B95A888BBA5A898B19
:10249000BB5A8A8BBC5A8B8BBD5A8C8BBE5AC5E6F5
:1024A000BF5A8D8BC05A8E8BC15ADEBCC25AA9C985
:1024B000C35A8F8BC45A908BC55A918BC65A928B34
:1024C000C75A938BC85A948BC95AB5BCCA5A958BB4
:1024D000CB5A968BCC5AD3CFCD5A978BCE5A988B5A
:1024E000CF5A998BD05A9A8BD15A9B8BD25AC8E625
:1024F000D35A9C8BD45AC9E6D55A9D8BD65ACEE670
:10250000D75A9E8BD85AD0E6D95A9F8BDA5AA08BCD
:10251000DB5AA18BDC5AD1E6DD5AA28BDE5AA38BA3
:10252000DF5AA48BE05ACBE6E15AD5B5E25AA58B27
:10253000E35ACCE6E45AA68BE55AA78BE65ACFE6D7
:10254000E75AA88BE85AA98BE95ADBC4EA5AAA8B46
:10255000EB5AC6E6EC5AAB8BED5AAC8BEE5AAD8B10
:10256000EF5AAE8BF05AAF8BF15ACDE6F25AB08BE0
:10257000F35AB18BF45AB28BF55AB38BF65AB48B2B
:10258000F75AB58BF85AB68BF95AB78BFA5AB88BFB
:10259000FB5AB98BFC5ABA8BFD5ABB8BFE5ABC8BCB
:1025A000FF5ABD8B005BBE8B015BBF8B025BC08B98
:1025B000035BC18B045BC28B055BC38B065BC48B67
:1025C000075BC58B085BC68B095BD2E60A5BC78BD2
:1025D0000B5BC88B0C5BC98B0D5BCA8B0E5BCB8B0B
:1025E0000F5BCC8B105BCD8B115BCE8B125BCF8BDB
:1025F000135BD08B145BD18B155BD28B165BD4E64F
:10260000175BD3E6185BD38B195BD48B1A5BD58B26
:102610001B5BD68B1C5BD78B1D5BD88B1E5BD98B52
:102620001F5BDA8B205BDB8B215BDC8B225BDD8B22
:10263000235BDE8B245BDF8B255BE08B265BE18BF2
:10264000275BE28B285BE38B295BE48B2A5BE58BC2
:102650002B5BE68B2C5BE78B2D5BE88B2E5BE98B92
:102660002F5BEA8B305BEB8B315BEC8B325BD5E61F
:10267000335BED8B345BF8D9355BEE8B365BEF8BE0
:10268000375BD6E6385BF08B395BF18B3A5BF28BCC
:102690003B5BF38B3C5BF48B3D5BF58B3E5BF68BDE
:1026A0003F5BF78B405BD7E6415BF88B425BF98B76
:1026B000435BFA8B445BFB8B455BFC8B465BFD8B82
:1026C000475BFE8B485B408C495B418C4A5B428C8C
:1026D0004B5B438C4C5B448C4D5B458C4E5B468C1A
:1026E0004F5B478C505BD3D7515BDDE6525B488C28
:1026F000535BDEE6545BD7BF555BD0D4565B498C49
:10270000575BD6D7585BE6B4595BEFCB5A5BDAE63A
:102710005B5BC3D85C5BCED75D5BA2D05E5B4A8C53
:102720005F5BCFC3605B4B8C615B4C8C625BDFE6B5
:10273000635BBEBC645BC2B9655BDBE6665BA7D16D
:10274000675B4D8C685B4E8C695BA2BA6A5BCFC2DB
:102750006B5B4F8C6C5BABD86D5B508C6E5B518C44
:102760006F5B528C705BEBCA715BEEE5725B538CF6
:10277000735BDCE6745B548C755BF5B7765B558CEC
:10278000775B568C785B578C795B588C7A5BE6C8A4
:102790007B5B598C7C5B5A8C7D5BF5C47E5B5B8C70
:1027A0007F5B5C8C805BB2E5815BFEC4825B5D8C91
:1027B000835BFCCB845BB3E5855BACD5865B5E8CD1
:1027C000875BEED3885BD8CA895BB2B08A5B5F8CCB
:1027D0008B5BCECB8C5BEACD8D5B608C8E5B618C32
:1027E0008F5BEABA905B628C915B638C925B648CCA
:1027F000935BB5E5945B658C955BB4E5965B668C05
:10280000975BDAD7985BD9B9995BE6D69A5BA8B69D
:102810009B5BF0CD9C5BCBD29D5BA6B19E5BB5CAAA
:102820009F5B678CA05BE8B3A15BF3C9A25BCDBFE4
:10283000A35BFBD0A45BD2CAA55BB6E5A65BC2BB1B
:10284000A75B688CA85B698CA95B6A8CAA5BDCCFF0
:10285000AB5BACB9AC5B6B8CAD5B6C8CAE5B6D8C0D
:10286000AF5B6E8CB05BD7D4B15B6F8CB25B708C9E
:10287000B35BA6BAB45BE7D1B55BFCCFB65BD2BCA9
:10288000B75B718CB85BB7E5B95BDDC8BA5B728CBE
:10289000BB5B738CBC5B748CBD5BEDBFBE5BF6B188
:1028A000BF5BDECBC05B758CC15B768CC25BC5BC8D
:1028B000C35B778CC45BC4BCC55BFAD2C65BDCC3AC
:1028C000C75BDCBFC85B788CC95B798CCA5B7A8CD0
:1028D000CB5B7B8CCC5BBBB8CD5B7C8CCE5B7D8CCF
:1028E000CF5B7E8CD05BC2C3D15B808CD25BAEBA37
:1028F000D35BA2D4D45B818CD55B828CD65B838C7A
:10290000D75B848CD85B858CD95B868CDA5B878CB3
:10291000DB5B888CDC5B898CDD5BDEC7DE5BAFC498
:10292000DF5BECB2E05B8A8CE15BD1B9E25B8B8C64
:10293000E35B8C8CE45BBBE5E55BC8C1E65B8D8C3F
:10294000E75B8E8CE85BAFD5E95B8F8CEA5B908CA4
:10295000EB5B918CEC5B928CED5B938CEE5BBCE55E
:10296000EF5B948CF05BBEE5F15B958CF25B968C33
:10297000F35B978CF45B988CF55B998CF65B9A8C87
:10298000F75B9B8CF85BE7B4F95BD4B6FA5BC2CB20
:10299000FB5BB0D1FC5BBCB5FD5B9C8CFE5B9D8C96
:1029A000FF5BD9CA005C9E8C015CE2B7025C9F8C25
:1029B000035CA08C045CE4C9055CA18C065CABBD27
:1029C000075CA28C085CA38C095CBECE0A5CF0D7C5
:1029D0000B5CA48C0C5CA58C0D5CA68C0E5CA78C8F
:1029E0000F5CA1D0105CA88C115CD9C9125CA98CB9
:1029F000135CAA8C145CFBB6155CD8E6165CE2BCD2
:102A0000175CAB8C185CBEB3195CAC8C1A5CD0C97B
:102A10001B5CAD8C1C5CD9E61D5CA2B31E5CAE8C4D
:102A20001F5CAF8C205CB08C215CB18C225CCCDE56
:102A3000235CB28C245CC8D3255CCDDE265CB38CD1
:102A4000275CA2D2285CB48C295CB58C2A5CB68C3D
:102A50002B5CB78C2C5CCEDE2D5CB88C2E5CB98CDC
:102A60002F5CBA8C305CBB8C315CCDBE325CBC8CD4
:102A7000335CBD8C345CCFDE355CBE8C365CBF8C89
:102A8000375CC08C385CACCA395CFCD23A5CDFB3D2
:102A90003B5CEAE53C5CE1C43D5CA1BE3E5CB2CE81
:102AA0003F5CF2C4405CD6BE415CA8C6425CE3B267
:102AB000435CC18C445CC28C455CD3BE465CC38C19
:102AC000475CC48C485CFCC7495CEBCC4A5CECBD01
:102AD0004B5CDDCE4C5CC58C4D5CC68C4E5CBACA82
:102AE0004F5CC1C6505CECE5515CBCD0525CC78CFD
:102AF000535CC88C545CC98C555CB9D5565CCA8C87
:102B0000575CCB8C585CCC8C595CEDE55A5CCD8C19
:102B10005B5CCE8C5C5CCF8C5D5CD08C5E5CF4CA04
:102B20005F5CD18C605CC0CD615CC5C2625CD28CE4
:102B3000635CEFE5645CD38C655CC4C2665CF0E505
:102B4000675CD48C685CD58C695CD68C6A5CD78CED
:102B50006B5CD88C6C5CD98C6D5CDA8C6E5CF8E547
:102B60006F5CCDCD705CDB8C715CBDC9725CDC8C44
:102B7000735CDD8C745CDE8C755CDF8C765CE08C69
:102B8000775CE18C785CE28C795CD9D27A5CA8E1E4
:102B90007B5CE38C7C5CE48C7D5CE58C7E5CE68C11
:102BA0007F5CECD3805CE78C815CEACB825CF1C615
:102BB000835CE88C845CE98C855CEA8C865CEB8CBD
:102BC000875CEC8C885CACE1895CED8C8A5CEE8C7B
:102BD0008B5CEF8C8C5CA7E18D5CA9E18E5CF08C4A
:102BE0008F5CF18C905CAAE1915CAFE1925CF28C1D
:102BF000935CF38C945CEDB2955CF48C965CABE1E9
:102C0000975CDAB8985CADE1995CAEE19A5CB0E1B2
:102C10009B5CBAB59C5CB1E19D5CF58C9E5CF68CCE
:102C20009F5CF78CA05CF88CA15CF98CA25CB3E192
:102C3000A35CB8E1A45CFA8CA55CFB8CA65CFC8C64
:102C4000A75CFD8CA85CFE8CA95CD2D1AA5C408DEF
:102C5000AB5CB6E1AC5CB5E1AD5CEBC1AE5C418DAB
:102C6000AF5C428DB05C438DB15CB7E1B25C448D2A
:102C7000B35CC0D4B45C458DB55CB2E1B65C468D46
:102C8000B75CBAE1B85CB6B0B95C478DBA5C488D48
:102C9000BB5C498DBC5C4A8DBD5CB4E1BE5C4B8DB8
:102CA000BF5CF9BFC05C4C8DC15CB9E1C25C4D8DAD
:102CB000C35C4E8DC45CBBE1C55C4F8DC65C508D62
:102CC000C75C518DC85C528DC95C538DCA5C548DF4
:102CD000CB5CBEE1CC5C558DCD5C568DCE5C578D0A
:102CE000CF5C588DD05C598DD15C5A8DD25CBCE1E3
:102CF000D35C5B8DD45C5C8DD55C5D8DD65C5E8D6C
:102D0000D75C5F8DD85C608DD95CC5D6DA5C618D8F
:102D1000DB5C628DDC5C638DDD5C648DDE5C658D0F
:102D2000DF5C668DE05C678DE15CBFCFE25C688D47
:102D3000E35C698DE45CBDE1E55CBFE1E65CCDC2CE
:102D4000E75C6A8DE85CEBB6E95C6B8DEA5CF8D316
:102D5000EB5C6C8DEC5C6D8DED5CCDC7EE5C6E8DCF
:102D6000EF5C6F8DF05CE5B7F15C708DF25C718D9E
:102D7000F35C728DF45C738DF55C748DF65C758D0F
:102D8000F75C768DF85C778DF95C788DFA5C798DDF
:102D9000FB5CFEBEFC5C7A8DFD5C7B8DFE5C7C8DFD
:102DA000FF5C7D8D005D7E8D015D808D025DC0E1EB
:102DB000035DC1E1045D818D055D828D065DC7E126
:102DC000075DE7B3085D838D095D848D0A5D858DA0
:102DD0000B5D868D0C5D878D0D5D888D0E5DE9C662
:102DE0000F5D898D105D8A8D115D8B8D125D8C8DCF
:102DF000135D8D8D145DDEB4155D8E8D165DC2D1B3
:102E0000175D8F8D185D908D195D918D1A5D928D76
:102E10001B5DC8E11C5D938D1D5D948D1E5DC6E13B
:102E20001F5D958D205D968D215D978D225D988D1E
:102E3000235D998D245DC5E1255D9A8D265DC3E1F5
:102E4000275DC2E1285D9B8D295DC0B12A5D9C8D07
:102E50002B5D9D8D2C5D9E8D2D5DB8D52E5DC4E1C5
:102E60002F5D9F8D305DA08D315DA18D325DA28D76
:102E7000335DA38D345DCBE1355DA48D365DA58DCD
:102E8000375DA68D385DA78D395DA88D3A5DA98D1A
:102E90003B5DAA8D3C5DAB8D3D5DCCE13E5DCAE105
:102EA0003F5DAC8D405DAD8D415DAE8D425DAF8DC2
:102EB000435DB08D445DB18D455DB28D465DB38D92
:102EC000475DFAEF485DB48D495DB58D4A5DD3E14C
:102ED0004B5DD2E14C5DB6C74D5DB68D4E5DB78D95
:102EE0004F5DB88D505DB98D515DBA8D525DBB8D12
:102EF000535DBC8D545DBD8D555DBE8D565DBF8DE2
:102F0000575DC08D585DC9E1595DC18D5A5DC28D57
:102F10005B5DCEE15C5DC38D5D5DD0E15E5DC48DCA
:102F20005F5DC58D605DC68D615DC78D625DC88D5D
:102F3000635DC98D645DCA8D655DCB8D665DCC8D2D
:102F4000675DCD8D685DCE8D695DD4E16A5DCF8DA5
:102F50006B5DD1E16C5DCDE16D5DD08D6E5DD18D30
:102F60006F5DCFE1705DD28D715DD38D725DD48D5B
:102F7000735DD58D745DD5E1755DD68D765DD78D2C
:102F8000775DD88D785DD98D795DDA8D7A5DDB8D51
:102F90007B5DDC8D7C5DDD8D7D5DDE8D7E5DDF8D21
:102FA0007F5DE08D805DE18D815DE28D825DD6E1AA
:102FB000835DE38D845DE48D855DE58D865DE68DC5
:102FC000875DE78D885DE88D895DE98D8A5DEA8D95
:102FD0008B5DEB8D8C5DEC8D8D5DED8D8E5DEE8D65
:102FE0008F5DEF8D905DF08D915DF18D925DF28D35
:102FF000935DF38D945DF48D955DF58D965DF68D05
:10300000975DF78D985DF88D995DD7E19A5DF98DA3
:103010009B5DFA8D9C5DFB8D9D5DD8E19E5DFC8D79
:103020009F5DFD8DA05DFE8DA15D408EA25D418EF8
:10303000A35D428EA45D438EA55D448EA65D458E44
:10304000A75D468EA85D478EA95D488EAA5D498E14
:10305000AB5D4A8EAC5D4B8EAD5D4C8EAE5D4D8EE4
:10306000AF5D4E8EB05D4F8EB15D508EB25D518EB4
:10307000B35D528EB45D538EB55D548EB65D558E84
:10308000B75DDAE1B85D568EB95D578EBA5D588E80
:10309000BB5D598EBC5D5A8EBD5D5B8EBE5D5C8E28
:1030A000BF5D5D8EC05D5E8EC15D5F8EC25D608EF8
:1030B000C35D618EC45D628EC55DDBE1C65D638EFE
:1030C000C75D648EC85D658EC95D668ECA5D678E9C
:1030D000CB5D688ECC5D698ECD5DA1CECE5D6A8EF6
:1030E000CF5D6B8ED05D6C8ED15D6D8ED25D6E8E40
:1030F000D35D6F8ED45D708ED55D718ED65D728E10
:10310000D75D738ED85D748ED95D758EDA5D768EDF
:10311000DB5DDDE7DC5D778EDD5DA8B4DE5DDDD6F1
:10312000DF5D788EE05D798EE15DB2D1E25DB2B3B4
:10313000E35D7A8EE45D7B8EE55DA4B9E65DF3D751
:10314000E75DC9C7E85DDEBEE95DAEB9EA5D7C8ECC
:10315000EB5DD7CEEC5D7D8EED5D7E8EEE5DEEB2ED
:10316000EF5DCFDBF05D808EF15DBABCF25DD1D258
:10317000F35DC8CBF45DCDB0F55D818EF65D828EDA
:10318000F75DEFCFF85D838EF95D848EFA5D858EF5
:10319000FB5D868EFC5D878EFD5DE3D9FE5DEDBD3A
:1031A000FF5D888E005E898E015ED2B1025ED0CA5C
:1031B000035EBCB2045E8A8E055EA7CB065EABB72B
:1031C000075E8B8E085EA6CA095E8C8E0A5E8D8EA7
:1031D0000B5E8E8E0C5EA3CF0D5E8F8E0E5E908E7C
:1031E0000F5EF8E0105ECAD5115EFBE0125E918EB4
:1031F000135E928E145EFAE0155EC1C5165EFBCCBE
:10320000175E938E185EB1C1195EF9E01A5EE3D6BF
:103210001B5EAFB21C5EC4D61D5EDBB51E5E948E17
:103220001F5E958E205E968E215E978E225E988E12
:10323000235E998E245E9A8E255E9B8E265EF8B460
:10324000275EA1D6285E9C8E295E9D8E2A5E9E8E6C
:103250002B5E9F8E2C5EA08E2D5EAFCF2E5EEFB0CC
:103260002F5EA18E305EA28E315EFCE0325EA38EB8
:10327000335EA48E345EA58E355EA68E365EA78E36
:10328000375EA1E1385EA3B3395EA88E3A5EA98E9F
:103290003B5EFDE03C5EFEE03D5EB1C33E5EAA8E5D
:1032A0003F5EAB8E405EAC8E415EAD8E425EDDC356
:1032B000435EAE8E445EA2E1455EF9B7465EAF8ED8
:1032C000475EB08E485EB18E495EB28E4A5EB38E66
:1032D0004B5EB48E4C5ECFBB4D5EB58E4E5EB68EF1
:1032E0004F5EB78E505EB88E515EB98E525EBA8E0A
:1032F000535EBB8E545EA3E1555EBBC4565EBC8E6E
:10330000575EBD8E585EBE8E595EBF8E5A5EC08EB1
:103310005B5EA4E15C5EC18E5D5EC28E5E5EA5E119
:103320005F5EC38E605EC48E615EA6E1625EB1B414
:10333000635EC58E645EC68E655EC78E665EC88E31
:10334000675EC98E685ECA8E695ECB8E6A5ECC8E01
:103350006B5ECD8E6C5ECE8E6D5ECF8E6E5ED08ED1
:103360006F5ED18E705ED28E715ED38E725EC9B882
:10337000735EBDC6745EEAC4755ED48E765EA2B21C
:10338000775ED58E785ED2D0795ED68E7A5EDBE7B8
:103390007B5EC3BB7C5ED7D37D5EC4D37E5ED78E9F
:1033A0007F5EE3B9805ECFE2815ED88E825ED98E89
:1033B000835EDA8E845EAFD7855EDB8E865EECC779
:1033C000875ED3B1885EDC8E895EDD8E8A5EB2B4A4
:1033D0008B5ED1E28C5EDE8E8D5EDF8E8E5EE08E49
:1033E0008F5EF2D0905EAEC2915ED0E2925EE18ED0
:1033F000935EE2BF945EA6D3955ED7B5965ED2E2A9
:10340000975EEAB5985EE28E995EEDC39A5EFDB86E
:103410009B5EE38E9C5EAEB89D5EE48E9E5ED3C5E1
:103420009F5ECFB7A05ED4E2A15EE58EA25EE68E7F
:10343000A35EE78EA45EE88EA55ED3E2A65EC8B664
:10344000A75EF9D7A85EE98EA95EEA8EAA5EEB8E2A
:10345000AB5EEC8EAC5EED8EAD5EA5CDAE5EEE8E5F
:10346000AF5EEF8EB05EF08EB15EF18EB25EF28E28
:10347000B35ED8E2B45EF38EB55ED6E2B65EFCCA49
:10348000B75EB5BFB85EB9D3B95ED5E2BA5EF48EA9
:10349000BB5EF58EBC5EF68EBD5EF78EBE5ED7E27D
:1034A000BF5EF88EC05EF98EC15EFA8EC25EFB8E84
:1034B000C35EFC8EC45EFD8EC55EFE8EC65E408F12
:1034C000C75E418FC85E428FC95EAEC1CA5EC8C0CA
:1034D000CB5E438FCC5E448FCD5E458FCE5E468FF4
:1034E000CF5E478FD05E488FD15EDBE2D25EDAE2FC
:1034F000D35EAAC0D45E498FD55E4A8FD65ECEC158
:10350000D75E4B8FD85E4C8FD95E4D8FDA5E4E8F73
:10351000DB5EDCE2DC5E4F8FDD5E508FDE5E518F66
:10352000DF5E528FE05E538FE15E548FE25E558F17
:10353000E35E568FE45E578FE55E588FE65E598FE7
:10354000E75E5A8FE85EDDE2E95E5B8FEA5EDEE20F
:10355000EB5E5C8FEC5E5D8FED5E5E8FEE5E5F8F8F
:10356000EF5E608FF05E618FF15E628FF25E638F5F
:10357000F35E648FF45EC8DBF55E658FF65ED3D1D3
:10358000F75EA2CDF85E668FF95E678FFA5EA8BD22
:10359000FB5E688FFC5E698FFD5E6A8FFE5EC3DE38
:1035A000FF5EA5D8005FAABF015FCDDB025FECD252
:1035B000035FFAC6045FAAC5055F6B8F065F6C8F59
:1035C000075F6D8F085FC4DE095F6E8F0A5FD7B13A
:1035D0000B5FAEDF0C5F6F8F0D5F708F0E5F718FB3
:1035E0000F5FBDCA105F728F115FB1DF125F738F03
:1035F000135FADB9145F748F155FFDD2165F758FC1
:10360000175FA5B8185FEBBA195F768F1A5F778FCF
:103610001B5FDAB31C5F788F1D5F798F1E5F7A8F17
:103620001F5FDCB5205FC5D5215F7B8F225F7C8F5C
:10363000235F7D8F245F7E8F255FD6C3265FD2CF29
:10364000275FA1BB285F808F295FF3E52A5FF2E542
:103650002B5F818F2C5F828F2D5FF4E52E5F838F30
:103660002F5FE4CD305F848F315FF5C8325F858F87
:10367000335F868F345F878F355F888F365F898FA2
:10368000375F8A8F385F8B8F395FAFB53A5FBFC7BF
:103690003B5F8C8F3C5FF6E53D5F8D8F3E5F8E8F8D
:1036A0003F5F8F8F405FB0EC415F908F425F918FA3
:1036B000435F928F445F938F455F948F465F958FF2
:1036C000475F968F485F978F495F988F4A5F998FC2
:1036D0004B5F9A8F4C5F9B8F4D5F9C8F4E5F9D8F92
:1036E0004F5F9E8F505FE6E5515F9F8F525FE9B954
:1036F000535FB1B5545FA08F555FBCC2565FE8E51C
:10370000575FE7E5585FE9E5595FA18F5A5FA28FE0
:103710005B5FA38F5C5FA48F5D5FCDD25E5FA58F83
:103720005F5FA68F605FA78F615FEAE1625FCED0C7
:10373000635FA88F645FAECD655FA98F665FE5D1DB
:10374000675FAA8F685FAB8F695FCAB26A5FEBB1D0
:103750006B5FAC8F6C5FF2B16D5FEDC56E5FAD8F6F
:103760006F5FAE8F705FC3D5715FB0D3725FAF8F85
:10377000735FDCE1745FB08F755FB18F765FB28F7E
:10378000775FDDE1785FB38F795FDBD27A5FB48FEB
:103790007B5FB9B37C5FCBB17D5FB58F7E5FB68F4A
:1037A0007F5FB78F805FF9CD815FF7D5825FDEE104
:1037B000835FB88F845FB6BE855FFDB4865FB98FC7
:1037C000875FDFE1885FDCBA895FE0E18A5FB2BBD7
:1037D0008B5FC9C28C5FE1E18D5FBA8F8E5FBB8F5B
:1037E0008F5FBC8F905FECD0915FBD8F925FBDCD3E
:1037F000935FBE8F945FBF8F955FE2E1965FC08F4E
:10380000975FC3B5985FC7C5995FE3E19A5FC18FC2
:103810009B5FC28F9C5FE4E19D5FC38F9E5FC48FFF
:103820009F5FC58FA05FC68FA15FF9D3A25FC78FCF
:10383000A35FC88FA45FC98FA55FCA8FA65FCB8F18
:10384000A75FCC8FA85FE5E1A95FCD8FAA5FADD15F
:10385000AB5FCE8FAC5FCF8FAD5FE6E1AE5FA2CE48
:10386000AF5FD08FB05FD18FB15FD28FB25FD38F98
:10387000B35FD48FB45FD58FB55FE7E1B65FD68F06
:10388000B75FC2B5B85FD78FB95FD88FBA5FD98F2E
:10389000BB5FDA8FBC5FE8E1BD5FD5BBBE5FDB8F8E
:1038A000BF5FDC8FC05FDD8FC15FDE8FC25FDF8FE8
:1038B000C35FC4D0C45FE0E2C55FD8B1C65FE4D2E5
:1038C000C75FE08FC85FE18FC95FE1E2CA5FE28F47
:1038D000CB5FE38FCC5FC9BCCD5FCCC8CE5FE48F3C
:1038E000CF5FE3E2D05FFEECD15FFDECD25FAFDFF4
:1038F000D35FE58FD45FE68FD55FE78FD65FE2E2D7
:10390000D75FBED6D85FFCCDD95FA6C3DA5FE88F9C
:10391000DB5FE98FDC5FEA8FDD5FC3E3DE5FEB8FA8
:10392000DF5FEC8FE05FD2D6E15FE7E2E25FED8F31
:10393000E35FEE8FE45FE8E2E55FEF8FE65FF08F35
:10394000E75FC7D3E85FF18FE95FF28FEA5FECE2F0
:10395000EB5FECBFEC5FF38FED5FEDE2EE5FE5E276
:10396000EF5FF48FF05FF58FF15FC0B3F25FF68F1A
:10397000F35FF78FF45FF88FF55FEEC4F65FF98FB2
:10398000F75FFA8FF85FEEE2F95FFB8FFA5FFC8F6B
:10399000FB5FC3D0FC5FFD8FFD5FF6BAFE5FE9E21F
:1039A000FF5FDEB70060B3BB0160ACCC0260CBCB85
:1039B0000360E4E20460E6E20560EAE20660EBE24E
:1039C0000760FE8F08604090096041900A60F7E24E
:1039D0000B6042900C6043900D60F4E20E60F5D4F1
:1039E0000F60F3E210604490116045901260ADC525
:1039F000136046901460FAD51560C2C51660C0B257
:103A000017604790186048901960EFE21A6049907B
:103A10001B60F2E21C60AFC11D60BCCB1E604A900F
:103A20001F604B902060A1B52160F9E222604C90AC
:103A300023604D9024604E902560B1BC2660F1E279
:103A40002760D4D02860B9D42960F5E22A60D6B9BD
:103A50002B60F6E22C604F902D6050902E605190BC
:103A60002F60D3C7306052903160539032605490D1
:103A700033605590346056903560F0E23660579070
:103A8000376058903860599039605A903A605B902E
:103A90003B60DCD73C60A1ED3D605C903E605D909A
:103AA0003F60F8E240605E904160A5ED4260FEE25A
:103AB0004360D1CA44605F90456060904660619009
:103AC0004760629048606390496064904A60659086
:103AD0004B60B5C14C6066904D60D0BB4E60679046
:103AE0004F6068905060D6BF516069905260E3BAF1
:103AF00053606A9054606B905560A1CB56606C9097
:103B000057606D9058606E905960A6ED5A60A3EDB5
:103B10005B606F905C6070905D60A2ED5E60719024
:103B20005F60729060607390616074906260D6BBF9
:103B30006360A7ED6460F4D0656075906660769010
:103B40006760A4ED6860DEBA6960F7B66A60A1E3F9
:103B50006B60B2B66C60F1CC6D60A7B96E607790A7
:103B60006F60A2CF7060A1C7716078907260799029
:103B70007360D2BF74607A9075607B907660F1B6A6
:103B800077607C907860FAE27960FBE27A60FDE22F
:103B90007B60FCE27C60D5C47D60A2E37E607D90AA
:103BA0007F60C1D380607E908160809082608190D0
:103BB0008360A7E38460C4C7856082908660839039
:103BC00087608490886085908960A4CF8A608690A1
:103BD0008B6087908C60A9E38D60B7BA8E60889007
:103BE0008F60899090608A9091608B909260A8E33A
:103BF00093608C909460DABB95608D909660A3E39F
:103C000097608E9098608F90996090909A60A4E3EE
:103C10009B60AAE39C6091909D60A6E39E60929059
:103C20009F60F2CEA060C6D3A1609390A2609490F2
:103C3000A360BCBBA4609590A5609690A660C3D419
:103C4000A7609790A860FAC4A9609890AA6099901C
:103C5000AB60A8EDAC60FCD0AD60A5E3AE609A901F
:103C6000AF60F5C3B0609B90B160ADE3B260AFB13F
:103C7000B3609C90B460B2E3B5609D90B6609E90D6
:103C8000B7609F90B860C2BCB960A090BA60A190C4
:103C9000BB60ACE3BC60BFB5BD60A290BE60A3904A
:103CA000BF60A490C060A590C160A690C260A790BC
:103CB000C360A890C460A990C560E9C7C660B0E3BE
:103CC000C760AA90C860AB90C960AC90CA60AABE39
:103CD000CB60EFCDCC60AD90CD60AE90CE60AF90BC
:103CE000CF60B090D060B190D160F3BBD260B290A1
:103CF000D360B390D460B490D560E8CCD660B59072
:103D0000D760B690D860AFE3D960B790DA60B1E31E
:103D1000DB60B890DC60A7CFDD60AEE3DE60B99019
:103D2000DF60A9CEE060DDBBE160BA90E260BB90ED
:103D3000E360BC90E460BD90E560BE90E660EBB5EA
:103D4000E760E5BEE860D2B2E960CDB3EA60BF905B
:103D5000EB60B9B1EC60ABE3ED60D1B2EE60ACB555
:103D6000EF60DFB9F060E8B6F160C090F260C1903A
:103D7000F360EBCFF460B7E3F560C290F660CCBBC4
:103D8000F760C390F860C490F960C7C8FA60CAD001
:103D9000FB60C590FC60C690FD60C790FE60C89057
:103DA000FF60C9900061B8E30161EEB30261CA909F
:103DB0000361CB900461CC900561CD900661A9EDC3
:103DC0000761CE900861FAD30961E4D30A61CF900C
:103DD0000B61D0900C61D1900D61AAED0E61B9E339
:103DE0000F61E2D21061D2901161D3901261D49030
:103DF0001361D5901461D6901561B5E31661D79023
:103E00001761D8901861D9901961DA901A61DED3E0
:103E10001B61DB901C61DC901D61DD901E61DE90FA
:103E20001F61D0B82061B3E32161DF902261E0908F
:103E30002361B6E32461DFB72561E1902661B4E335
:103E40002761A2C02861E2902961E3902A61E49091
:103E50002B61BAE32C61E5902D61E6902E61E7902D
:103E60002F61E8903061E9903161EA903261EB9026
:103E70003361EC903461ED903561EE903661EF90F6
:103E80003761F0903861F1903961F2903A61F390C6
:103E90003B61F4903C61F5903D61F6903E61F79096
:103EA0003F61B8D44061F8904161F9904261FA9065
:103EB0004361FB904461FC904561FD904661FE903A
:103EC000476140914861C8B4496141914A61BBE38F
:103ED0004B6142914C61C5BB4D6143914E61F7C945
:103EE0004F614491506145915161E5C952614691DC
:103EF00053614791546148915561BDC456614991E0
:103F000057614A9158614B9159614C915A614D9159
:103F10005B614E915C614F915D61ABED5E61509173
:103F20005F61519160615291616153916261FDC223
:103F300063615491646155916561569166615791D1
:103F40006761DBBB6861AEBF696158916A61599175
:103F50006B615A916C615B916D615C916E615D9179
:103F60006F615E917061BFCE71615F9172616091AE
:103F700073616191746162917561BCE37661639173
:103F80007761B6BF78616491796165917A61669174
:103F90007B6167917C6168917D6169917E616A91C5
:103FA0007F616B9180616C9181616D9182616E9195
:103FB00083616F9184617091856171918661729165
:103FC0008761739188617491896175918A61769135
:103FD0008B61EFB18C6177918D6178918E61F7D4AF
:103FE0008F61799190617A9191617B9192617C91DD
:103FF00093617D919461BEE395617E91966180911C
:104000009761819198618291996183919A6184917C
:104010009B6185919C6186919D61ADED9E618791CB
:104020009F618891A0618991A1618A91A2618B9120
:10403000A3618C91A4618D91A5618E91A6618F91F0
:10404000A761BFE3A861A9BAA961ACEDAA6190918B
:10405000AB619191AC61BDE3AD619291AE61939121
:10406000AF619491B0619591B1619691B261979170
:10407000B3619891B4619991B5619A91B6619B9140
:10408000B761C0E3B8619C91B9619D91BA619E919D
:10409000BB619F91BC61A091BD61A191BE61B6BAA7
:1040A000BF61A291C061A391C161A491C261AEB68A
:1040B000C361A591C461A691C561A791C661A8918C
:1040C000C761A991C861B8D0C961AA91CA61C3B0DA
:1040D000CB61AEEDCC61AB91CD61AC91CE61AD91D8
:1040E000CF61AE91D061AF91D161AFEDD261C1C06E
:1040F000D361B091D461C1E3D561B191D661B29180
:10410000D761B391D861B491D961B591DA61B691B3
:10411000DB61B791DC61B891DD61B991DE61BA9183
:10412000DF61BB91E061BC91E161BD91E261BE9153
:10413000E361BF91E461C091E561C191E661B3C5FE
:10414000E761C291E861C391E961C491EA61C591F7
:10415000EB61C691EC61C791ED61C891EE61C991C7
:10416000EF61CA91F061CB91F161CC91F261CD9197
:10417000F361CE91F461CF91F561C2E3F661D09124
:10418000F761D191F861D291F961D391FA61D4913B
:10419000FB61D591FC61D691FD61D791FE61D8910B
:1041A000FF61B2DC0062D9910162DA910262DB91B7
:1041B0000362DC910462DD910562DE910662B0ED7E
:1041C0000762DF910862EAB80962E0910A62ECCE08
:1041D0000B62A7EA0C62E7D00D62F9CA0E62D6C87C
:1041E0000F62B7CF1062C9B31162D2CE1262E4BDC2
:1041F0001362E1911462E2911562DEE31662F2BB92
:104200001762A8EA1862BDD51962E3911A62DDC689
:104210001B62A9EA1C62E4911D62E5911E62E691AF
:104220001F62AAEA2062E7912162ACEA2262ABEA4D
:104230002362E8912462AEEA2562ADEA2662E99142
:104240002762EA912862EB912962EC912A62D8BD3B
:104250002B62ED912C62AFEA2D62EE912E62BEC20E
:104260002F62EF913062F0913162F1913262F291FE
:104270003362C1B43462F7B43562F3913662F491BB
:104280003762A7BB3862F5913962F6913A62F791CD
:104290003B62F8913C62F9913D62E6EC3E62E5ECEE
:1042A0003F62BFB74062F9CB4162E2B14262FA912C
:1042B0004362E7EC4462FB914562FC914662FD91EA
:1042C0004762C8C94862E8EC4962E9EC4A62FE917B
:1042D0004B62D6CA4C62D0DE4D62C5B24E62FAD491
:1042E0004F624092506241925162CBC65262C7B057
:1042F0005362F2B45462D3C85562429256624392FA
:10430000576244925862D0CD596245925A624692A1
:104310005B62B8BF5C6247925D6248925E6249929E
:104320005F624A9260624B9261624C9262624D920D
:104330006362DBBF64624E9265624F926662A4C79D
:104340006762B4D6686250926962A9C06A62D1DEBF
:104350006B62A8C96C62EFD16D62A4C56E62E7B0F2
:104360006F62B6B37062C5C8716251927262529246
:104370007362E2B074625392756254927662F6B7D9
:1043800077625592786256927962FAC57A6257924C
:104390007B6258927C62F3B67D6259927E62D2D57E
:1043A0007F62D0B38062BCBC81625A9282625B92AF
:1043B00083625C928462ADB385625D9286625E9236
:1043C00087625F92886260928962F1BE8A62D1B030
:1043D0008B6261928C6262928D6263928E62649251
:1043E0008F626592906266929162D6D29262E3CABF
:1043F0009362A5D7946267929562B6CD9662B6B67F
:104400009762B9BF9862DBD5996268929A62A7B841
:104410009B62D7C59C6269929D626A929E626B9212
:104420009F62D2DEA062D9BFA162D5C2A262C0C71C
:10443000A3626C92A462A4BBA562A8B1A6626D92AD
:10444000A7626E92A862EAC5A9626F92AA62709290
:10445000AB62FBC5AC62A7CCAD627192AE627292E8
:10446000AF627392B0627492B162A7B1B262759298
:10447000B3627692B4627792B562D6B5B66278923C
:10448000B7627992B8627A92B962A8C4BA627B9232
:10449000BB62D3DEBC62BAD1BD62E9B3BE627C92BC
:1044A000BF62F2C3C0627D92C1627E92C262F7B700
:1044B000C3628092C462F4D6C562A3B5C662F0B28C
:1044C000C762B4C4C862E9C4C962ADC0CA62D4DEFE
:1044D000CB628192CC62E8B0CD62C4C5CE62E0C14D
:1044E000CF628292D062D5B9D1628392D262DCBEB1
:1044F000D362D8CDD462CEB0D5628492D662CFCD0D
:10450000D762D6DED862D0BED962BED7DA62D5DE37
:10451000DB62D0D5DC62DDB0DD628592DE62869240
:10452000DF62E2C4E0628792E1628892E262A3C243
:10453000E362F0BCE4628992E562B5D3E662B9C099
:10454000E762A1C5E862A6B2E962F1D4EA628A92A2
:10455000EB628B92EC62A8C0ED62C3CAEE62D7DE5A
:10456000EF62FCD5F0628C92F162B0B9F2628D928A
:10457000F362ADC8F462A9CBF5628E92F662D9DE21
:10458000F762BDBFF8628F92F9629092FA629192DF
:10459000FB629292FC62B4C6FD62A7D7FE62B0CA0B
:1045A000FF62C3C4006393920163D6B30263D2B9BE
:1045B00003639492046395920563969206639792BF
:1045C0000763B8D60863FCEA0963B4B00A6398923B
:1045D0000B6399920C639A920D639B920E63E6BFF4
:1045E0000F639C9210639D921163F4CC12639E92B0
:1045F00013639F921463A0921563A1921663DACDA0
:104600001763A2921863A3921963A4921A63BFD688
:104610001B63CEC21C63A5921D63CECE1E63A2CCCB
:104620001F63AED02063D3C42163B2B52263D8DE4A
:104630002363F5D52463B7BC2563D3BB2663A69259
:104640002763A7922863A4B02963A8922A63B2C5FE
:104650002B63ECB42C63A9922D63AA922E63AB92C8
:104660002F63F1D53063AC923163AD923263FDEAD2
:104670003363AE923463AF923563B0923663B192D6
:104680003763B2923863B3923963DADE3A63A6CD08
:104690003B63B4923C63B5923D63ECCD3E63B6920E
:1046A0003F63B7924063B8924163B9924263E6CEEA
:1046B0004363DCDE4463BA924563B1CD4663A6C072
:1046C0004763BB924863BC924963BDD74A63BD92BE
:1046D0004B63DBDE4C63C6B04D63B4BA4E63D3C9E3
:1046E0004F63F3C45063E8BE5163BE925263BF92FE
:1046F0005363C0925463C1925563B6B25663C2927B
:104700005763C3925863C4925963C5925A63C69261
:104710005B63C7925C63C8925D63C9925E63CCC001
:104720005F63F0CB6063CA926163F1BC6263BBBB41
:104730006363B7B56463CB926563CC926663CD92D5
:104740006763F5C56863CE926963E6DE6A63CF92FC
:104750006B63D0926C63D1926D63E3DE6E63DDBEFA
:104760006F63D2927063D3927163DFDE7263D4920F
:104770007363D5927463D6927563D7927663B7B438
:104780007763DDBD7863D8927963D9927A63E0DE8E
:104790007B63EDC47C63DA927D63DB927E63DC92A3
:1047A0007F63DD928063C6CF8163DE928263E0B572
:1047B0008363DF928463E0928563E1928663E29291
:1047C0008763DEB68863DACA8963F4B58A63E5DE97
:1047D0008B63E3928C63C6D58D63E4928E63E1DED6
:1047E0008F63CDCC9063FEC69163E5929263C5C59D
:1047F0009363E6929463E7929563E8929663B4D2EA
:104800009763E9929863F2BE9963EA929A63EB9296
:104810009B63EC929C63ED929D63EE929E63EF929C
:104820009F63F092A063D3C2A163F192A263BDCC57
:10483000A363B8B3A463F292A563D3BDA663F39256
:10484000A763D8BFA863C6CDA963DAD1AA63EBB4C6
:10485000AB63F492AC63E4DEAD63DDDEAE63E7DE52
:10486000AF63F592B063FEEAB163F692B263F7927A
:10487000B363B0C2B463E2DEB563F892B663F99293
:10488000B763C0D6B863A7B5B963FA92BA63F4B296
:10489000BB63FB92BC63E8DEBD63FC92BE63F2DEE9
:1048A000BF63FD92C063FE92C1634093C2634193B4
:1048B000C3634293C463EDDEC5634393C663F1DE15
:1048C000C7634493C8634593C963E0C8CA6346930A
:1048D000CB634793CC634893CD63E1D7CE63EFDEE0
:1048E000CF63E8C3D063E1CCD1634993D263E5B22F
:1048F000D3634A93D4634B93D5634C93D663BED2B0
:10490000D7634D93D8634E93D9634F93DA63509333
:10491000DB635193DC635293DD635393DE63EEDE1E
:10492000DF635493E063EBDEE163D5CEE26355933E
:10493000E363A7B4E4635693E5635793E663589340
:10494000E7635993E8635A93E963ABBFEA63BEBE7A
:10495000EB635B93EC635C93ED63D2BDEE635D93BD
:10496000EF635E93F0635F93F1636093F263E9DE5C
:10497000F3636193F463AED4F5636293F663DEDEB2
:10498000F7636393F863EADEF9636493FA6365930C
:10499000FB636693FC636793FD63BFC0FE6368932C
:1049A000FF63ECDE0064F3B20164E9B80264A7C2FD
:1049B0000364699304646A930564C1BD06646B93E0
:1049C00007646C9308646D9309646E930A646F9333
:1049D0000B64F5DE0C64F8DE0D6470930E64719365
:1049E0000F64ABB21064A4B4116472931264739335
:1049F0001364EAB41464A6C91564749316647593B9
:104A00001764769318647793196478931A6479938A
:104A10001B64F6DE1C64D1CB1D647A931E64E3B87C
:104A20001F647B932064F7DE2164FADE22647C93AA
:104A300023647D9324647E93256480932664F9DE49
:104A40002764819328648293296483932A64C2CC67
:104A50002B6484932C64E1B02D64EEB42E648593B2
:104A60002F6486933064879331648893326489938A
:104A700033648A933464BAE535648B9336648C93DB
:104A800037648D9338648E9339648F933A64AFD0D2
:104A90003B6490933C6491933D64EBB23E6492938B
:104AA0003F64A1EB406493934164F4DE42649493C9
:104AB000436495934464E3C94564F3DE4664DAB025
:104AC0004764A1D24864F7B1496496934A64AFCC75
:104AD0004B6497934C6498934D6499934E649A9366
:104AE0004F649B9350649C9351649D935264F0DE99
:104AF00053649E935464A4CB55649F935664A093CF
:104B00005764A1935864AAD55964A2935A64A39395
:104B10005B64A4935C64A5935D64A6935E64FBDE12
:104B20005F64A7936064A8936164A9936264AA9385
:104B30006364AB936464AC936564AD936664AE9355
:104B40006764DDB46864AF936964A6C46A64B093B3
:104B50006B64B1936C64B2936D64FDDE6E64B39369
:104B60006F64B4937064B5937164B6937264B793D1
:104B70007364B8937464B9937564BA937664BB93A1
:104B80007764BC937864FEC37964A1C47A64A1DFBE
:104B90007B64BD937C64BE937D64BF937E64C0934D
:104BA0007F64C1938064C2938164C3938264CCC1E7
:104BB0008364C4938464FCDE8564EFBE8664C5931D
:104BC0008764B2C68864C6938964C7938A64C893AD
:104BD0008B64C9938C64CA938D64CB938E64CC939D
:104BE0008F64CD939064CE939164C5B39264F6C8FC
:104BF0009364CF939464D0939564BACB9664FEDEAD
:104C00009764D1939864D2939964A4DF9A64D39300
:104C10009B64D4939C64D5939D64D6939E64B2D7D1
:104C20009F64D793A064D893A164D993A264DA93C4
:104C3000A364DB93A464B7B3A564DC93A664DD939B
:104C4000A764DE93A864DF93A964C3C1AA64E09358
:104C5000AB64E193AC64CBC7AD64A5B2AE64E9B418
:104C6000AF64E293B064ABD7B164E393B264E4930E
:104C7000B364E593B464E693B564ECC4B664E793B7
:104C8000B764A2DFB864A3DFB964E893BA64A5DFB0
:104C9000BB64E993BC64B3BABD64EA93BE64EB93AE
:104CA000BF64EC93C064A6DFC164ED93C264DEC050
:104CB000C364EE93C464EF93C564C3C9C664F09340
:104CC000C764F193C864F293C964F393CA64F4931C
:104CD000CB64F593CC64F693CD64D9B2CE64E6C7C9
:104CE000CF64F793D064A7DFD164F893D264DCC7B4
:104CF000D364F993D464FA93D564FB93D664FC939C
:104D0000D764A8DFD864A2EBD964FD93DA64FE937C
:104D1000DB644094DC644194DD644294DE64D3CB74
:104D2000DF644394E0644494E1644594E264AADF60
:104D3000E3644694E464A9DFE5644794E664C1B2A1
:104D4000E7644894E8644994E9644A94EA644B94BB
:104D5000EB644C94EC644D94ED644E94EE644F948B
:104D6000EF645094F0645194F1645294F26453945B
:104D7000F3645494F4645594F5645694F66457942B
:104D8000F7645894F8645994F9645A94FA645B94FB
:104D9000FB645C94FC645D94FD645E94FE645F94CB
:104DA000FF6460940065CAC5016561940265629400
:104DB000036563940465649405656594066566946B
:104DC00007656794086568940965ABDF0A656994AF
:104DD0000B656A940C656B940D656C940E656D940F
:104DE0000F656E9410656F94116570941265DCD434
:104DF00013657194146572941565739416657494B3
:104E0000176575941865C1C8196576941A65779405
:104E10001B6578941C6579941D657A941E657B9456
:104E20001F657C9420657D9421657E942265809425
:104E300023658194246582942565ACDF266583947F
:104E40002765849428658594296586942A658794C6
:104E50002B65F0BE2C6588942D6589942E65ADDF99
:104E60002F65A7D630658A9431658B9432658C9412
:104E700033658D943465B7EA3565B6EB3665D5CACA
:104E800037658E943865FCD83965C4B83A658F9417
:104E90003B65A5B93C6590943D6591943E65C5B769
:104EA0003F65FED540659294416593944265949424
:104EB00043659594446596944565CAB9466597944B
:104EC000476598944865A7D04965CDF44A6599949B
:104ED0004B659A944C65D0B54D659B944E659C94FA
:104EE0004F65F4C350659D945165C8BE52659E944C
:104EF00053659F945465A0945565B7EB5665BDB056
:104F00005765A1945865A2945965CCBD5A65A39480
:104F10005B65B2C15C65A4945D65D6B15E65A8B3FE
:104F20005F65A5946065A6946165A7946265D2B833
:104F30006365A2C96465A8946565A9946665D8B6D9
:104F40006765AA946865AB946965AC946A65AD942D
:104F50006B65B8EB6C65B4BE6D65AE946E65AF9471
:104F60006F65B0947065FDCA7165B1947265C3C711
:104F70007365B2947465FBD57565B3947665B49426
:104F80007765F3B77865B5947965B6947A65B79423
:104F90007B65B8947C65B9947D65BA947E65BB9455
:104FA0007F65BC948065BD948165BE948265BF9425
:104FB0008365C0948465C1948565C2948665C394F5
:104FC0008765C4CE8865C4948965C5948A65C6948E
:104FD0008B65ABD58C65F3B18D65C7948E65C89430
:104FE0008F65C9949065B3EC9165DFB09265CA9402
:104FF0009365B5EC9465CB949565CC949665CD940A
:105000009765B7B69865CE949965CFC19A65CF94E8
:105010009B65FAF59C65B1D09D65D0949E65D19451
:105020009F65E5D5A065D294A165D3CEA265D39442
:10503000A365D494A465EFBDA565E2B3A665D59438
:10504000A765ABB8A865D694A965B6D5AA65D79467
:10505000AB65BDEDAC65D894AD65CFB6AE65D99402
:10506000AF65B9CBB065C2D0B165DA94B265DB94F7
:10507000B365DC94B465DD94B565DE94B665DF9404
:10508000B765E094B865E194B965BDB7BA65E294D7
:10509000BB65E394BC65B6ECBD65A9CABE65E49486
:1050A000BF65E594C065E694C165D4C5C265E79463
:1050B000C365B9ECC465B8ECC565C3C2C665B7ECD9
:1050C000C765E894C865E994C965EA94CA65EB9434
:1050D000CB65FDD0CC65BAECCD65EC94CE65BBEC70
:1050E000CF65E5D7D065ED94D165EE94D265BCEC83
:1050F000D365EF94D465F094D565F194D665BDEC95
:10510000D765ECC6D865F294D965F394DA65F49462
:10511000DB65F594DC65F694DD65F794DE65F8945F
:10512000DF65F994E065DECEE165FA94E265C8BC1E
:10513000E365FB94E465FC94E565D5C8E665A9B52F
:10514000E765C9BEE865BCD6E965E7D4EA65FD94C4
:10515000EB65FE94EC65AED1ED65F1D0EE65B8EA95
:10516000EF65B9EAF065BAEAF165B5BAF26540955E
:10517000F3654195F4654295F5654395F665B1CAC9
:10518000F765F5BFF8654495F9654595FA65FACD7B
:10519000FB654695FC654795FD654895FE65499517
:1051A000FF654A950066C0EA01664B950266BAB093
:1051B0000366BEEA04664C9505664D950666A5C075
:1051C00007664E9508664F95096650950A66BBEAD4
:1051D0000B6651950C66FDB20D6652950E66F7C3CF
:1051E0000F66E8BB10665395116654951266559587
:1051F0001366D7D21466F4CE1566BFEA16665695C6
:1052000017665795186658951966BCEA1A66599537
:105210001B665A951C665B951D66C3EA1E665C9507
:105220001F66C7D02066B3D321665D9522665E9562
:1052300023665F95246660952566BAB426666195F7
:105240002766C1C32866F2D7296662952A666395E8
:105250002B6664952C6665952D66D1D52E66669570
:105260002F66C7CA306667953166C5EA32666895AB
:10527000336669953466C4EA3566C7EA3666C6EAB7
:1052800037666A9538666B9539666C953A666D95A2
:105290003B666E953C66E7D63D666F953E66D4CF1D
:1052A0003F667095406671954166CBEA426672959D
:1052B0004366CEBB446673954566749546667595A0
:1052C0004766769548667795496678954A667995F2
:1052D0004B66FABD4C66CEC94D667A954E667B9597
:1052E0004F66CCEA50667C9551667D955266B9C989
:1052F0005366FECF5466CAEA5566CED45666CDEAEA
:105300005766CFEA58667E95596680955A66EDCD08
:105310005B6681955C6682955D6683955E66849525
:105320005F66C9EA606685956166CEEA62668695C3
:10533000636687956466EECE656688956666DEBBB5
:10534000676689956866BFB369668A956A668B9554
:105350006B668C956C668D956D668E956E66D5C602
:105360006F66B0BE7066FACE71668F957266909564
:10537000736691957466E7C7756692957666A7BE63
:105380007766D0EA78669395796694957A66C7D6FB
:105390007B6695957C6696957D6697957E66C0C181
:1053A0007F6698958066999581669A958266DDD428
:1053B00083669B958466D1EA85669C9586669D95F5
:1053C0008766BECF88669E9589669F958A66A095FA
:1053D0008B66A1958C66D2EA8D66A2958E66A395A2
:1053E0008F66A4959066A5959166EECA9266A6957D
:1053F0009366A7959466A8959566A9959666AFC598
:105400009766B5B09866AA959966AB959A66AC957D
:105410009B66AD959C66AE959D66D4EA9E66AF95FB
:105420009F66B095A066B195A166B295A266B39548
:10543000A366B495A466B595A566B695A666B79518
:10544000A766D3EAA866DFF4A966B895AA66B995F7
:10545000AB66BA95AC66BB95AD66BC95AE66BAC494
:10546000AF66BD95B066BE95B166BF95B266C09594
:10547000B366C195B466A9B1B566C295B666C39563
:10548000B766C495B866C595B966DFE5BA66C695D0
:10549000BB66C795BC66C895BD66C995BE66D5EAAC
:1054A000BF66CA95C066CB95C166CC95C266CD95E0
:1054B000C366CE95C466CF95C566D095C666D195B0
:1054C000C766D295C866D395C966D495CA66D59580
:1054D000CB66D695CC66D795CD66D895CE66D99550
:1054E000CF66DA95D066DB95D166DC95D266DD9520
:1054F000D366DE95D466DF95D566E095D666E195F0
:10550000D766E295D866E395D966EFCADA66E49580
:10551000DB66D6EADC66D7EADD66D8C6DE66E595E8
:10552000DF66E695E066E795E166E895E266E9956F
:10553000E366EA95E466EB95E566EC95E666D8EAFF
:10554000E766ED95E866EE95E966D9EAEA66EF95D5
:10555000EB66F095EC66F195ED66F295EE66F395E7
:10556000EF66F495F066BBD4F166F595F266FAC77E
:10557000F366B7D2F466FCB8F566F695F666F7956D
:10558000F766C2EAF866F895F966DCB2FA66F9954C
:10559000FB66FA95FC66FCC2FD66FB95FE66F8D4D8
:1055A000FF66E6CC0067EED70167FC950267FD95C4
:1055B0000367FE9504674096056741960667429625
:1055C000076743960867C2D40967D0D30A67C3EB5D
:1055D0000B67F3C50C6744960D67FEB70E674596DB
:1055E0000F6746961067D4EB116747961267489687
:1055F000136749961467B7CB1567DEEB16674A96B3
:105600001767CAC018674B9619674C961A674D966C
:105610001B67FBCD1C674E961D67AFB31E674F9689
:105620001F67DAC620675096216751962267529607
:105630002367539624675496256755962667FCEB97
:10564000276756962867BEC4296757962A67B4CE3F
:105650002B67A9C42C67BEB12D67FDD42E67589661
:105660002F67F5CA306759963167ECD632675A967C
:1056700033675B963467D3C63567E4B636675C96A6
:1056800037675D9638675E9639675F963A67FABB0B
:105690003B6760963C6761963D67E0D03E676296E7
:1056A0003F6763964067B1C9416764964267D3D448
:1056B0004367A8C844676596456766964667CBB852
:1056C000476767964867BEE84967BCC94A676896F6
:1056D0004B6769964C67BBE84D676A964E67EEC0AC
:1056E0004F67D3D05067C4B25167E5B452676B9629
:1056F0005367BCE854676C9655676D965667C8D576
:1057000057676E9658676F96596770965A67719685
:105710005B6772965C67C5B65D6773965E67BDE84A
:105720005F67F8CA6067DCB86167F5CC626774963A
:1057300063677596646776966567B4C066677796A3
:10574000676778966867EED16967BFE86A67C2E8FD
:105750006B6779966C677A966D67BCBA6E677B9655
:105760006F67ADB17067DCBD71677C967267BDEA2B
:105770007367C3E874677D967567C6E876677E963B
:105780007767CBE878678096796781967A678296A3
:105790007B6783967C67CCE87D6784967E67C9CB00
:1057A0007F67E5B0806785968167ABBC8267869628
:1057B000836787968467B9B985678896866789966F
:1057C0008767C1E888678A968967F7CD8A678B966D
:1057D0008B67CAE88C678C968D678D968E678E96E0
:1057E0008F678F969067F6CE9167909692679196A5
:1057F00093679296946793969567EDD5966794967E
:105800009767D6C19867C4E8996795969A67B6C3B3
:105810009B6796969C67FBB99D67A6D69E67C8E86E
:105820009F679796A0679896A1679996A267E0CA26
:10583000A367E6D4A4679A96A567C0E8A6679B9677
:10584000A767C5E8A867C7E8A9679C96AA67B9C70C
:10585000AB67E3B7AC679D96AD67C9E8AE679E9648
:10586000AF67DDBFB067D2E8B1679F96B267A09619
:10587000B367D7E8B467A196B567D5E8B667DCBC6F
:10588000B767CFBCB867DBE8B967A296BA67A396DB
:10589000BB67A496BC67A596BD67A696BE67A7968C
:1058A000BF67A896C067A996C167DEE8C267AA96D7
:1058B000C367DAE8C467FAB1C567AB96C667AC964A
:1058C000C767AD96C867AE96C967AF96CA67B09608
:1058D000CB67B196CC67B296CD67B396CE67B496D8
:1058E000CF67D8B0D067B3C4D167CCB8D267E2C6AF
:1058F000D367BEC8D467E1C8D567B596D667B696F4
:10590000D767B796D867CFE8D967D4E8DA67D6E81B
:10591000DB67B896DC67F1B9DD67D8E8DE67F5D7F5
:10592000DF67B996E067FBC4E167BA96E267DCE837
:10593000E367BB96E467BC96E567E9B2E667BD96A8
:10594000E767BE96E867BF96E967D1E8EA67C09661
:10595000EB67C196EC67EDBCED67C296EE67C39648
:10596000EF67C2BFF067CDE8F167F9D6F267C4967A
:10597000F367F8C1F467F1B2F567C596F667C696A6
:10598000F767C796F867C896F967C996FA67CA961F
:10599000FB67CB96FC67CC96FD67DFE8FE67CD968C
:1059A000FF67C1CA0068D9E80168CE960268CF9641
:1059B0000368D0960468D1960568A4D50668D29687
:1059C0000768EAB10868BBD50968CEE80A68D0E87C
:1059D0000B68B0B60C68D3E80D68D3960E68DDE8A6
:1059E0000F68B8C01068D4961168F7CA1268D596C7
:1059F0001368A8CB1468D6961568D7961668DCC6C7
:105A00001768F5C01868D8961968D9961A68DA9692
:105A10001B68DB961C68DC961D68E9E81E68DD964D
:105A20001F68DE962068DF962168A3D02268E09682
:105A30002368E1962468E2962568E3962668E49652
:105A40002768E5962868E6962968F2E82A68EAD683
:105A50002B68E7962C68E8962D68E9962E68EA96FA
:105A60002F68EB963068EC963168ED963268E0E886
:105A70003368E1E83468EE963568EF963668F0965C
:105A80003768F9D13868CBBA3968F9B83A68F1960D
:105A90003B68F2963C68F1B83D68D4D43E68EFE8C4
:105AA0003F68F3964068EEE84168ECE84268F0B978
:105AB0004368D2CC4468E6E84568A6CE4668F2BFA3
:105AC0004768F4964868B8B04968F1E84A68F0E871
:105AD0004B68F5964C68C0D74D68F6964E68E4E87A
:105AE0004F68F7965068A9CD5168A3C95268F896D7
:105AF0005368B8BB5468DBBD5568EAE85668F99648
:105B00005768FA965868FB965968FC965A68FD964D
:105B10005B68FE965C6840975D6841975E68429757
:105B20005F6843976068E2E86168E3E86268E5E817
:105B30006368B5B56468E7E86568C5C76668EBE89B
:105B40006768EDE86868B0BD6968AED76A68449771
:105B50006B68F8E86C6845976D6846976E6847977C
:105B60006F6848977068499771684A9772684B9751
:105B700073684C977468F5E875684D977668B0CD92
:105B80007768F6E878684E9779684F977A68509703
:105B90007B6851977C6852977D6853977E685497CD
:105BA0007F685597806856978168BAC18268579711
:105BB0008368E8E8846858978568B7C38668F0B05A
:105BC0008768599788685A9789685B978A685C974D
:105BD0008B685D978C685E978D685F978E6860971D
:105BE0008F68F4E89068619791686297926863970C
:105BF0009368F7E8946864979568659796686697E0
:105C00009768A3B998686797996868979A68699739
:105C10009B686A979C686B979D686C979E686D9768
:105C20009F686E97A0686F97A1687097A268D2C9A5
:105C3000A3687197A4687297A5687397A668CEC386
:105C4000A768E0CEA868E6C0A9687497AA687597A7
:105C5000AB687697AC687797AD68F3CBAE6878970A
:105C6000AF68DDCCB068B5D0B1687997B2687A9783
:105C7000B368E1CAB4687B97B568F3E8B6687C9707
:105C8000B7687D97B8687E97B9688097BA6881973A
:105C9000BB688297BC688397BD688497BE68859708
:105CA000BF688697C068ECBCC1688797C268F9E88E
:105CB000C3688897C4688997C5688A97C6688B97B0
:105CC000C7688C97C8688D97C968DEC3CA688E9705
:105CD000CB68E5C6CC688F97CD68F7B9CE6890974A
:105CE000CF689197D0689297D1689397D268F4B0B3
:105CF000D3689497D4689597D568D8D7D66896977F
:105D0000D7689797D868ACBCD9689897DA68EFC518
:105D1000DB689997DC689A97DD689B97DE689C97AB
:105D2000DF689D97E068C4CCE1689E97E2689F9722
:105D3000E368A6E9E468A097E568A197E668A297FA
:105D4000E768A397E868A497E968A597EA68A69723
:105D5000EB68A797EC68A897ED68A997EE68ADC9BE
:105D6000EF68AA97F068A2E9F168E2C0F268AB9721
:105D7000F368AC97F468AD97F568C3BFF668AE9763
:105D8000F768AF97F868B097F968FEE8FA68D7B98E
:105D9000FB68B197FC68FBE8FD68B297FE68B397B3
:105DA000FF68B4970069B5970169A4E90269B697DD
:105DB0000369B7970469B8970569CED20669B997A0
:105DC0000769BA970869BB970969BC970A69BD97C3
:105DD0000B69A3E90C69BE970D69B2D60E69B5D7F8
:105DE0000F69BF971069A7E91169C0971269B7BD1C
:105DF0001369C1971469C2971569C3971669C49747
:105E00001769C5971869C6971969C7971A69C89716
:105E10001B69C9971C69CA971D69CB971E69CC97E6
:105E20001F69FCE82069FDE82169CD972269CE97BA
:105E30002369CF972469A1E92569D0972669D1976D
:105E40002769D2972869D3972969D4972A69D59762
:105E50002B69D6972C69D7972D69D6CD2E69D897FF
:105E60002F69D9973069ACD23169DA973269DB97FB
:105E70003369DC973469B2E93569DD973669DE97B5
:105E80003769DF973869E0973969A9E93A69E19795
:105E90003B69E2973C69E3973D69AAB43E69E497A0
:105EA0003F69BBB44069E5974169E6974269ABE950
:105EB0004369E7974469E8974569E9974669EA972E
:105EC0004769EB974869EC974969ED974A69EE97FE
:105ED0004B69EF974C69F0974D69F1974E69F297CE
:105EE0004F69F3975069F4975169F5975269F6979E
:105EF0005369F7975469A8D05569F8975669F99787
:105F00005769A5E95869FA975969FB975A69FEB329
:105F10005B69FC975C69FD975D69ACE95E69E3C00C
:105F20005F69FE976069AAE9616940986269419872
:105F30006369B9E964694298656943986669B8E933
:105F40006769449868694598696946986A69479895
:105F50006B69AEE96C6948986D6949986E69FAE8B1
:105F60006F694A9870694B987169A8E972694C9891
:105F700073694D9874694E9875694F987669509811
:105F80007769ACBF7869B1E97969BAE97A695198FA
:105F90007B6952987C69A5C27D6953987E69549843
:105FA0007F6955988069AFE9816956988269C5B85B
:105FB000836957988469ADE9856958988669DCD307
:105FC0008769B4E98869B5E98969B7E98A6959983F
:105FD0008B695A988C695B988D69C7E98E695C9862
:105FE0008F695D9890695E9891695F9892696098F1
:105FF000936961989469C6C09569C5E99669629884
:10600000976963989869B0E9996964989A696598FD
:106010009B69BBE99C69F1B09D6966989E69679828
:106020009F696898A0696998A1696A98A2696B9844
:10603000A3696C98A4696D98A5696E98A6696F9814
:10604000A769BCE9A869A5D5A9697098AA697198DA
:10605000AB69BEE9AC697298AD69BFE9AE69739886
:10606000AF697498B0697598B169C1E9B2697698F9
:10607000B3697798B469F1C1B5697898B6697998C8
:10608000B769B6C8B8697A98B9697B98BA697C98D3
:10609000BB69BDE9BC697D98BD697E98BE69809881
:1060A000BF698198C0698298C169C2E9C269839851
:1060B000C3698498C4698598C5698698C6698798B4
:1060C000C7698898C8698998C9698A98CA69C3E9FB
:1060D000CB698B98CC69B3E9CD698C98CE69B6E968
:1060E000CF698D98D069B1BBD1698E98D2698F98EC
:1060F000D3699098D469C0E9D5699198D669929886
:10610000D7699398D8699498D9699598DA699698D7
:10611000DB69F7BCDC699798DD699898DE69999826
:10612000DF69C4E9E069C6E9E1699A98E2699B9888
:10613000E3699C98E4699D98E5699E98E6699F9853
:10614000E769A098E869A198E969A298EA69A39823
:10615000EB69A498EC69A598ED69CAE9EE69A6987F
:10616000EF69A798F069A898F169A998F269CEE952
:10617000F369AA98F469AB98F569AC98F669AD989B
:10618000F769AE98F869AF98F969B098FA69B1986B
:10619000FB69B298FC69B398FD69DBB2FE69B498FB
:1061A000FF69C8E9006AB598016AB698026AB798AB
:1061B000036AB898046AB998056ABA98066ABB98DF
:1061C000076ABC98086ABD98096ABE980A6AAEB7A1
:1061D0000B6ABF980C6AC0980D6AC1980E6AC29883
:1061E0000F6AC398106AC498116AC598126AC69853
:1061F000136AC798146AC898156AC998166ACA9823
:10620000176ACBE9186ACCE9196ACB981A6ACC9854
:106210001B6ACD981C6ACE981D6ACF981E6AD098CA
:106220001F6AC1D5206AD198216AA3C4226AD29874
:10623000236AD398246AD498256AD598266AD69872
:10624000276AD798286AD8E9296AD8982A6AE1BAC9
:106250002B6AD9982C6ADA982D6ADB982E6ADC981A
:106260002F6AC9E9306ADD98316AA3D3326ADE98B1
:10627000336ADF98346AE098356AD4E9366AE1987F
:10628000376AE298386AE398396AE4983A6AE59896
:106290003B6AE6983C6AE7983D6AD7E93E6AD0E9EE
:1062A0003F6AE898406AE998416AEA98426AEB983E
:1062B000436AEC98446ACFE9456AED98466AEE98DD
:1062C000476AC1C7486AEF98496AF0984A6AF198E4
:1062D0004B6AF2984C6AF3984D6AF4984E6AF598B6
:1062E0004F6AF698506AD2E9516AF798526AF8985C
:1062F000536AF998546AFA98556AFB98566AFC985A
:10630000576AFD98586AD9E9596AC8B35A6AFE981B
:106310005B6AD3E95C6A40995D6A41995E6A429919
:106320005F6A4399606A4499616AF0CF626A4599ED
:10633000636A4699646A4799656ACDE9666A4899CD
:10634000676A4999686A4A99696A4B996A6A4C9975
:106350006B6A4D996C6A4E996D6A4F996E6A509945
:106360006F6A5199706A5299716AF7B3726A539958
:10637000736A5499746A5599756A5699766A5799E9
:10638000776A5899786A5999796AD6E97A6A5A99EE
:106390007B6A5B997C6ADAE97D6A5C997E6A5D99C1
:1063A0007F6A5E99806AB4CC816A5F99826A6099DB
:1063B000836A6199846AADCF856A6299866A6399B6
:1063C000876A6499886A6599896A66998A6A679909
:1063D0008B6A68998C6A69998D6A6A998E6AD5E91F
:1063E0008F6A6B99906ADCE9916ADBE9926A6C9931
:1063F000936A6D99946A6E99956A6F99966A709985
:10640000976ADEE9986A7199996A72999A6A73999A
:106410009B6A74999C6A75999D6A76999E6A779928
:106420009F6A7899A06AD1E9A16A7999A26A7A9952
:10643000A36A7B99A46A7C99A56A7D99A66A7E99CC
:10644000A76A8099A86A8199A96ADDE9AA6A8299EE
:10645000AB6ADFE9AC6ACAC3AD6A8399AE6A849954
:10646000AF6A8599B06A8699B16A8799B26A889944
:10647000B36A8999B46A8A99B56A8B99B66A8C9914
:10648000B76A8D99B86A8E99B96A8F99BA6A9099E4
:10649000BB6A9199BC6A9299BD6A9399BE6A9499B4
:1064A000BF6A9599C06A9699C16A9799C26A989984
:1064B000C36A9999C46A9A99C56A9B99C66A9C9954
:1064C000C76A9D99C86A9E99C96A9F99CA6AA09924
:1064D000CB6AA199CC6AA299CD6AA399CE6AA499F4
:1064E000CF6AA599D06AA699D16AA799D26AA899C4
:1064F000D36AA999D46AAA99D56AAB99D66AAC9994
:10650000D76AAD99D86AAE99D96AAF99DA6AB09963
:10651000DB6AB199DC6AB299DD6AB399DE6AB49933
:10652000DF6AB599E06AB699E16AB799E26AB89903
:10653000E36AB999E46ABA99E56ABB99E66ABC99D3
:10654000E76ABD99E86ABE99E96ABF99EA6AC099A3
:10655000EB6AC199EC6AC299ED6AC399EE6AC49973
:10656000EF6AC599F06AC699F16AC799F26AC89943
:10657000F36AC999F46ACA99F56ACB99F66ACC9913
:10658000F76ACD99F86ACE99F96ACF99FA6AD099E3
:10659000FB6AD199FC6AD299FD6AD399FE6AD499B3
:1065A000FF6AD599006BD699016BD799026BD89980
:1065B000036BD999046BDA99056BDB99066BDC994F
:1065C000076BDD99086BDE99096BDF990A6BE0991F
:1065D0000B6BE1990C6BE2990D6BE3990E6BE499EF
:1065E0000F6BE599106BE699116BE799126BE899BF
:1065F000136BE999146BEA99156BEB99166BEC998F
:10660000176BED99186BEE99196BEF991A6BF0995E
:106610001B6BF1991C6BF2991D6BF3991E6BF4992E
:106620001F6BF599206BB7C7216BCEB4226BB6BB3D
:10663000236BC0D0246BA3EC256BF699266BF799DE
:10664000276BB7C5286BF899296BF9992A6BFA99CA
:106650002B6BFB992C6BFC992D6BFD992E6BFE9986
:106660002F6B409A306B419A316B429A326BFBD35D
:10667000336B439A346B449A356B459A366B469A22
:10668000376BA4EC386B479A396BA5EC3A6BDBC6D9
:106690003B6B489A3C6B499A3D6B4A9A3E6BEEBF06
:1066A0003F6B4B9A406B4C9A416B4D9A426B4E9AA2
:1066B000436BA6EC446B4F9A456B509A466BA7EC24
:1066C000476BAAD0486B519A496BB8C74A6B529A2C
:1066D0004B6B539A4C6BE8B84D6B549A4E6B559A72
:1066E0004F6B569A506B579A516B589A526B599AF6
:1066F000536B5A9A546B5B9A556B5C9A566B5D9AC6
:10670000576B5E9A586B5F9A596BA8EC5A6B609AFC
:106710005B6B619A5C6B629A5D6B639A5E6B649A69
:106720005F6B659A606B669A616B679A626BB9D6AC
:10673000636BFDD5646BCBB4656BBDB2666BE4CEA9
:10674000676BE7C6686B689A696B699A6A6BE1CD9B
:106750006B6B6A9A6C6B6B9A6D6B6C9A6E6B6D9AC5
:106760006F6B6E9A706B6F9A716B709A726B719A95
:10677000736B729A746B739A756B749A766B759A65
:10678000776B769A786B779A796BF5B47A6B789A9F
:106790007B6BC0CB7C6BDFBC7D6B799A7E6B7A9A0E
:1067A0007F6B7B9A806B7C9A816BE2E9826BE3E979
:1067B000836BEAD1846BE5E9856B7D9A866BF9B4CE
:1067C000876BE4E9886B7E9A896BB3D18A6BE2CAE6
:1067D0008B6BD0B28C6B809A8D6BE8E98E6B819A53
:1067E0008F6B829A906B839A916B849A926BE6E995
:1067F000936BE7E9946B859A956B869A966BB3D603
:10680000976B879A986B889A996B899A9A6BE9E942
:106810009B6BEAE99C6B8A9A9D6B8B9A9E6B8C9A18
:106820009F6B8D9AA06B8E9AA16BEBE9A26B8F9AEE
:10683000A36B909AA46B919AA56B929AA66B939A6C
:10684000A76B949AA86B959AA96B969AAA6BECE998
:10685000AB6B979AAC6B989AAD6B999AAE6B9A9A10
:10686000AF6B9B9AB06B9C9AB16B9D9AB26B9E9AE0
:10687000B36BAFECB46BB9C5B56BCEB6B66B9F9AC4
:10688000B76BF3D2B86BA09AB96BA19ABA6BA29A04
:10689000BB6BA39ABC6BA49ABD6BA59ABE6BA69A60
:1068A000BF6BEEB5C06BA79AC16BD9BBC26BB1EC25
:1068B000C36BA89AC46BA99AC56BE3D2C66BAA9A9C
:1068C000C76BAB9AC86BAC9AC96BAD9ACA6BAE9AE0
:1068D000CB6BE3CECC6BAF9ACD6BB8C4CE6BB09A1A
:1068E000CF6BBFC3D06BB19AD16BB29AD26BBEB62D
:1068F000D36BB9D8D46BC8B1D56BCFB1D66BD1B18E
:10690000D76BFEC5D86BB39AD96BD0B1DA6BB49A9A
:10691000DB6BABC3DC6BB59ADD6BB69ADE6BB79AFB
:10692000DF6BB89AE06BB99AE16BB1D5E26BBA9ABA
:10693000E36BBB9AE46BBC9AE56BBD9AE66BBE9ABF
:10694000E76BBF9AE86BC09AE96BC19AEA6BA4EB5C
:10695000EB6BC1BAEC6BC29AED6BC39AEE6BC49A47
:10696000EF6BBACCF06BC59AF16BC69AF26BC79A13
:10697000F36BA5EBF46BC89AF56BA7EBF66BC99AB2
:10698000F76BCA9AF86BCB9AF96BA8EBFA6BCC9AB7
:10699000FB6BCD9AFC6BCE9AFD6BA6EBFE6BCF9A90
:1069A000FF6BD09A006CD19A016CD29A026CD39A88
:1069B000036CD49A046CD59A056CA9EB066CABEB0E
:1069C000076CAAEB086CD69A096CD79A0A6CD89A0D
:1069D0000B6CD99A0C6CDA9A0D6CACEB0E6CDB9AE2
:1069E0000F6CCFCA106CB5D8116CF1C3126CDC9A65
:1069F000136CA5C3146CF8C6156CADEB166CCAC449
:106A0000176CDD9A186CAEEB196CAFEB1A6CB0EB2F
:106A10001B6CD5B71C6CDE9A1D6CDF9A1E6CE09A5D
:106A20001F6CFAB7206CE19A216CB1EB226CE2C7C3
:106A3000236CE29A246CB3EB256CE39A266CA4BA1F
:106A4000276CF5D1286CB1B0296CB2EB2A6CB4EB91
:106A50002B6CE49A2C6CE59A2D6CE69A2E6CAAB5F8
:106A60002F6CC8C2306CE8C7316CE79A326CB5EB5A
:106A7000336CE89A346CAECB356CDFE3366CE99A54
:106A8000376CEA9A386CC0D3396CEB9A3A6CEC9A52
:106A90003B6CED9A3C6CEE9A3D6CDBD93E6CEF9A08
:106AA0003F6CF09A406CA1CD416CADD6426CF3C7FF
:106AB000436CF19A446CF29A456CF39A466CE0D9B7
:106AC000476CE3BB486CF49A496CBABA4A6CE2E38F
:106AD0004B6CF59A4C6CF69A4D6CF79A4E6CF89A92
:106AE0004F6CF99A506CABCF516CFA9A526CFB9A7E
:106AF000536CFC9A546CE0E3556CC7C9566CFD9A14
:106B0000576CB9BA586CFE9A596C409B5A6C419BB1
:106B10005B6CB4D15C6CE1E35D6CEAC85E6CAFB9F0
:106B20005F6CADBD606CD8B3616CDBCE626C429BB8
:106B3000636C439B646CC0CC656C449B666C459BEA
:106B4000676C469B686CE8E3696CE9E36A6CF4CDBA
:106B50006B6C479B6C6C489B6D6C499B6E6C4A9B45
:106B60006F6C4B9B706CADCC716C4C9B726CB3BCFE
:106B7000736C4D9B746CEAE3756C4E9B766CEBE327
:106B8000776C4F9B786C509B796CDAD07A6C519B08
:106B90007B6C529B7C6C539B7D6CFBC67E6CDAB726
:106BA0007F6C549B806C559B816CDFC7826CCAD212
:106BB000836CD6CE846C569B856CE4E3866CECE3E8
:106BC000876C579B886CF2C9896CC1B38A6C589BDF
:106BD0008B6C599B8C6CE7E38D6C5A9B8E6C5B9B2A
:106BE0008F6CE3C6906CE5E3916C5C9B926C5D9B53
:106BF000936CB3ED946CE6E3956C5E9B966C5F9B37
:106C0000976C609B986C619B996CB3C99A6C629B02
:106C10009B6CE6C59C6C639B9D6C649B9E6C659BAA
:106C20009F6CB5B9A06C669BA16CBBC3A26C679B43
:106C3000A36CE3E3A46CBDC5A56CA4C1A66CD9C2CA
:106C4000A76CD7B2A86C689BA96CEDE3AA6CA6BB35
:106C5000AB6CADC4AC6C699BAD6CF0E3AE6CDABEF2
:106C6000AF6C6A9BB06C6B9BB16CFBE3B26CF5E3F1
:106C7000B36CD3BAB46C6C9BB56C6D9BB66C6E9BED
:106C8000B76C6F9BB86CD0B7B96CCDD3BA6C709B36
:106C9000BB6CCED6BC6CD3D5BD6CC1B9BE6CB4D503
:106CA000BF6CD8D1C06C719BC16C729BC26C739B62
:106CB000C36C749BC46CB9D0C56CF6C7C66C759BAD
:106CC000C76C769BC86C779BC96CAAC8CA6CB4B2F7
:106CD000CB6C789BCC6CDAC3CD6C799BCE6C7A9BF9
:106CE000CF6C7B9BD06CEEE3D16C7C9BD26C7D9B9C
:106CF000D36CFCE3D46CEFE3D56CA8B7D66CF7E3A8
:106D0000D76CF4E3D86C7E9BD96C809BDA6C819B4A
:106D1000DB6CBAB7DC6C829BDD6C839BDE6CA2C53E
:106D2000DF6C849BE06CF6E3E16CDDC5E26CA8B23D
:106D3000E36CFCC6E46C859BE56CE0C4E66C869B6A
:106D4000E76C879BE86CA2D7E96C889BEA6CE1C092
:106D5000EB6CF9E3EC6C899BED6C8A9BEE6CFAE3CF
:106D6000EF6CFDE3F06CA9CCF16CF3E3F26C8B9B60
:106D7000F36CBED3F46C8C9BF56CC3B1F66CB4EDC4
:106D8000F76CF1E3F86CF2E3F96C8D9BFA6CF8E3C5
:106D9000FB6CBAD0FC6CC3C6FD6CF3D4FE6CFEE396
:106DA000FF6C8E9B006D8F9B016DE0BD026D909B13
:106DB000036D919B046DA7E4056D929B066D939BFB
:106DC000076DA6E4086D949B096D959B0A6D969BD3
:106DD0000B6DF3D10C6DA3E40D6D979B0E6DA9E4C3
:106DE0000F6D989B106D999B116D9A9B126DF7C852
:106DF000136D9B9B146D9C9B156D9D9B166D9E9BAF
:106E0000176DB4CF186D9F9B196DA8E41A6DAEE491
:106E10001B6DE5C21C6DA09B1D6DA19B1E6DB4B6C4
:106E20001F6DA29B206DA39B216DA49B226DA59B32
:106E3000236DA69B246DA79B256DF2BD266DA89B97
:106E4000276DA2E4286DA99B296DAA9B2A6DE9BA3A
:106E50002B6DAAE42C6DAB9B2D6DAC9B2E6DACE421
:106E60002F6DAD9B306DAE9B316DFDB6326DDED6B4
:106E7000336DB2E4346DAF9B356DADE4366DB09BD0
:106E8000376DB19B386DB29B396DA1E43A6DB39B00
:106E90003B6DEEBB3C6DDDCD3D6DA2C73E6DC9C502
:106EA0003F6DB49B406DB59B416DF7C1426DB69B84
:106EB000436DA4E4446DB79B456DB3C7466DACBD4F
:106EC000476DBDBD486DA5E4496DB89B4A6DC7D7F8
:106ED0004B6DE2B24C6DB99B4D6DABE44E6DC3BCD6
:106EE0004F6DAFE4506DBA9B516DEBBB526DB0E48A
:106EF000536DA8C5546DB1E4556DBB9B566DBC9BDD
:106F0000576DBD9B586DBE9B596DE3D55A6DA3BFA0
:106F10005B6DBF9B5C6DBAE45D6DC09B5E6DB7E45D
:106F20005F6DC19B606DBBE4616DC29B626DC39B75
:106F3000636DBDE4646DC49B656DC59B666DD6C60F
:106F4000676DC69B686DC79B696DC6BA6A6DCBC01D
:106F50006B6DC89B6C6DC99B6D6DCA9B6E6DA1B846
:106F60006F6DB4E4706DCB9B716DCC9B726DCD9BDE
:106F7000736DCE9B746DA1D4756DCF9B766DD09BD8
:106F8000776DA3BA786DFEBD796DD19B7A6DD29B7A
:106F90007B6DD39B7C6DBCE47D6DD49B7E6DD59B5E
:106FA0007F6DD69B806DD79B816DD89B826DBFCD49
:106FB000836DD99B846DDA9B856DF9C4866DDB9BEF
:106FC000876DDC9B886DFBCF896DE6C98A6DDD9B83
:106FD0008B6DDE9B8C6DBFD38D6DDF9B8E6DD1CFA6
:106FE0008F6DE09B906DE19B916DB3E4926DE29BA0
:106FF000936DB8E4946DB9E4956DE9CC966DE39B1F
:10700000976DE49B986DE59B996DE69B9A6DE79B68
:107010009B6DCECC9C6DE89B9D6DD4C09E6DB5E400
:107020009F6DB0C1A06DB6E4A16DD0CEA26DE99BFD
:10703000A36DC1BBA46DD3B5A56DEA9BA66DF3C8C6
:10704000A76DA7BDA86DC7D5A96DACC9AA6DA2B81B
:10705000AB6DCAE4AC6DEB9BAD6DEC9BAE6DCCE45F
:10706000AF6DC4D1B06DED9BB16DEE9BB26DBAD278
:10707000B36DEF9BB46DF09BB56DADBAB66DF19B82
:10708000B76DF29BB86DD4BAB96DF39BBA6DF49B32
:10709000BB6DF59BBC6DF69BBD6DF79BBE6DF89B04
:1070A000BF6DC3E4C06DEDB5C16DF99BC26DFA9BB8
:1070B000C36DFB9BC46DCDD7C56DC0E4C66DFDCF60
:1070C000C76DBFE4C86DFC9BC96DFD9BCA6DFE9B7F
:1070D000CB6DDCC1CC6DCACCCD6D409CCE6D419CDE
:1070E000CF6D429CD06D439CD16DE7CAD26D449C5C
:1070F000D36D459CD46D469CD56D479CD66DD7C449
:10710000D76D489CD86DD4CCD96DC8E4DA6D499C54
:10711000DB6D4A9CDC6D4B9CDD6DC7E4DE6DC1E42C
:10712000DF6D4C9CE06DC4E4E16DADB5E26D4D9C4E
:10713000E36D4E9CE46DD9D3E56D4F9CE66DC6E4DE
:10714000E76D509CE86D519CE96D529CEA6D539C33
:10715000EB6DF9D2EC6DE3B4ED6D549CEE6DB4BB08
:10716000EF6D559CF06D569CF16DEEC9F26D579C1C
:10717000F36DBEB4F46D589CF56D599CF66D5A9C38
:10718000F76DECBBF86D5B9CF96DCDD1FA6D5C9C35
:10719000FB6DEDCCFC6DB5EDFD6D5D9CFE6D5E9CFB
:1071A000FF6D5F9C006E609C016E619C026E629C34
:1071B000036E639C046E649C056EE5C7066E659C59
:1071C000076E669C086E679C096E689C0A6EA8D460
:1071D0000B6E699C0C6ECBE40D6ED5D70E6EC2E4BF
:1071E0000F6E6A9C106EA5BD116EC5E4126E6B9C8D
:1071F000136E6C9C146EE6D3156E6D9C166EC9E40E
:10720000176EF8C9186E6E9C196E6F9C1A6EBEE4EC
:107210001B6E709C1C6E719C1D6EE5D31E6E729C65
:107220001F6E739C206EFEC7216EC9B6226E749CC1
:10723000236EFCD4246EB3B2256ED7E4266E759C03
:10724000276E769C286E779C296EC2CE2A6E789C1B
:107250002B6ECDE42C6E799C2D6EBCCE2E6E7A9C5E
:107260002F6EDBB8306E7B9C316E7C9C326ED6E428
:10727000336E7D9C346ECABF356E7E9C366E809CAC
:10728000376E819C386ECED3396E829C3A6EECC3D9
:107290003B6E839C3C6E849C3D6E859C3E6E869CC2
:1072A0003F6E879C406E889C416E899C426E8A9C92
:1072B000436EC8C5446ED8E4456E8B9C466E8C9C6C
:1072C000476E8D9C486E8E9C496E8F9C4A6E909C3A
:1072D0004B6E919C4C6E929C4D6EC4CD4E6ECFE425
:1072E0004F6E939C506E949C516E959C526E969CE2
:1072F000536ED4E4546ED5E4556E979C566EFEBA28
:10730000576E989C586EE6CF596E999C5A6E9A9C0F
:107310005B6EBFD55C6E9B9C5D6E9C9C5E6E9D9C07
:107320005F6ED2E4606E9E9C616E9F9C626EA09CBC
:10733000636EA19C646EA29C656EA39C666EA49C09
:10734000676EA59C686EA69C696EA79C6A6EA89CD9
:107350006B6ED0E46C6EA99C6D6EAA9C6E6ECEE4D2
:107360006F6EAB9C706EAC9C716EAD9C726EAE9C81
:10737000736EAF9C746EB09C756EB19C766EB29C51
:10738000776EB39C786EB49C796EB59C7A6EB69C21
:107390007B6EB79C7C6EB89C7D6EB99C7E6EE5CD95
:1073A0007F6EAACA806EBA9C816EBB9C826EBC9CAA
:1073B000836EA3C0846EBD9C856EA6BD866ED3E42D
:1073C000876EBE9C886EBF9C896EC8B88A6EC09C52
:1073D0008B6EC19C8C6EC29C8D6EC39C8E6EC49C49
:1073E0008F6EE7E4906EB4D4916EC59C926EC69C8D
:1073F000936EC79C946EC89C956EC99C966ECA9CF1
:10740000976ECB9C986EDBE4996ECC9C9A6ECD9C6B
:107410009B6ECE9C9C6EEFC19D6ECF9C9E6ED09C51
:107420009F6EE9E4A06ED19CA16ED29CA26EE7D2C1
:10743000A36ED39CA46ED49CA56EDFE4A66ED59CEF
:10744000A76EE0E4A86ED69CA96ED79CAA6EAACFC0
:10745000AB6ED89CAC6ED99CAD6EDA9CAE6EDB9CEC
:10746000AF6EDDCBB06EDC9CB16EDAE4B26ED1E40F
:10747000B36EDD9CB46EE5E4B56EDE9CB66EDCC822
:10748000B76EE3E4B86EDF9CB96EE09CBA6EE7C4F9
:10749000BB6EE2E4BC6EE19CBD6EE1E4BE6EE29CBC
:1074A000BF6EE39CC06EE49CC16EFCB3C26EE8E4A8
:1074B000C36EE59CC46EE69CC56EE79CC66EE89CF8
:1074C000C76EE1B5C86EE99CC96EEA9CCA6EEB9CBA
:1074D000CB6ECCD7CC6EEC9CCD6EED9CCE6EEE9C84
:1074E000CF6EE6E4D06EEF9CD16EACBBD26EF09C5A
:1074F000D36ED2D7D46ECFCCD56EF8EBD66EF19CCE
:10750000D76EE4E4D86EF29CD96EF39CDA6EF6B9CD
:10751000DB6EF49CDC6EF59CDD6EF69CDE6ECDD6EB
:10752000DF6ED9E4E06EDCE4E16EFAC2E26EDEE426
:10753000E36EF79CE46ECBC2E56EC4C0E66ED0C2CB
:10754000E76EF89CE86EF5B1E96EB2CCEA6EF99C94
:10755000EB6EFA9CEC6EFB9CED6EFC9CEE6EFD9C63
:10756000EF6EFE9CF06E409DF16E419DF26E429D6D
:10757000F36E439DF46ECEB5F56E449DF66E459D5B
:10758000F76E469DF86E479DF96EEFE4FA6E489DE2
:10759000FB6E499DFC6E4A9DFD6E4B9DFE6E4C9DA3
:1075A000FF6E4D9D006F4E9D016F4F9D026FAFC6E8
:1075B000036F509D046F519D056F529D066FE1C68C
:1075C000076F539D086F549D096FF5E40A6F559D31
:1075D0000B6F569D0C6F579D0D6F589D0E6F599DEB
:1075E0000F6FA9C2106F5A9D116F5B9D126F5C9D4A
:1075F000136FECC0146FDDD1156FEEE4166F5D9D57
:10760000176F5E9D186F5F9D196F609D1A6F619D6A
:107610001B6F629D1C6F639D1D6F649D1E6F659D3A
:107620001F6F669D206FAEC4216F679D226F689D9E
:10763000236F699D246FEDE4256F6A9D266F6B9D16
:10764000276F6C9D286F6D9D296FF6E42A6FF4E417
:107650002B6FFEC22C6F6E9D2D6FDDE42E6F6F9D24
:107660002F6FF0E4306F709D316FFECA326F719DE5
:10767000336FC4D5346F729D356F739D366FF1E4EF
:10768000376F749D386F759D396F769D3A6F779D12
:107690003B6F789D3C6F799D3D6F7A9D3E6FFAD12F
:1076A0003F6F7B9D406F7C9D416F7D9D426F7E9DB6
:1076B000436F809D446F819D456F829D466FEBE4D3
:1076C000476FECE4486F839D496F849D4A6F859DA9
:1076D0004B6FF2E44C6F869D4D6FABCE4E6F879D26
:1076E0004F6F889D506F899D516F8A9D526F8B9D02
:1076F000536F8C9D546F8D9D556F8E9D566F8F9DD2
:10770000576F909D586FCBC5596F919D5A6F929D41
:107710005B6F939D5C6FB1C75D6F949D5E6FBAC2E6
:107720005F6F959D606F969D616F979D626FEAE4B4
:10773000636F989D646F999D656F9A9D666FCAC1CE
:10774000676F9B9D686F9C9D696F9D9D6A6F9E9DF5
:107750006B6F9F9D6C6FA09D6D6FB6CC6E6FB1B35C
:107760006F6FA19D706FA29D716FA39D726FFBE4FF
:10777000736FA49D746FF3E4756FA59D766FA69DDE
:10778000776FA79D786FFAE4796FA89D7A6FFDE413
:107790007B6FA99D7C6FFCE47D6FAA9D7E6FAB9D86
:1077A0007F6FAC9D806FAD9D816FAE9D826FAF9DF1
:1077B000836FB09D846FCEB3856FB19D866FB29D90
:1077C000876FB39D886FBAB3896FF7E48A6FB49DF2
:1077D0008B6FB59D8C6FF9E48D6FF8E48E6FECC5FF
:1077E0008F6FB69D906FB79D916FB89D926FB99D49
:1077F000936FBA9D946FBB9D956FBC9D966FBD9D19
:10780000976FBE9D986FBF9D996FC09D9A6FC19DE8
:107810009B6FC29D9C6FBDC09D6FC39D9E6FC49D9D
:107820009F6FC59DA06FC69DA16FE8D4A26FC79D35
:10783000A36FC89DA46FC99DA56FCA9DA66FCB9D60
:10784000A76FA2E5A86FCC9DA96FCD9DAA6FCE9D15
:10785000AB6FCF9DAC6FD09DAD6FD19DAE6FD29D04
:10786000AF6FD39DB06FD49DB16FD59DB26FD69DD4
:10787000B36FC4B0B46FD79DB56FD89DB66FA4E594
:10788000B76FD99DB86FDA9DB96FA3E5BA6FDB9D6D
:10789000BB6FDC9DBC6FDD9DBD6FDE9DBE6FDF9D50
:1078A000BF6FE09DC06FA4BCC16FE19DC26FA5E535
:1078B000C36FE29DC46FE39DC56FE49DC66FE59DF8
:1078C000C76FE69DC86FE79DC96FA1E5CA6FE89DC8
:1078D000CB6FE99DCC6FEA9DCD6FEB9DCE6FEC9D9C
:1078E000CF6FED9DD06FEE9DD16FFEE4D26FF4B1FE
:1078F000D36FEF9DD46FF09DD56FF19DD66FF29D44
:10790000D76FF39DD86FF49DD96FF59DDA6FF69D13
:10791000DB6FF79DDC6FF89DDD6FF99DDE6FA8E5ED
:10792000DF6FFA9DE06FA9E5E16FA6E5E26FFB9DD1
:10793000E36FFC9DE46FFD9DE56FFE9DE66F409E4D
:10794000E76F419EE86F429EE96F439EEA6F449E57
:10795000EB6F459EEC6F469EED6F479EEE6FA7E581
:10796000EF6FAAE5F06F489EF16F499EF26F4A9E55
:10797000F36F4B9EF46F4C9EF56F4D9EF66F4E9ECF
:10798000F76F4F9EF86F509EF96F519EFA6F529E9F
:10799000FB6F539EFC6F549EFD6F559EFE6F569E6F
:1079A000FF6F579E0070589E0170599E02705A9E3C
:1079B00003705B9E04705C9E05705D9E06705E9E0B
:1079C00007705F9E0870609E0970619E0A70629EDB
:1079D0000B70639E0C70649E0D70659E0E70669EAB
:1079E0000F70679E1070689E1170D9C61270699EE4
:1079F00013706A9E14706B9E15706C9E16706D9E4F
:107A000017706E9E18706F9E1970709E1A70ABE59D
:107A10001B70ADE51C70719E1D70729E1E70739E72
:107A20001F70749E2070759E2170769E2270779EC6
:107A30002370ACE52470789E2570799E26707A9E1E
:107A400027707B9E28707C9E29707D9E2A707E9E6A
:107A50002B70809E2C70819E2D70829E2E70839E36
:107A60002F70849E3070859E3170869E3270879E06
:107A70003370889E3470899E3570AFE536708A9E6B
:107A800037708B9E38708C9E3970AEE53A708D9E43
:107A90003B708E9E3C708F9E3D70909E3E70919E7E
:107AA0003F70929E4070939E4170949E4270959E4E
:107AB0004370969E4470979E4570989E4670999E1E
:107AC00047709A9E48709B9E49709C9E4A709D9EEE
:107AD0004B709E9E4C70E0B94D709F9E4E70A09E64
:107AE0004F70B0E55070A19E5170A29E5270A39E3F
:107AF0005370A49E5470A59E5570A69E5670A79E66
:107B00005770A89E5870A99E5970AA9E5A70AB9E35
:107B10005B70AC9E5C70AD9E5D70AE9E5E70B1E5BC
:107B20005F70AF9E6070B09E6170B19E6270B29ED9
:107B30006370B39E6470B49E6570B59E6670B69EA9
:107B40006770B79E6870B89E6970B99E6A70BA9E79
:107B50006B70F0BB6C70E1EC6D70F0C36E70BB9E2F
:107B60006F70C6B57070D2BB7170BC9E7270BD9ED6
:107B70007370BE9E7470BF9E7570E9C17670EED44E
:107B80007770C09E7870C4BE7970C19E7A70C29EB4
:107B90007B70C39E7C70C6D77D70C49E7E70D6D429
:107BA0007F70D3B28070BEEC8170C59E8270C69E1D
:107BB0008370C79E8470C89E8570C1EA8670C99E16
:107BC0008770CA9E8870CB9E8970AFC28A70B6B427
:107BD0008B70CC9E8C70CD9E8D70CE9E8E70D7D1CA
:107BE0008F70CF9E9070D09E9170D19E9270B4B3E2
:107BF0009370D29E9470B2C89570BBBF9670C0EC63
:107C00009770D39E9870D49E9970CBD69A70D59E5B
:107C10009B70D69E9C70BFEC9D70C1EC9E70D79EF1
:107C20009F70D89EA070D99EA170DA9EA270DB9E34
:107C3000A370DC9EA470DD9EA570DE9EA670DF9E04
:107C4000A770E09EA870E19EA970E29EAA70E39ED4
:107C5000AB70C5ECAC70E6BEAD70BFCCAE70DAC533
:107C6000AF70BCBEB070E49EB170C6ECB270E59E61
:107C7000B370FEB1B470E69EB570E79EB670E89E34
:107C8000B770C4ECB870A8D5B970E3B5BA70E99E06
:107C9000BB70C2ECBC70B6C1BD70E3B3BE70EA9EEF
:107CA000BF70EB9EC070C3ECC170B8CBC270C3C0D4
:107CB000C370FECCC470EC9EC570ED9EC670EE9E87
:107CC000C770EF9EC870D2C1C970F09ECA70C8EC70
:107CD000CB70F19ECC70F29ECD70F39ECE70F49E70
:107CE000CF70F59ED070F69ED170F79ED270F89E40
:107CF000D370F99ED470FA9ED570FB9ED670FC9E10
:107D0000D770FD9ED870E6BAD970D3C0DA70FE9EE7
:107D1000DB70F2D6DC70409FDD70419FDE70429FC9
:107D2000DF70CCD1E070439FE170449FE270459FCB
:107D3000E370469FE470BEBFE570479FE670B3B73F
:107D4000E770D5C9E870C7ECE970E2BBEA70489FFC
:107D5000EB70CCCCEC70FDBDED70C8C8EE70499FE7
:107D6000EF70A9CFF0704A9FF1704B9FF2704C9F5B
:107D7000F3704D9FF4704E9FF5704F9FF670509FBB
:107D8000F770E9CDF870519FF970EBC5FA70529F0A
:107D9000FB70539FFC70549FFD70E9B7FE70559FB8
:107DA000FF70569F0071579F0171589F0271599F34
:107DB00003715A9F04715B9F05715C9F06715D9F03
:107DC00007715E9F08715F9F0971C9D10A71B8BAC6
:107DD0000B71609F0C71619F0D71629F0E71639FAB
:107DE0000F71649F1071C9EC1171659F1271669FCC
:107DF0001371CAEC1471679F1571C0BB1671CBEC7F
:107E00001771689F1871E2EC1971BAB11A71D9B77C
:107E10001B71699F1C716A9F1D716B9F1E716C9F06
:107E20001F716D9F20716E9F21716F9F2271709FD6
:107E30002371719F2471729F2571739F2671B9BD43
:107E40002771749F2871759F2971769F2A71779F7A
:107E50002B71789F2C71799F2D717A9F2E717B9F4A
:107E60002F71CCEC3071E6D13171CDEC32717C9F49
:107E700033717D9F34717E9F3571809F3671BBC891
:107E80003771819F3871829F3971839F3A71849FC6
:107E90003B71859F3C71869F3D71879F3E71889F96
:107EA0003F71899F40718A9F41718B9F42718C9F66
:107EB00043718D9F44718E9F4571D1EC46718F9FA8
:107EC0004771909F4871919F4971929F4A71D3EC7D
:107ED0004B71939F4C71CDBB4D71949F4E71E5BC1E
:107EE0004F71959F5071969F5171979F5271989FB6
:107EF0005371999F54719A9F55719B9F56719C9F86
:107F000057719D9F58719E9F59719F9F5A71A09F55
:107F10005B71A19F5C71CFEC5D71A29F5E71B7C96F
:107F20005F71A39F6071A49F6171A59F6271A69FFD
:107F30006371A79F6471BAC36571A89F6671E3EC12
:107F40006771D5D56871D0EC6971A99F6A71AA9FD4
:107F50006B71AB9F6C71AC9F6D71AD9F6E71F3D601
:107F60006F71AE9F7071AF9F7171B09F7271D2ECE3
:107F70007371CEEC7471B19F7571B29F7671B39FBE
:107F80007771B49F7871D4EC7971B59F7A71D5EC23
:107F90007B71B69F7C71B79F7D71BFC97E71B89FA1
:107FA0007F71B99F8071BA9F8171BB9F8271BC9FA5
:107FB0008371BD9F8471A8CF8571BE9F8671BF9F5D
:107FC0008771C09F8871C19F8971C29F8A71DCD0FF
:107FD0008B71C39F8C71C49F8D71C59F8E71C69F1D
:107FE0008F71ACD19071C79F9171C89F9271C99FD9
:107FF0009371CA9F9471DBC89571CB9F9671CC9F8A
:108000009771CD9F9871D6EC9971F5CE9A71CE9FEC
:108010009B71CF9F9C71D09F9D71D19F9E71D29F6C
:108020009F71ECCAA071DAECA171D39FA271D49FA9
:10803000A371D59FA471D69FA571D79FA671D89F14
:10804000A771D99FA871D9ECA971DA9FAA71DB9F9A
:10805000AB71DC9FAC71BEB0AD71DD9FAE71DE9FC8
:10806000AF71DF9FB071E09FB171E19FB271E29F8C
:10807000B371D7ECB471E39FB571D8ECB671E49FDE
:10808000B771E59FB871E69FB971E4ECBA71E79FEB
:10809000BB71E89FBC71E99FBD71EA9FBE71EB9F08
:1080A000BF71EC9FC071ED9FC171EE9FC271EF9FD8
:1080B000C371BCC8C471F09FC571F19FC671F29FB6
:1080C000C771F39FC871F49FC971F59FCA71F69F7C
:1080D000CB71F79FCC71F89FCD71F99FCE71C7C15D
:1080E000CF71FA9FD071FB9FD171FC9FD271FD9F20
:1080F000D371FE9FD471DCECD571E0D1D67140A074
:10810000D77141A0D87142A0D97143A0DA7144A0BF
:10811000DB7145A0DC7146A0DD7147A0DE7148A08F
:10812000DF7149A0E071DBECE1714AA0E2714BA084
:10813000E3714CA0E4714DA0E571EFD4E6714EA05F
:10814000E771DDECE8714FA0E97150A0EA7151A030
:10815000EB7152A0EC7153A0ED7154A0EE71C6DB2F
:10816000EF7155A0F07156A0F17157A0F27158A0AF
:10817000F37159A0F4715AA0F5715BA0F6715CA07F
:10818000F7715DA0F8715EA0F971DEECFA715FA085
:10819000FB7160A0FC7161A0FD7162A0FE7163A023
:1081A000FF7164A0007265A0017266A0027267A0F0
:1081B000037268A0047269A005726AA00672ACB16D
:1081C00007726BA008726CA009726DA00A726EA093
:1081D0000B726FA00C7270A00D7271A00E7272A063
:1081E0000F7273A0107274A0117275A0127276A033
:1081F000137277A0147278A0157279A016727AA003
:1082000017727BA018727CA019727DA01A727EA0D2
:108210001B7280A01C7281A01D72DFEC1E7282A0F6
:108220001F7283A0207284A0217285A0227286A072
:10823000237287A0247288A0257289A026728AA042
:1082400027728BA02872E0EC29728CA02A72A6D724
:108250002B728DA02C72C0C52D728EA02E728FA095
:108260002F7290A03072BCEB3172AEB0327291A01E
:10827000337292A0347293A03572F4BE3672B8B8DD
:108280003772AFD23872D6B03972F9B53A7294A05B
:108290003B72B3D83C7295A03D72ACCB3E7296A0B7
:1082A0003F72DDE3407297A0417298A0427299A09C
:1082B00043729AA044729BA045729CA046729DA0F6
:1082C0004772ACC64872E6B049729EA04A729FA03F
:1082D0004B72A0A04C72C6C54D72B9EB4E72A1A0F4
:1082E0004F72A2A05072A3A05172A4A05272BAEB16
:1082F0005372A5A05472A6A05572A7A05672BBEBEC
:108300005772A8A05872A9A05972C0D15A72AAA0D7
:108310005B72A3C55C72ABA05D72F2EA5E72ACA048
:108320005F72B2C46072ADA06172B5C46272CEC039
:108330006372AEA06472AFA06572B0A06672F3EA19
:108340006772C1C46872B1A06972EFCE6A72B2A0DE
:108350006B72B3A06C72B4A06D72B5A06E72F0EACD
:108360006F72F4EA7072B6A07172B7A07272FCC933
:108370007372B8A07472B9A07572A3C77672BAA0EE
:108380007772BBA07872BCA07972D8CC7A72FECE1C
:108390007B72BDA07C72BEA07D72BFA07E72F5EA2A
:1083A0007F72F6EA8072ACCF8172E7C08272C0A0A1
:1083B0008372C1A08472F7EA8572C2A08672C3A0DC
:1083C0008772C4A08872C5A08972C6A08A72BFB61F
:1083D0008B72F8EA8C72C7A08D72F9EA8E72C8A00F
:1083E0008F72FAEA9072C9A09172CAA09272FBEAE7
:1083F0009372CBA09472CCA09572CDA09672CEA0B1
:108400009772CFA09872D0A09972D1A09A72D2A080
:108410009B72D3A09C72D4A09D72D5A09E72D6A050
:108420009F72F1EAA072D7A0A172D8A0A272D9A0BF
:10843000A372DAA0A472DBA0A572DCA0A672DDA0F4
:10844000A772DEA0A872DFA0A972E0A0AA72E1A0C4
:10845000AB72E2A0AC72AEC8AD72EBE1AE72E3A05B
:10846000AF72B8B7B072ECE1B172E4A0B272E5A03D
:10847000B372E6A0B472EDE1B572E7A0B672B4D7FC
:10848000B772EEE1B872EFE1B972CCD3BA72E8A07C
:10849000BB72E9A0BC72EAA0BD72EBA0BE72ECA0F8
:1084A000BF72EDA0C072EEA0C172F1E1C272F1BF65
:1084B000C372F0E1C472D2B5C572EFA0C672F0A06B
:1084C000C772F1A0C872B7B1C972F2A0CA72F3A0A4
:1084D000CB72F4A0CC72F5A0CD72F3E1CE72F2E1D2
:1084E000CF72F6A0D072FCBAD172F7A0D272F4E1CA
:1084F000D372F8A0D472F9A0D572FAA0D672FBA0FC
:10850000D772B7B9D872FCA0D972D1BEDA72FDA009
:10851000DB72FEA0DC7240AADD7241AADE72FCC4EE
:10852000DF7242AAE072DDBAE172C6BDE27243AA0E
:10853000E37244AAE47245AAE57246AAE67247AA23
:10854000E77248AAE872F5E1E972F7E1EA7249AA2E
:10855000EB724AAAEC72C0B6ED72C1CFEE72A8CA35
:10856000EF72F6E1F072F8D5F172FCD3F272F8E135
:10857000F372FCE1F472F9E1F5724BAAF6724CAABF
:10858000F772FAE1F872EAC0F9724DAAFA72FEE1E6
:10859000FB72A1E2FC72C7C0FD724EAAFE724FAA26
:1085A000FF7250AA007351AA0173FBE1027352AA31
:1085B0000373FDE1047353AA057354AA067355AA05
:1085C000077356AA087357AA097358AA0A73A5E233
:1085D0000B7359AA0C735AAA0D735BAA0E73D4C1FC
:1085E0000F735CAA10735DAA11735EAA12735FAA5F
:1085F0001373A3E2147360AA1573A8E21673FEB294
:108600001773A2E2187361AA197362AA1A7363AA94
:108610001B73CDC31C73C2B21D73A7E21E73A6E207
:108620001F7364AA207365AA2173A4E22273A9E2CE
:10863000237366AA247367AA2573ABE2267368AA1C
:10864000277369AA28736AAA2973C9D02A73EDD639
:108650002B73A8C32C73ACE22D736BAA2E73D7CFE8
:108660002F736CAA30736DAA3173AEE232736EAAA7
:1086700033736FAA3473EFBA357370AA367371AA65
:108680003773E0E93873ADE23973AAE23A7372AA3C
:108690003B7373AA3C7374AA3D7375AA3E73ABBB5C
:1086A0003F73B3D4407376AA417377AA427378AA12
:1086B000437379AA44737AAA45737BAA46737CAA4A
:1086C00047737DAA48737EAA497380AA4A7381AA18
:1086D0004B7382AA4C7383AA4D73B0E24E7384AA83
:1086E0004F7385AA5073AFE2517386AA5273E1E9C2
:1086F000537387AA547388AA557389AA56738AAA92
:108700005773B1E258738BAA59738CAA5A738DAA06
:108710005B738EAA5C738FAA5D7390AA5E7391AA35
:108720005F7392AA6073B2E2617393AA627394AAB0
:10873000637395AA647396AA657397AA667398AAD9
:10874000677399AA68739AAA69739BAA6A739CAAA9
:108750006B739DAA6C73B3E26D73A1CC6E739EAA0A
:108760006F73B4E270739FAA7173A0AA727340AB67
:10877000737341AB747342AB757343AB767344ABA5
:10878000777345AB787346AB797347AB7A7348AB75
:108790007B7349AB7C734AAB7D734BAB7E73B5E2A5
:1087A0007F734CAB80734DAB81734EAB82734FAB19
:1087B000837350AB8473FED0857351AB867352AB19
:1087C0008773CAC2887353AB8973F1D38A7354AB6E
:1087D0008B73F5CD8C7355AB8D7356AB8E73E0E711
:1087E0008F7357AB907358AB9173E1E7927359ABAA
:1087F00093735AAB94735BAB95735CAB9673C1BECA
:1088000097735DAB98735EAB99735FAB9A7360AB14
:108810009B73EAC29C7361AB9D7362AB9E7363AB47
:108820009F73E4E7A07364ABA17365ABA273E3E746
:10883000A37366ABA47367ABA57368ABA67369AB90
:10884000A7736AABA8736BABA973E6CDAA736CABC5
:10885000AB73B5C3AC736DABAD736EABAE73E2E728
:10886000AF73B7BBB073D6CFB1736FABB273E1C1A7
:10887000B373E9E7B47370ABB57371ABB67372AB36
:10888000B773E8E7B87373ABB97374ABBA73F4E753
:10889000BB73A3B2BC7375ABBD7376ABBE7377AB62
:1088A000BF7378ABC073EAE7C17379ABC273E6E715
:1088B000C3737AABC4737BABC5737CABC6737DAB40
:1088C000C7737EABC873ECE7C973EBE7CA73BAC969
:1088D000CB7380ABCC7381ABCD73E4D5CE7382AB5D
:1088E000CF73E5E7D073A9B7D173E7E7D27383AB52
:1088F000D37384ABD47385ABD57386ABD67387AB98
:10890000D77388ABD87389ABD973EEE7DA738AABC8
:10891000DB738BABDC738CABDD738DABDE73F3E79A
:10892000DF738EABE073E9D6E1738FABE27390AB8C
:10893000E37391ABE47392ABE573EDE7E67393AB4E
:10894000E773F2E7E87394ABE973F1E7EA7395AB89
:10895000EB7396ABEC7397ABED73E0B0EE7398AB43
:10896000EF7399ABF0739AABF1739BABF273F5E7CE
:10897000F3739CABF4739DABF5739EABF6739FAB37
:10898000F773A0ABF87340ACF97341ACFA7342AC27
:10899000FB7343ACFC7344ACFD7345ACFE7346AC57
:1089A000FF7347AC007448AC017449AC02744AAC24
:1089B0000374F2C704744BAC0574C5C00674EDC0F3
:1089C00007744CAC08744DAC0974F0C10A74F0E73C
:1089D0000B744EAC0C744FAC0D7450AC0E7451ACA7
:1089E0000F74F6E71074F6CB117452AC127453ACDA
:1089F000137454AC147455AC157456AC167457AC4F
:108A0000177458AC187459AC19745AAC1A74A2E89B
:108A10001B74A1E81C745BAC1D745CAC1E745DAC73
:108A20001F745EAC20745FAC217460AC2274C1D73B
:108A3000237461AC247462AC2574FAE72674F9E7F8
:108A4000277463AC2874FBE7297464AC2A74F7E7D5
:108A50002B7465AC2C74FEE72D7466AC2E74FDE7A8
:108A60002F7467AC3074FCE7317468AC327469AC55
:108A70003374D5C13474D9C73574FDC53674C3C5D4
:108A800037746AAC38746BAC39746CAC3A746DACD6
:108A90003B746EAC3C74EDC73D746FAC3E7470AC0F
:108AA0003F7471AC407472AC4174A3E8427473AC0F
:108AB000437474AC447475AC457476AC467477AC4E
:108AC000477478AC487479AC49747AAC4A747BAC1E
:108AD0004B747CAC4C747DAC4D747EAC4E7480ACED
:108AE0004F7481AC507482AC517483AC527484ACBA
:108AF000537485AC547486AC5574A6E8567487AC30
:108B00005774A5E8587488AC5974A7E85A74F7BA32
:108B10005B74F8E75C74A4E85D7489AC5E74F0C8BB
:108B20005F74AAC960748AAC61748BAC62748CACDB
:108B300063748DAC64748EAC65748FAC667490ACE9
:108B4000677491AC687492AC697493AC6A7494ACB9
:108B50006B7495AC6C7496AC6D74A9E86E7497AC3C
:108B60006F7498AC7074E5B9717499AC72749AAC06
:108B700073749BAC74749CAC75749DAC7674FED1AC
:108B80007774A8E878749EAC79749FAC7A74A0ACC2
:108B90007B7440AD7C7441AD7D7442AD7E74AAE8B7
:108BA0007F7443AD8074ADE88174AEE8827444ADE7
:108BB0008374A7C1847445AD857446AD867447AD92
:108BC0008774AFE8887448AD897449AD8A744AAD3A
:108BD0008B74B0E88C744BAD8D744CAD8E74ACE876
:108BE0008F744DAD9074B4E891744EAD92744FADE6
:108BF000937450AD947451AD957452AD967453AD59
:108C0000977454AD987455AD997456AD9A7457AD28
:108C10009B7458AD9C74ABE89D7459AD9E74B1E8DB
:108C20009F745AADA0745BADA1745CADA2745DADD0
:108C3000A3745EADA4745FADA57460ADA67461ADA0
:108C4000A774B5E8A874B2E8A974B3E8AA7462ADD1
:108C5000AB7463ADAC7464ADAD7465ADAE7466AD4C
:108C6000AF7467ADB07468ADB17469ADB2746AAD1C
:108C7000B3746BADB4746CADB5746DADB6746EADEC
:108C8000B7746FADB87470ADB97471ADBA74B7E83C
:108C9000BB7472ADBC7473ADBD7474ADBE7475AD90
:108CA000BF7476ADC07477ADC17478ADC27479AD60
:108CB000C3747AADC4747BADC5747CADC6747DAD30
:108CC000C7747EADC87480ADC97481ADCA7482ADFD
:108CD000CB7483ADCC7484ADCD7485ADCE7486ADCC
:108CE000CF7487ADD07488ADD17489ADD274B6E835
:108CF000D3748AADD4748BADD5748CADD6748DAD70
:108D0000D7748EADD8748FADD97490ADDA7491AD3F
:108D1000DB7492ADDC74CFB9DD7493ADDE74ACF06E
:108D2000DF7494ADE074ADF0E17495ADE274B0C65B
:108D3000E374EAB0E474BFC8E57496ADE674DFCDC1
:108D4000E77497ADE87498ADE97499ADEA749AAD9B
:108D5000EB749BADEC749CADED749DADEE74CDCE1B
:108D6000EF74B1EAF0749EADF1749FADF274A0ADF2
:108D7000F37440AEF474B2EAF57441AEF674BFC653
:108D8000F774C9B4F87442AEF97443AEFA7444AEE1
:108D9000FB7445AEFC7446AEFD7447AEFE7448AE3F
:108DA000FF74B3EA007549AE01754AAE02754BAE69
:108DB00003754CAE0475E7D505754DAE06754EAE20
:108DC00007754FAE087550AE097551AE0A7552AEB3
:108DD0000B7553AE0C7554AE0D75F9DD0E7555AEB1
:108DE0000F75B4EA107556AE1175B5EA127557AE27
:108DF0001375B6EA147558AE157559AE16755AAE98
:108E000017755BAE1875CAB81975B0DF1A75F5C954
:108E10001B755CAE1C75F0CC1D755DAE1E755EAE2F
:108E20001F75FAC920755FAE217560AE227561AEFF
:108E3000237562AE247563AE2575FBC9267564AED5
:108E4000277565AE2875C3D32975A6CB2A7566AE7E
:108E50002B75A6B82C75AEF02D75C2B12E7567AE08
:108E60002F75B8E53075EFCC3175C9D33275D7BCE5
:108E70003375EAC9347568AE3575E7B5367569AED0
:108E80003775D0C43875E9B539756AAE3A75AEEE46
:108E90003B75ADBB3C756BAE3D756CAE3E75DEE7AC
:108EA0003F756DAE4075AFEE41756EAE42756FAEFB
:108EB000437570AE447571AE4575A9B3467572AE13
:108EC000477573AE4875B2EE497574AE4A7575AEA6
:108ED0004B75B1EE4C75E7BD4D7576AE4E75B0EE87
:108EE0004F75B7CE507577AE517578AE527579AE75
:108EF00053757AAE5475CFC555757BAE56757CAE3D
:108F000057757DAE58757EAE5975F4C15A75CEDB76
:108F10005B75B3EE5C75F3D05D7580AE5E7581AE4A
:108F20005F7582AE607583AE617584AE627585AE25
:108F3000637586AE647587AE6575D4C26675E8C61E
:108F4000677588AE687589AE69758AAE6A75ACB7A3
:108F50006B758BAE6C758CAE6D758DAE6E758EAEA1
:108F60006F758FAE707590AE717591AE7275B4EE0F
:108F7000737592AE7475EBB3757593AE767594AEEA
:108F8000777595AE7875FBBB7975B5EE7A7596AE4B
:108F90007B7597AE7C7598AE7D7599AE7E759AAEF1
:108FA0007F75DCE780759BAE81759CAE82759DAE4A
:108FB0008375B6EE84759EAE85759FAE8675AEBD23
:108FC0008775A0AE887540AF897541AF8A7542AF8D
:108FD0008B75E2F18C7543AF8D7544AF8E7545AFDF
:108FE0008F75E8CA907546AF9175C9D29275DAF05F
:108FF000937547AF9475DBF0957548AF9675DCF0C7
:109000009775C6C1987549AF9975EDB89A75CEBE7A
:109010009B754AAF9C754BAF9D75DEF09E754CAF4E
:109020009F75B1C5A075DDF0A175F1D1A2754DAFE9
:10903000A375E0F0A475CCB0A575EABDA6754EAFDA
:10904000A7754FAFA87550AFA97551AFAA7552AFAC
:10905000AB75DFD2AC75DFF0AD7553AFAE75AFB4A5
:10906000AF75E8B7B075E6F0B175E5F0B275A3C6B7
:10907000B375E1F0B475E2F0B575C3B4B67554AF2D
:10908000B77555AFB875E3F0B975EED5BA7556AF8B
:10909000BB7557AFBC75DBCCBD75D2BEBE75B2BC5F
:1090A000BF7558AFC07559AFC1755AAFC275E8F0FA
:1090B000C375E7F0C475E4F0C575A1B2C6755BAFC2
:1090C000C775A2D6C875B8D3C975B7BECA75ACC8BE
:1090D000CB755CAFCC755DAFCD75EAF0CE755EAF8C
:1090E000CF755FAFD07560AFD17561AFD275F7D175
:1090F000D37562AFD475CCD6D575DBBAD675E9F029
:10910000D77563AFD875BBB6D97564AFDA7565AF7F
:10911000DB75B4CDDC7566AFDD7567AFDE75A6C6F1
:10912000DF7568AFE07569AFE1756AAFE275A1C13F
:10913000E375EBF0E475EEF0E5756BAFE675EDF019
:10914000E775F0F0E875ECF0E9756CAFEA75BEBB59
:10915000EB75EFF0EC756DAFED756EAFEE756FAF53
:10916000EF7570AFF075B5CCF175F2F0F27571AFC7
:10917000F37572AFF475D5B3F57573AFF67574AF5B
:10918000F77575AFF87576AFF975D4B1FA7577AF35
:10919000FB7578AFFC75F3F0FD7579AFFE757AAFAE
:1091A000FF75F4F00076F6F00176E1B402767BAF5D
:1091B0000376F1F004767CAF0576F7F006767DAFA6
:1091C00007767EAF087680AF097681AF0A76FAF02F
:1091D0000B7682AF0C76F8F00D7683AF0E7684AF07
:1091E0000F7685AF1076F5F0117686AF127687AFE1
:1091F000137688AF147689AF1576FDF016768AAFB0
:109200001776F9F01876FCF01976FEF01A768BAF27
:109210001B76A1F11C768CAF1D768DAF1E768EAFBE
:109220001F76C1CE2076A4F121768FAF2276A3F1EE
:10923000237690AF2476F6C12576FBF02676DDCA3C
:10924000277691AF287692AF2976F1B42A76F1B1DC
:109250002B76B1CC2C7693AF2D76A6F12E7694AFEB
:109260002F7695AF3076A7F1317696AF327697AFFD
:109270003376ACF13476CED53576A9F1367698AF23
:10928000377699AF3876B3C839769AAF3A769BAFCE
:109290003B769CAF3C76A2F13D769DAF3E76ABF13E
:1092A0003F76A8F14076A5F141769EAF42769FAF1A
:1092B0004376AAF14476A0AF457640B0467641B0F9
:1092C000477642B0487643B0497644B04A7645B0D6
:1092D0004B7646B04C76A9B04D76ADF14E7647B0A0
:1092E0004F7648B0507649B051764AB052764BB07E
:1092F00053764CB05476AFF155764DB05676B1F109
:1093000057764EB058764FB0597650B05A7651B025
:109310005B7652B05C76B0F15D7653B05E76AEF1BE
:109320005F7654B0607655B0617656B0627657B0CD
:109330006376A2D1647658B0657659B066765AB035
:1093400067765BB068765CB069765DB06A765EB071
:109350006B76B2F16C765FB06D7660B06E7661B0B0
:109360006F76B3F1707662B0717663B0727664B086
:10937000737665B0747666B0757667B0767668B0E9
:10938000777669B07876EFB979766AB07A766BB02D
:109390007B76C7B57C766CB07D76D7B07E76D9B05B
:1093A0007F766DB080766EB081766FB08276EDD4C8
:1093B000837670B08476C4B5857671B08676D4BD78
:1093C0008776CABB8876A7F0897672B08A7673B042
:1093D0008B76DEB88C7674B08D7675B08E76A8F00C
:1093E0008F7676B0907677B09176A8B0927678B096
:1093F0009376A9F0947679B095767AB09676EECD9C
:1094000097767BB098767CB09976AAF09A767DB004
:109410009B767EB09C7680B09D7681B09E7682B041
:109420009F7683B0A07684B0A17685B0A27686B010
:10943000A37687B0A476ABF0A57688B0A67689B07F
:10944000A7768AB0A8768BB0A9768CB0AA768DB0B4
:10945000AB768EB0AC768FB0AD7690B0AE76A4C65B
:10946000AF7691B0B07692B0B176E5D6B276E4F14F
:10947000B37693B0B476E5F1B57694B0B67695B0A0
:10948000B77696B0B87697B0B97698B0BA7699B004
:10949000BB769AB0BC769BB0BD769CB0BE769DB0D4
:1094A000BF76F3C3C0769EB0C1769FB0C276DBD3E1
:1094B000C376A0B0C47640B1C576D1D6C676E8C52D
:1094C000C77641B1C876AFD3C97642B1CA76E6D283
:1094D000CB7643B1CC7644B1CD76C1EECE76BBB07F
:1094E000CF76B5D5D076CED1D176E0BCD276D0BA13
:1094F000D37645B1D476F8BFD57646B1D676C7B81F
:10950000D776C1B5D876CCC5D97647B1DA7648B129
:10951000DB76A2CADC7649B1DD764AB1DE764BB1A4
:10952000DF76CBC3E0764CB1E1764DB1E2764EB159
:10953000E3764FB1E47650B1E576C2EEE67651B10E
:10954000E77652B1E87653B1E97654B1EA7655B18F
:10955000EB7656B1EC7657B1ED7658B1EE76BFC4E6
:10956000EF76A2B6F07659B1F176ECEDF276A4C3BF
:10957000F3765AB1F476B1D6F5765BB1F6765CB196
:10958000F7765DB1F876E0CFF976EFEDFA765EB179
:10959000FB765FB1FC76CEC5FD7660B1FE76DCB6BB
:1095A000FF7661B1007762B10177A1CA027763B13A
:1095B000037764B10477EDED057765B1067766B1A1
:1095C0000777F0ED0877F1ED0977BCC30A7767B14B
:1095D0000B77B4BF0C7768B10D77EEED0E7769B1FC
:1095E0000F776AB110776BB111776CB112776DB1EB
:1095F00013776EB114776FB1157770B1167771B1BB
:10960000177772B1187773B11977F4ED1A77F2ED15
:109610001B7774B11C7775B11D7776B11E7777B162
:109620001F77E6D52077DFC3217778B12277F3ED76
:10963000237779B124777AB125777BB12677F6ED58
:1096400027777CB12877A3D52977A3D12A777DB155
:109650002B777EB12C7780B12D77F5ED2E7781B108
:109660002F77D0C3307782B1317783B1327784B12D
:10967000337785B1347786B13577F7ED3677F4BF38
:109680003777ECBE3877F8ED397787B13A77F7CC92
:109690003B7788B13C77DBD13D7789B13E778AB1A2
:1096A0003F778BB14077C5D74177F6D542778CB1FC
:1096B0004377FCED44778DB145778EB146778FB116
:1096C0004777FBED487790B1497791B14A7792B1EE
:1096D0004B7793B14C7794B14D7795B14E7796B166
:1096E0004F7797B15077F9ED5177FAED527798B1FE
:1096F000537799B154779AB155779BB156779CB10E
:1097000057779DB158779EB159779FB15A77FDED44
:109710005B77A6BE5C77A0B15D7740B25E7741B261
:109720005F7742B2607743B26177AFCB6277A1EEE9
:109730006377BDB6647744B26577A2EE6677C0C43E
:10974000677745B26877FEED697746B26A7747B2C8
:109750006B77DEBD6C77C7B26D7748B26E7749B272
:109760006F774AB270774BB271774CB272774DB265
:1097700073774EB274774FB2757750B2767751B235
:10978000777752B2787753B27977C3B67A7754B293
:109790007B7755B27C7756B27D77A5EE7E77BAD8C7
:1097A0007F77A3EE8077A6EE817757B2827758B2A3
:1097B000837759B28477E9C38577F2B386775AB253
:1097C00087775BB288775CB289775DB28A775EB261
:1097D0008B775FB28C77A7EE8D77A4EE8E77B9CFBB
:1097E0008F7760B2907761B29177A8EE9277F7C2E7
:1097F000937762B2947763B2957764B2967765B2E5
:10980000977766B2987767B2997768B29A7769B2B4
:109810009B776AB29C776BB29D776CB29E776DB284
:109820009F77A9EEA077AAEEA1776EB2A277ABDE02
:10983000A3776FB2A47770B2A577B3C6A67771B2DB
:10984000A777C6C7A87772B2A977F5D6AA77C9B5A0
:10985000AB7773B2AC77B2CBAD7774B2AE7775B28B
:10986000AF7776B2B077ABEEB17777B2B27778B246
:10987000B377ABCDB47779B2B577ACEEB6777AB2D1
:10988000B7777BB2B8777CB2B9777DB2BA777EB260
:10989000BB77B0D5BC7780B2BD77ADEEBE7781B275
:1098A000BF77C4F6C07782B2C17783B2C27784B281
:1098B000C37785B2C47786B2C57787B2C67788B2D8
:1098C000C77789B2C8778AB2C9778BB2CA778CB2A8
:1098D000CB778DB2CC778EB2CD77C7DBCE778FB218
:1098E000CF7790B2D07791B2D17792B2D27793B24C
:1098F000D37794B2D47795B2D57796B2D67797B21C
:10990000D777A3B4D87798B2D97799B2DA779AB2E1
:10991000DB77ACC3DC77E6F1DD779BB2DE779CB218
:10992000DF779DB2E0779EB2E1779FB2E277B8CA67
:10993000E377D3D2E477A0B2E577AAD6E67740B34F
:10994000E777F2EFE87741B3E977D8BEEA7742B339
:10995000EB77C3BDEC77F3EFED77CCB6EE77ABB03A
:10996000EF7743B3F07744B3F17745B3F27746B37B
:10997000F377AFCAF47747B3F57748B3F677B6ED28
:10998000F77749B3F877B7EDF9774AB3FA774BB37E
:10999000FB774CB3FC774DB3FD77F9CEFE77AFB7CD
:1099A000FF77F3BF0078B8ED0178EBC20278B0C959
:1099B00003784EB304784FB3057850B3067851B3AB
:1099C000077852B3087853B30978B9ED0A7854B3DD
:1099D0000B7855B30C78F6C60D78B3BF0E7856B336
:1099E0000F7857B3107858B31178BCED1278F8C5DA
:1099F000137859B31478D0D115785AB31678A9D7FB
:109A00001778BAED1878BBED19785BB31A78E2D104
:109A10001B785CB31C78BFED1D78C0ED1E785DB37C
:109A20001F78C4ED20785EB321785FB3227860B3ED
:109A30002378C8ED247861B32578C6ED2678CEED7D
:109A40002778E8D5287862B32978C9ED2A7863B3F6
:109A50002B7864B32C78C7ED2D78BEED2E7865B3E6
:109A60002F7866B33078E9C5317867B3327868B358
:109A7000337869B33478C6C635786AB336786BB351
:109A80003778E9C93878D2D43978C1ED3A78C2ED5F
:109A90003B78C3ED3C78C5ED3D786CB33E78F9C0BA
:109AA0003F786DB34078A1B441786EB342786FB31C
:109AB000437870B3447871B34578E8B9467872B3A7
:109AC0004778D0ED487873B3497874B34A7875B362
:109AD0004B7876B34C78D1ED4D7877B34E78CAEDAC
:109AE0004F7878B35078CFED517879B35278F8CE7B
:109AF00053787AB354787BB35578B6CB5678CCED9F
:109B00005778CDED58787CB359787DB35A787EB3C9
:109B10005B7880B35C7881B35D78F5CF5E7882B393
:109B20005F7883B3607884B3617885B3627886B3F5
:109B3000637887B3647888B3657889B366788AB3C5
:109B400067788BB368788CB369788DB36A78D2ED17
:109B50006B78F2C16C78B2D36D78CBED6E78B7C804
:109B60006F788EB370788FB3717890B3727891B349
:109B7000737892B3747893B3757894B3767895B319
:109B80007778EFBC787896B3797897B37A7898B38A
:109B90007B7899B37C78F0C57D789AB37E789BB357
:109BA0007F789CB380789DB381789EB382789FB391
:109BB0008378A0B3847840B4857841B4867842B481
:109BC0008778D6ED887843B48978EFB58A7844B43D
:109BD0008B7845B48C78B5C28D78ADB08E78E9CBF2
:109BE0008F7846B4907847B49178AEB1927848B403
:109BF0009378D4ED947849B495784AB496784BB478
:109C00009778EBCD9878E2B599784CB49A78D5ED01
:109C10009B78D3ED9C78D7ED9D784DB49E784EB46B
:109C20009F78FAB5A0784FB4A178D8EDA27850B457
:109C3000A378D9EDA47851B4A578DCEDA67852B418
:109C4000A778CCB1A87853B4A97854B4AA7855B4FD
:109C5000AB7856B4AC7857B4AD7858B4AE7859B444
:109C6000AF785AB4B078F6C5B178EEBCB278DAED18
:109C7000B378BCCCB478EAB2B5785BB4B6785CB4EF
:109C8000B7785DB4B8785EB4B978DBEDBA785FB414
:109C9000BB7860B4BC7861B4BD7862B4BE78EBC404
:109CA000BF7863B4C07864B4C178C5B4C27865B411
:109CB000C37866B4C47867B4C578F5B0C67868B4BC
:109CC000C77869B4C8786AB4C978DFEDCA78DAC0F1
:109CD000CB78E8B4CC786BB4CD786CB4CE786DB476
:109CE000CF786EB4D078CDC5D1786FB4D27870B457
:109CF000D37871B4D478DDEDD578C4BFD67872B49A
:109D0000D77873B4D87874B4D978DEEDDA7875B4CE
:109D1000DB7876B4DC7877B4DD7878B4DE7879B443
:109D2000DF787AB4E0787BB4E1787CB4E2787DB413
:109D3000E3787EB4E47880B4E57881B4E67882B4E0
:109D4000E77883B4E878A5C4E97884B4EA7885B480
:109D5000EB7886B4EC78E0EDED7887B4EE7888B4F3
:109D6000EF7889B4F0788AB4F1788BB4F278E1EDC9
:109D7000F3788CB4F478E3EDF5788DB4F6788EB49E
:109D8000F778D7C1F8788FB4F97890B4FA78C7BB70
:109D9000FB7891B4FC7892B4FD7893B4FE7894B4D7
:109DA000FF7895B4007996B40179B8BD027997B47B
:109DB000037998B4047999B40579E2ED06799AB4F7
:109DC00007799BB408799CB409799DB40A799EB44B
:109DD0000B799FB40C79A0B40D7940B50E7941B5DB
:109DE0000F7942B5107943B5117944B5127945B56B
:109DF0001379E4ED147946B5157947B5167948B568
:109E0000177949B518794AB519794BB51A794CB50E
:109E10001B794DB51C794EB51D794FB51E79E6ED10
:109E20001F7950B5207951B5217952B5227953B5B2
:109E3000237954B52479E5ED257955B5267956B5BC
:109E4000277957B5287958B5297959B52A795AB556
:109E50002B795BB52C795CB52D795DB52E795EB526
:109E60002F795FB5307960B5317961B5327962B5F6
:109E7000337963B53479E7ED357964B5367965B50D
:109E8000377966B5387967B5397968B53A79BECA30
:109E90003B79EAEC3C79F1C03D7969B53E79E7C997
:109EA0003F796AB54079EBEC4179EEC642796BB502
:109EB00043796CB544796DB545796EB54679ECEC6E
:109EC00047796FB54879EDC64979EDEC4A7970B5B7
:109ED0004B7971B54C7972B54D7973B54E7974B5CE
:109EE0004F7975B5507976B5517977B5527978B59E
:109EF0005379F0EC547979B555797AB55679E6D736
:109F00005779F3EC58797BB559797CB55A79F1ECEE
:109F10005B79EEEC5C79EFEC5D79A3D75E79F1C902
:109F20005F79EECB6079F4EC61797DB56279F2EC22
:109F300063797EB5647980B56579E9CF667981B555
:109F40006779F6EC6879B1C6697982B56A7983B5C3
:109F50006B7984B56C7985B56D79C0BC6E7986B541
:109F60006F79F5EC707987B5717988B5727989B5B3
:109F700073798AB574798BB575798CB576798DB529
:109F80007779BBB57879F6BB79798EB57A79F7ECC4
:109F90007B798FB57C7990B57D7991B57E7992B5D5
:109FA0007F7993B58079F7D98179FBBD827994B5B2
:109FB000837995B58479BBC28579F8EC867996B5B5
:109FC000877997B5887998B5897999B58A79F9ECBF
:109FD0008B799AB58C799BB58D799CB58E799DB529
:109FE0008F79A3B890799EB591799FB59279A0B5F4
:109FF000937940B6947941B6957942B6967943B64D
:10A00000977944B6987945B6997946B69A79FAEC33
:10A010009B7947B69C7948B69D7949B69E794AB6F0
:10A020009F794BB6A0794CB6A1794DB6A2794EB6C0
:10A03000A3794FB6A47950B6A57951B6A67952B690
:10A04000A779FBECA87953B6A97954B6AA7955B685
:10A05000AB7956B6AC7957B6AD7958B6AE7959B634
:10A06000AF795AB6B0795BB6B1795CB6B2795DB604
:10A07000B379FCECB4795EB6B5795FB6B67960B603
:10A08000B77961B6B87962B6B979EDD3BA79AED895
:10A09000BB79EBC0BC7963B6BD79DDC7BE79CCBAFC
:10A0A000BF7964B6C079E3D0C179BDCBC27965B65A
:10A0B000C379BACDC47966B6C57967B6C679D1B861
:10A0C000C77968B6C87969B6C979FCB1CA796AB680
:10A0D000CB79EFC7CC796BB6CD79D6D6CE796CB6C5
:10A0E000CF796DB6D0796EB6D179C6BFD279EBC3D0
:10A0F000D3796FB6D47970B6D579F5EFD67971B6D4
:10A10000D77972B6D879D8C3D97973B6DA7974B6F3
:10A11000DB7975B6DC7976B6DD7977B6DE7978B637
:10A12000DF79E2D7E07979B6E1797AB6E2797BB680
:10A13000E379F7EFE479D3B3E5797CB6E679D8C76C
:10A14000E779EDD1E8797DB6E979C8D6EA797EB6C6
:10A15000EB79F8EFEC7980B6ED79F6EFEE7981B630
:10A16000EF79FDBBF079C6B3F17982B6F27983B6A7
:10A17000F37984B6F47985B6F57986B6F67987B63B
:10A18000F77988B6F879D5BDF97989B6FA798AB6BA
:10A19000FB79C6D2FC798BB6FD79E0BBFE798CB633
:10A1A000FF798DB6007AA1CF017A8EB6027AFCEFE4
:10A1B000037AFBEF047A8FB6057A90B6067AF9EF48
:10A1C000077A91B6087A92B6097A93B60A7A94B663
:10A1D0000B7ACCB30C7A95B60D7AD4C90E7AB0CB83
:10A1E0000F7A96B6107A97B6117A98B6127A99B60F
:10A1F000137A9AB6147AFEEF157A9BB6167A9CB645
:10A20000177ADEB0187A9DB6197A9EB61A7AC9D630
:10A210001B7A9FB61C7AA0B61D7A40B71E7AFDEF56
:10A220001F7A41B7207AEDB3217A42B7227A43B739
:10A23000237AD5F6247A44B7257A45B7267A46B7E5
:10A24000277A47B7287A48B7297A49B72A7A4AB786
:10A250002B7A4BB72C7A4CB72D7A4DB72E7A4EB756
:10A260002F7A4FB7307A50B7317A51B7327A52B726
:10A27000337AC8CE347A53B7357A54B7367A55B76D
:10A28000377AA2F0387A56B7397AA1F03A7A57B7C6
:10A290003B7ABEB53C7ADABC3D7AFCBB3E7A58B715
:10A2A0003F7AE5B8407A59B7417A5AB7427A5BB7F4
:10A2B000437A5CB7447A5DB7457A5EB7467AC2C4E2
:10A2C000477A5FB7487A60B7497A61B74A7A62B726
:10A2D0004B7A63B74C7A64B74D7A65B74E7A66B7F6
:10A2E0004F7A67B7507A68B7517AA3F0527A69B754
:10A2F000537A6AB7547A6BB7557A6CB7567A6DB79A
:10A30000577AEBCB587A6EB7597A6FB75A7A70B7DB
:10A310005B7A71B75C7A72B75D7A73B75E7A74B73D
:10A320005F7A75B7607A76B7617A77B7627A78B70D
:10A33000637A79B7647A7AB7657A7BB7667A7CB7DD
:10A34000677A7DB7687A7EB7697A80B76A7A81B7AB
:10A350006B7A82B76C7A83B76D7A84B76E7A85B779
:10A360006F7A86B7707AA6F0717A87B7727A88B7F3
:10A37000737A89B7747AA8D1757A8AB7767ABFBEAC
:10A38000777AEEC7787AB6F1797AB7F17A7AD5BF6B
:10A390007B7A8BB77C7A8CB77D7A8DB77E7A8EB7D5
:10A3A0007F7AA9B4807AB8F1817ABBCD827A8FB7EF
:10A3B000837AD4C7847AADD5857A90B7867AB9F195
:10A3C000877A91B7887ABAF1897A92B78A7A93B7FD
:10A3D0008B7A94B78C7A95B78D7ACFC78E7A96B7E9
:10A3E0008F7A97B7907A98B7917AA4D2927ACFD68B
:10A3F000937A99B7947A9AB7957ABBF1967AD1BD48
:10A40000977AB0B4987ABDBE997A9BB79A7A9CB77E
:10A410009B7A9DB79C7ADCB49D7AD1CE9E7A9EB70A
:10A420009F7ADFBFA07ABDF1A17A9FB7A27AA0B7C9
:10A43000A37A40B8A47A41B8A57AFABFA67ABCF14B
:10A44000A77A42B8A87ABFF1A97A43B8AA7A44B8E1
:10A45000AB7A45B8AC7ABEF1AD7AC0F1AE7A46B807
:10A46000AF7A47B8B07A48B8B17A49B8B27A4AB840
:10A47000B37AC1F1B47A4BB8B57A4CB8B67A4DB864
:10A48000B77A4EB8B87A4FB8B97A50B8BA7A51B8E4
:10A49000BB7A52B8BC7A53B8BD7A54B8BE7A55B8B4
:10A4A000BF7AFEC1C07A56B8C17A57B8C27A58B8D6
:10A4B000C37A59B8C47A5AB8C57A5BB8C67A5CB858
:10A4C000C77A5DB8C87A5EB8C97A5FB8CA7A60B828
:10A4D000CB7AA2C1CC7A61B8CD7A62B8CE7A63B8B1
:10A4E000CF7A64B8D07A65B8D17A66B8D27A67B8CC
:10A4F000D37A68B8D47A69B8D57A6AB8D67AFACAFB
:10A50000D77A6BB8D87A6CB8D97ABED5DA7A6DB802
:10A51000DB7A6EB8DC7A6FB8DD7A70B8DE7ABABEF4
:10A52000DF7AB9BEE07AC2D5E17A71B8E27A72B860
:10A53000E37AA2BFE47A73B8E57AAFCDE67AB5F1F3
:10A54000E77A74B8E87A75B8E97A76B8EA7A77B8CB
:10A55000EB7A78B8EC7A79B8ED7ADFBDEE7A7AB832
:10A56000EF7ACBB6F07A7BB8F17A7CB8F27A7DB824
:10A57000F37A7EB8F47A80B8F57A81B8F67A82B840
:10A58000F77A83B8F87A84B8F97AF1D6FA7AC3F30D
:10A59000FB7A85B8FC7A86B8FD7AC4F3FE7A87B870
:10A5A000FF7ACDB8007B88B8017B89B8027B8AB876
:10A5B000037BC6F3047BC7F3057B8BB8067BCAB06D
:10A5C000077B8CB8087BC5F3097B8DB80A7BC9F380
:10A5D0000B7BF1CB0C7B8EB80D7B8FB80E7B90B8CC
:10A5E0000F7BCBF3107B91B8117BA6D0127B92B876
:10A5F000137B93B8147BCAB1157BC8F3167B94B850
:10A60000177B95B8187B96B8197BCFF31A7B97B850
:10A610001B7BD1B51C7B98B81D7B99B81E7BD7F3EB
:10A620001F7B9AB8207BD2F3217B9BB8227B9CB8FE
:10A63000237B9DB8247BD4F3257BD3F3267BFBB708
:10A64000277B9EB8287BBFB1297B9FB82A7BCEF39E
:10A650002B7BCAF32C7BDAB52D7BA0B82E7BD0F3F5
:10A660002F7B40B9307B41B9317BD1F3327B42B98A
:10A67000337BD5F3347B43B9357B44B9367B45B95D
:10A68000377B46B9387BCDF3397B47B93A7BE3BC9E
:10A690003B7B48B93C7BFDC13D7B49B93E7BD6F352
:10A6A0003F7B4AB9407B4BB9417B4CB9427B4DB9AA
:10A6B000437B4EB9447B4FB9457BDAF3467B50B9B7
:10A6C000477BCCF3487B51B9497BC8B54A7B52B92B
:10A6D0004B7BEEBD4C7BDCF34D7B53B94E7B54B9C9
:10A6E0004F7BA4B7507BF0BF517BFED6527BB2CDDF
:10A6F000537B55B9547BF0B4557B56B9567BDFB2CA
:10A70000577B57B9587BD8F3597B58B95A7BD9F343
:10A710005B7BB8C95C7B59B95D7BDDF35E7B5AB965
:10A720005F7B5BB9607BDEF3617B5CB9627BE1F3ED
:10A73000637B5DB9647B5EB9657B5FB9667B60B93D
:10A74000677B61B9687B62B9697B63B96A7B64B90D
:10A750006B7B65B96C7B66B96D7B67B96E7BDFF32C
:10A760006F7B68B9707B69B9717BE3F3727BE2F34D
:10A77000737B6AB9747B6BB9757BDBF3767B6CB9E1
:10A78000777BEABF787B6DB9797BEFB37A7B6EB963
:10A790007B7BE0F37C7B6FB97D7B70B97E7BA9C747
:10A7A0007F7B71B9807BF2BC817B72B9827B73B98C
:10A7B000837B74B9847B75B9857BEBF3867B76B933
:10A7C000877B77B9887B78B9897B79B98A7B7AB9B5
:10A7D0008B7B7BB98C7B7CB98D7BBFB98E7B7DB944
:10A7E0008F7B7EB9907BE4F3917B80B9927B81B9BA
:10A7F000937B82B9947BADB2957BFEBB967B83B98C
:10A80000977BE3CB987B84B9997B85B99A7B86B992
:10A810009B7B87B99C7BEDF39D7BE9F39E7B88B99D
:10A820009F7B89B9A07B8AB9A17BDCB9A27BEEF3BF
:10A83000A37B8BB9A47B8CB9A57B8DB9A67BE5F3F3
:10A84000A77BE6F3A87BEAF3A97BE1C2AA7BECF342
:10A85000AB7BEFF3AC7BE8F3AD7BFDBCAE7B8EB99D
:10A86000AF7B8FB9B07B90B9B17BE4CFB27B91B9AC
:10A87000B37B92B9B47BF0F3B57B93B9B67B94B953
:10A88000B77B95B9B87BE7F3B97B96B9BA7B97B933
:10A89000BB7B98B9BC7B99B9BD7B9AB9BE7B9BB990
:10A8A000BF7B9CB9C07B9DB9C17BF2F3C27B9EB9D3
:10A8B000C37B9FB9C47BA0B9C57B40BAC67BADD76B
:10A8C000C77BAAC6C87B41BAC97B42BACA7B43BA16
:10A8D000CB7B44BACC7BF3F3CD7B45BACE7B46BA77
:10A8E000CF7B47BAD07B48BAD17BF1F3D27B49BA50
:10A8F000D37BA8C2D47B4ABAD57B4BBAD67B4CBAA1
:10A90000D77B4DBAD87B4EBAD97BDDB8DA7BF5F36D
:10A91000DB7B4FBADC7B50BADD7BF4F3DE7B51BAD4
:10A92000DF7B52BAE07B53BAE17BDBB4E27B54BA03
:10A93000E37B55BAE47B56BAE57BF6F3E67BF7F3A7
:10A94000E77B57BAE87B58BAE97B59BAEA7BF8F358
:10A95000EB7B5ABAEC7B5BBAED7B5CBAEE7BBAC0A0
:10A96000EF7B5DBAF07B5EBAF17BE9C0F27B5FBA48
:10A97000F37B60BAF47B61BAF57B62BAF67B63BAAB
:10A98000F77BF1C5F87B64BAF97B65BAFA7B66BAE6
:10A99000FB7B67BAFC7BFBF3FD7B68BAFE7BFAF3BB
:10A9A000FF7B69BA007C6ABA017C6BBA027C6CBA24
:10A9B000037C6DBA047C6EBA057C6FBA067C70BAF3
:10A9C000077CD8B4087C71BA097C72BA0A7C73BA65
:10A9D0000B7CFEF30C7CF9F30D7C74BA0E7C75BA1B
:10A9E0000F7CFCF3107C76BA117C77BA127C78BAB3
:10A9F000137C79BA147C7ABA157C7BBA167CFDF389
:10AA0000177C7CBA187C7DBA197C7EBA1A7C80BA15
:10AA10001B7C81BA1C7C82BA1D7C83BA1E7C84BAE2
:10AA20001F7CA1F4207C85BA217C86BA227C87BA5F
:10AA3000237C88BA247C89BA257C8ABA267CA3F434
:10AA4000277CC9BB287C8BBA297C8CBA2A7CA2F4CF
:10AA50002B7C8DBA2C7C8EBA2D7C8FBA2E7C90BA32
:10AA60002F7C91BA307C92BA317C93BA327C94BA02
:10AA7000337C95BA347C96BA357C97BA367C98BAD2
:10AA8000377C99BA387CA4F4397C9ABA3A7C9BBA60
:10AA90003B7C9CBA3C7C9DBA3D7C9EBA3E7C9FBA76
:10AAA0003F7CBEB2407CA6F4417CA5F4427CA0BAB7
:10AAB000437C40BB447C41BB457C42BB467C43BBA2
:10AAC000477C44BB487C45BB497C46BB4A7C47BB72
:10AAD0004B7C48BB4C7C49BB4D7CAEBC4E7C4ABBDE
:10AAE0004F7C4BBB507C4CBB517C4DBB527C4EBB16
:10AAF000537C4FBB547C50BB557C51BB567C52BBE6
:10AB0000577C53BB587C54BB597C55BB5A7C56BBB5
:10AB10005B7C57BB5C7C58BB5D7C59BB5E7C5ABB85
:10AB20005F7C5BBB607C5CBB617C5DBB627C5EBB55
:10AB3000637C5FBB647C60BB657C61BB667C62BB25
:10AB4000677C63BB687C64BB697C65BB6A7C66BBF5
:10AB50006B7C67BB6C7C68BB6D7C69BB6E7C6ABBC5
:10AB60006F7C6BBB707C6CBB717C6DBB727C6EBB95
:10AB7000737CD7C3747CE1D9757C6FBB767C70BB6A
:10AB8000777C71BB787C72BB797C73BB7A7C74BB3D
:10AB90007B7CE0C07C7CCCF47D7CD1D77E7C75BB9B
:10ABA0007F7C76BB807C77BB817C78BB827C79BBE9
:10ABB000837C7ABB847C7BBB857C7CBB867C7DBBB9
:10ABC000877C7EBB887C80BB897CDBB78A7C81BB31
:10ABD0008B7C82BB8C7C83BB8D7C84BB8E7C85BB59
:10ABE0008F7C86BB907C87BB917CCEF4927CA3C18A
:10ABF000937C88BB947C89BB957CC9C6967C8ABBB8
:10AC0000977CD6B4987CB3D5997C8BBB9A7C8CBB53
:10AC10009B7C8DBB9C7CD0F49D7CCFF49E7CD1F43E
:10AC20009F7CDACBA07C8EBBA17C8FBBA27CD2F4B4
:10AC3000A37C90BBA47CC1D4A57CE0D6A67C91BBB0
:10AC4000A77C92BBA87C93BBA97C94BBAA7CE0B7F1
:10AC5000AB7C95BBAC7C96BBAD7C97BBAE7CB8C1E6
:10AC6000AF7C98BBB07C99BBB17CBBC1B27CD3F448
:10AC7000B37CACBEB47C9ABBB57C9BBBB67C9CBBA6
:10AC8000B77C9DBBB87C9EBBB97CE2B4BA7C9FBB51
:10AC9000BB7CA0BBBC7CD4F4BD7CD5F4BE7CABBE7D
:10ACA000BF7C40BCC07C41BCC17CD6F4C27C42BCF1
:10ACB000C37C43BCC47C44BCC57CDBF4C67C45BCC3
:10ACC000C77CD7F4C87CDAF4C97C46BCCA7CFDBA20
:10ACD000CB7C47BCCC7CD8F4CD7CD9F4CE7C48BCB2
:10ACE000CF7C49BCD07C4ABCD17C4BBCD27C4CBC18
:10ACF000D37C4DBCD47C4EBCD57CE2B8D67CC7CCD2
:10AD0000D77CDCF4D87C4FBCD97CDAB2DA7C50BC7E
:10AD1000DB7C51BCDC7CD3C3DD7C52BCDE7C53BC11
:10AD2000DF7CE3D4E07CB7BFE17C54BCE27C55BC63
:10AD3000E37C56BCE47C57BCE57C58BCE67C59BC43
:10AD4000E77C5ABCE87CDDF4E97C5BBCEA7C5CBC5B
:10AD5000EB7C5DBCEC7C5EBCED7C5FBCEE7C60BCE7
:10AD6000EF7CB4C5F07C61BCF17C62BCF27C63BC5E
:10AD7000F37C64BCF47C65BCF57C66BCF67C67BC8B
:10AD8000F77C68BCF87CE9F4F97C69BCFA7C6ABCA5
:10AD9000FB7CB5CFFC7C6BBCFD7C6CBCFE7C6DBCD5
:10ADA000FF7C6EBC007D6FBC017D70BC027D71BC00
:10ADB000037D72BC047D73BC057D74BC067D75BCCF
:10ADC000077D76BC087D77BC097D78BC0A7DC9CE3D
:10ADD0000B7D79BC0C7D7ABC0D7D7BBC0E7D7CBC73
:10ADE0000F7D7DBC107D7EBC117D80BC127D81BC41
:10ADF000137D82BC147D83BC157D84BC167D85BC0F
:10AE0000177D86BC187D87BC197D88BC1A7D89BCDE
:10AE10001B7D8ABC1C7D8BBC1D7D8CBC1E7D8DBCAE
:10AE20001F7D8EBC207DD8CB217D8FBC227DF7CBB2
:10AE3000237D90BC247D91BC257D92BC267D93BC56
:10AE4000277DF4BD287D94BC297D95BC2A7D96BCC8
:10AE50002B7DCFD72C7D97BC2D7D98BC2E7D99BCAA
:10AE60002F7DDBC0307D9ABC317D9BBC327D9CBC8C
:10AE7000337D9DBC347D9EBC357D9FBC367DA0BCA2
:10AE8000377D40BD387D41BD397D42BD3A7D43BDF2
:10AE90003B7D44BD3C7D45BD3D7D46BD3E7D47BDC2
:10AEA0003F7D48BD407D49BD417D4ABD427D4BBD92
:10AEB000437D4CBD447D4DBD457D4EBD467D4FBD62
:10AEC000477D50BD487D51BD497D52BD4A7D53BD32
:10AED0004B7D54BD4C7D55BD4D7D56BD4E7D57BD02
:10AEE0004F7D58BD507D59BD517D5ABD527D5BBDD2
:10AEF000537D5CBD547D5DBD557D5EBD567D5FBDA2
:10AF0000577D60BD587D61BD597D62BD5A7D63BD71
:10AF10005B7D64BD5C7D65BD5D7D66BD5E7D67BD41
:10AF20005F7D68BD607D69BD617D6ABD627D6BBD11
:10AF3000637D6CBD647D6DBD657D6EBD667D6FBDE1
:10AF4000677D70BD687D71BD697D72BD6A7D73BDB1
:10AF50006B7D74BD6C7D75BD6D7D76BD6E7DF5D0F0
:10AF60006F7D77BD707D78BD717D79BD727D7ABD55
:10AF7000737D7BBD747D7CBD757D7DBD767D7EBD25
:10AF8000777DEAF4787D80BD797D81BD7A7D82BD53
:10AF90007B7D83BD7C7D84BD7D7D85BD7E7D86BDC5
:10AFA0007F7D87BD807D88BD817D89BD827D8ABD95
:10AFB000837D8BBD847D8CBD857D8DBD867D8EBD65
:10AFC000877D8FBD887D90BD897D91BD8A7D92BD35
:10AFD0008B7D93BD8C7D94BD8D7D95BD8E7D96BD05
:10AFE0008F7D97BD907D98BD917D99BD927D9ABDD5
:10AFF000937D9BBD947D9CBD957D9DBD967D9EBDA5
:10B00000977D9FBD987DA0BD997D40BE9A7D41BE34
:10B010009B7D42BE9C7D43BE9D7D44BE9E7D45BEC4
:10B020009F7D46BEA07D47BEA17D48BEA27D49BE94
:10B03000A37D4ABEA47D4BBEA57D4CBEA67DEBF490
:10B04000A77D4DBEA87D4EBEA97D4FBEAA7D50BE38
:10B05000AB7D51BEAC7D52BEAD7D53BEAE7DECF43A
:10B06000AF7D54BEB07D55BEB17D56BEB27D57BEDC
:10B07000B37D58BEB47D59BEB57D5ABEB67D5BBEAC
:10B08000B77D5CBEB87D5DBEB97D5EBEBA7D5FBE7C
:10B09000BB7D60BEBC7D61BEBD7D62BEBE7D63BE4C
:10B0A000BF7D64BEC07D65BEC17D66BEC27D67BE1C
:10B0B000C37D68BEC47D69BEC57D6ABEC67D6BBEEC
:10B0C000C77D6CBEC87D6DBEC97D6EBECA7D6FBEBC
:10B0D000CB7D70BECC7D71BECD7D72BECE7D73BE8C
:10B0E000CF7D74BED07D75BED17D76BED27D77BE5C
:10B0F000D37D78BED47D79BED57D7ABED67D7BBE2C
:10B10000D77D7CBED87D7DBED97D7EBEDA7D80BEFA
:10B11000DB7D81BEDC7D82BEDD7D83BEDE7D84BEC7
:10B12000DF7D85BEE07D86BEE17D87BEE27D88BE97
:10B13000E37D89BEE47D8ABEE57D8BBEE67D8CBE67
:10B14000E77D8DBEE87D8EBEE97D8FBEEA7D90BE37
:10B15000EB7D91BEEC7D92BEED7D93BEEE7D94BE07
:10B16000EF7D95BEF07D96BEF17D97BEF27D98BED7
:10B17000F37D99BEF47D9ABEF57D9BBEF67D9CBEA7
:10B18000F77D9DBEF87D9EBEF97D9FBEFA7DA0BE77
:10B19000FB7D40BFFC7D41BFFD7D42BFFE7D43BFC7
:10B1A000FF7D44BF007E45BF017E46BF027E47BF94
:10B1B000037E48BF047E49BF057E4ABF067E4BBF63
:10B1C000077E4CBF087E4DBF097E4EBF0A7E4FBF33
:10B1D0000B7E50BF0C7E51BF0D7E52BF0E7E53BF03
:10B1E0000F7E54BF107E55BF117E56BF127E57BFD3
:10B1F000137E58BF147E59BF157E5ABF167E5BBFA3
:10B20000177E5CBF187E5DBF197E5EBF1A7E5FBF72
:10B210001B7E60BF1C7E61BF1D7E62BF1E7E63BF42
:10B220001F7E64BF207E65BF217E66BF227E67BF12
:10B23000237E68BF247E69BF257E6ABF267E6BBFE2
:10B24000277E6CBF287E6DBF297E6EBF2A7E6FBFB2
:10B250002B7E70BF2C7E71BF2D7E72BF2E7E73BF82
:10B260002F7E74BF307E75BF317E76BF327E77BF52
:10B27000337E78BF347E79BF357E7ABF367E7BBF22
:10B28000377E7CBF387E7DBF397E7EBF3A7E80BFF1
:10B290003B7EE3F73C7E81BF3D7E82BF3E7E83BF27
:10B2A0003F7E84BF407E85BF417EB1B7427E86BF70
:10B2B000437E87BF447E88BF457E89BF467E8ABF66
:10B2C000477EEDF4487E8BBF497E8CBF4A7E8DBFA2
:10B2D0004B7E8EBF4C7E8FBF4D7E90BF4E7E91BF0A
:10B2E0004F7E92BF507E93BF517E94BF527E95BFDA
:10B2F000537E96BF547E97BF557E98BF567E99BFAA
:10B30000577E9ABF587E9BBF597E9CBF5A7E9DBF79
:10B310005B7E9EBF5C7E9FBF5D7EA0BF5E7E40C0A9
:10B320005F7E41C0607E42C0617E43C0627E44C099
:10B33000637E45C0647E46C0657E47C0667E48C069
:10B34000677E49C0687E4AC0697E4BC06A7E4CC039
:10B350006B7E4DC06C7E4EC06D7E4FC06E7E50C009
:10B360006F7E51C0707E52C0717E53C0727E54C0D9
:10B37000737E55C0747E56C0757E57C0767E58C0A9
:10B38000777E59C0787E5AC0797E5BC07A7E5CC079
:10B390007B7E5DC07C7E5EC07D7E5FC07E7E60C049
:10B3A0007F7E61C0807E62C0817E63C0827EEBD77B
:10B3B000837E64C0847E65C0857E66C0867E67C0ED
:10B3C000877E68C0887E69C0897E6AC08A7E6BC0BD
:10B3D0008B7E6CC08C7E6DC08D7E6EC08E7E6FC08D
:10B3E0008F7E70C0907E71C0917E72C0927E73C05D
:10B3F000937E74C0947E75C0957E76C0967E77C02D
:10B40000977E78C0987E79C0997E7AC09A7E7BC0FC
:10B410009B7EEEF49C7E7CC09D7E7DC09E7E7EC029
:10B420009F7EF9E6A07EC0BEA17EFAE6A27EECBABF
:10B43000A37EFBE6A47ECBCFA57EFCE6A67EBCD495
:10B44000A77EB6BCA87EFDE6A97EFEE6AA7ECDBCA0
:10B45000AB7ED2C8AC7EB3CEAD7EA1E7AE7E80C05F
:10B46000AF7EBFB4B07EA2E7B17EB4C9B27ED9B818
:10B47000B37EC9C4B47E81C0B57EDDD7B67EDAC2E4
:10B48000B77ED7B7B87EBDD6B97EC6CEBA7EC4B7B2
:10B49000BB7E82C0BC7E83C0BD7EA6C5BE7EA3E748
:10B4A000BF7EDFCFC07EA4E7C17EA5E7C27EA6E750
:10B4B000C37EB7C1C47EE9D7C57EF0C9C67EB8CF0A
:10B4C000C77EAFD6C87ED5D6C97EA7E7CA7EEDB007
:10B4D000CB7EA8E7CC7EA9E7CD7EDCC9CE7EEFD2BD
:10B4E000CF7EADBED07EAAE7D17EF3B0D27EDEC8DD
:10B4F000D37EE1BDD47EABE7D57EC6C8D67E84C000
:10B50000D77EACE7D87EE6BBD97EF8B8DA7EA4D188
:10B51000DB7EADE7DC7EE7C2DD7EF8BEDE7ECABD47
:10B52000DF7EB3CDE07EAEE7E17EAFE7E27EEEBE4A
:10B53000E37EE5D0E47E85C0E57EE7CBE67ED0CC39
:10B54000E77ECCBCE87EB0E7E97EA8BCEA7EF7D017
:10B55000EB7EB1E7EC7E86C0ED7EF8D0EE7EB2E702
:10B56000EF7EB3E7F07EC2B4F17EB4E7F27EB5E7DA
:10B57000F37EFEC9F47EACCEF57EE0C3F67EB7E77F
:10B58000F77EC1B1F87EF1B3F97E87C0FA7EB8E7E5
:10B59000FB7EB9E7FC7EDBD7FD7EC0D5FE7EBAE739
:10B5A000FF7ECCC2007FBAD7017FBBE7027FBCE73A
:10B5B000037FBDE7047FEABC057FE5C3067FC2C009
:10B5C000077FBEE7087FBFE7097FA9BC0A7F88C065
:10B5D0000B7FC0E70C7FC1E70D7FB6E70E7FD0B6CB
:10B5E0000F7FC2E7107F89C0117FC3E7127FC4E7D6
:10B5F000137FBABB147FDEB5157FC6C2167FE0B1DC
:10B60000177FC5E7187FB5D4197FC6E71A7FBFB883
:10B610001B7FC8E71C7FC7E71D7FECB71E7F8AC072
:10B620001F7FC9E7207FF8B2217FCAE7227FCBE7DF
:10B63000237FCCE7247FCDE7257FCEE7267FCFE7AA
:10B64000277FD0E7287FA7D3297FF5CB2A7FD1E7B3
:10B650002B7FD2E72C7FD3E72D7FD4E72E7FC9C97C
:10B660002F7FD5E7307FD6E7317FD7E7327FD8E726
:10B67000337FD9E7347FC9BD357FDAE7367FBEF344
:10B68000377F8BC0387FD7B8397F8CC03A7FB1C83D
:10B690003B7F8DC03C7F8EC03D7F8FC03E7F90C082
:10B6A0003F7F91C0407F92C0417F93C0427FBFF3F4
:10B6B000437F94C0447FC0F3457FC1F3467F95C06C
:10B6C000477F96C0487F97C0497F98C04A7F99C0FE
:10B6D0004B7F9AC04C7F9BC04D7F9CC04E7F9DC0CE
:10B6E0004F7F9EC0507FDEB9517FF8CD527F9FC003
:10B6F000537FA0C0547FE8D8557FB1BA567F40C170
:10B70000577FDEC2587FB7EE597F41C15A7FA3B73A
:10B710005B7F42C15C7F43C15D7F44C15E7F45C1A9
:10B720005F7FB9EE607F46C1617FB8EE627FD5B0C2
:10B73000637F47C1647F48C1657F49C1667F4AC155
:10B74000677F4BC1687FBBEE697FD6D56A7FEFD735
:10B750006B7F4CC16C7F4DC16D7F4EC16E7FC3D678
:10B760006F7F4FC1707F50C1717FBDEE727FF0CA95
:10B77000737F51C1747FBCEE757F52C1767F53C118
:10B78000777F54C1787F55C1797FBEEE7A7F56C1ED
:10B790007B7F57C17C7F58C17D7F59C17E7FC0EEC2
:10B7A0007F7F5AC1807F5BC1817FBFEE827F5CC19A
:10B7B000837F5DC1847F5EC1857F5FC1867F60C1FD
:10B7C000877F61C1887F62C1897F63C18A7FF2D12F
:10B7D0008B7F64C18C7FBCC78D7F65C18E7FC0C3EA
:10B7E0008F7F66C1907F67C1917F68C1927F69C179
:10B7F000937F6AC1947FE1B8957F6BC1967F6CC1DE
:10B80000977F6DC1987F6EC1997F6FC19A7FE7C1A5
:10B810009B7F70C19C7F71C19D7FC6F49E7FDFD0EE
:10B820009F7FC7F4A07F72C1A17FDBCFA27F73C1CE
:10B83000A37F74C1A47FBAC8A57F75C1A67F76C156
:10B84000A77FC8F4A87F77C1A97F78C1AA7F79C1F3
:10B85000AB7F7AC1AC7F7BC1AD7F7CC1AE7F7DC148
:10B86000AF7FC9F4B07FCAF4B17F7EC1B27FCBF4A1
:10B87000B37F80C1B47F81C1B57F82C1B67F83C1F0
:10B88000B77F84C1B87FFAD9B97FFEB8BA7F85C1C6
:10B89000BB7F86C1BC7FF1E5BD7FF0D3BE7F87C192
:10B8A000BF7FE0F4C07F88C1C17FCCCEC27F89C199
:10B8B000C37F8AC1C47F8BC1C57FE1B3C67F8CC102
:10B8C000C77F8DC1C87F8EC1C97F8FC1CA7FB4F1C8
:10B8D000CB7F90C1CC7FEED2CD7F91C1CE7FE1F402
:10B8E000CF7F92C1D07F93C1D17F94C1D27F95C1C8
:10B8F000D37F96C1D47FE8CFD57FE2F4D67F97C1BE
:10B90000D77F98C1D87FCCC7D97F99C1DA7F9AC138
:10B91000DB7F9BC1DC7F9CC1DD7F9DC1DE7F9EC143
:10B92000DF7FD4B5E07FE4B4E17FE4F4E27F9FC140
:10B93000E37FA0C1E47F40C2E57FE3F4E67FE5F466
:10B94000E77F41C2E87F42C2E97FE6F4EA7F43C273
:10B95000EB7F44C2EC7F45C2ED7F46C2EE7FE7F449
:10B96000EF7F47C2F07FB2BAF17FBFB0F27F48C22B
:10B97000F37FE8F4F47F49C2F57F4AC2F67F4BC2F9
:10B98000F77F4CC2F87F4DC2F97F4EC2FA7F4FC29B
:10B99000FB7FADB7FC7FEDD2FD7F50C2FE7F51C271
:10B9A000FF7F52C20080ABD20180CFC0028053C261
:10B9B0000380BCBF0480A3EB0580DFD50680C8EA06
:10B9C000078054C2088055C2098056C20A8057C2F7
:10B9D0000B80F3F10C80F8B60D80A3CB0E8058C21B
:10B9E0000F8059C21080CDC411805AC21280E7F175
:10B9F00013805BC21480E8F11580FBB81680E9F172
:10BA00001780C4BA1880C5D41980D2B01A805CC21D
:10BA10001B805DC21C80EAF11D805EC21E805FC279
:10BA20001F8060C22080EBF1218061C22280ECF196
:10BA3000238062C2248063C22580EDF12680EEF16E
:10BA40002780EFF12880F1F12980F0F12A80D5C517
:10BA50002B8064C22C8065C22D8066C22E8067C296
:10BA60002F8068C2308069C23180F2F132806AC2B0
:10BA70003380FAB634806BC23580F4F13680AED2B2
:10BA80003780C7DE3880CACB39806CC23A806DC23D
:10BA90003B80DCB33C806EC23D80A2B53E806FC26D
:10BAA0003F80A2B9408070C2418071C24280F4C41C
:10BAB0004380F5F1448072C2458073C24680F6F13E
:10BAC000478074C2488075C2498076C24A80C4C12A
:10BAD0004B80FBC14C80B0D64D80F7F14E8077C2D1
:10BAE0004F8078C2508079C251807AC25280F8F17A
:10BAF00053807BC25480AAC155807CC256807DC2CF
:10BB000057807EC25880B8C6598080C25A80DBBE3A
:10BB10005B8081C25C8082C25D8083C25E8084C2A1
:10BB20005F8085C2608086C2618087C2628088C271
:10BB3000638089C264808AC265808BC266808CC241
:10BB400067808DC268808EC26980F9F16A80CFB447
:10BB50006B808FC26C8090C26D8091C26E8092C2E9
:10BB60006F8093C2708094C27180FAF1728095C226
:10BB7000738096C2748097C2758098C2768099C28D
:10BB800077809AC278809BC279809CC27A809DC25D
:10BB90007B809EC27C809FC27D80A0C27E8040C38D
:10BBA0007F80B2ED8080B1ED818041C3828042C34D
:10BBB0008380E0CB8480DED2858043C38680C1CB86
:10BBC0008780D8D5888044C38980E2C88A8045C3ED
:10BBD0008B80DFC08C80A1BC8D8046C38E8047C324
:10BBE0008F8048C3908049C391804AC392804BC3E1
:10BBF0009380C1EB94804CC395804DC39680A4D0B4
:10BC000097804EC39880E2D699804FC39A80C7B67A
:10BC10009B80D8B89C80C0EB9D80CEB89E8050C3DE
:10BC20009F80BFEBA080A6B3A180C9B9A280ABD68C
:10BC3000A38051C3A480F4B7A580CAB7A68052C31D
:10BC4000A78053C3A88054C3A980E7BCAA80BEB70D
:10BC5000AB80C6EBAC8055C3AD80C7EBAE80B9B04E
:10BC6000AF80CFBFB08056C3B180C5EBB280FDD3EB
:10BC7000B38057C3B480C8EBB58058C3B68059C3EE
:10BC8000B780C9EBB8805AC3B9805BC3BA80CEB75E
:10BC9000BB805CC3BC80C2EBBD80C4EBBE80F6C978
:10BCA000BF80D7D6C080CDD5C180B2D0C280CFEB07
:10BCB000C380B8CEC480D0EBC5805DC3C680A8B5B4
:10BCC000C7805EC3C8805FC3C98060C3CA8061C3C8
:10BCD000CB8062C3CC80B3B1CD80D2EBCE80A5CC7B
:10BCE000CF8063C3D08064C3D18065C3D28066C374
:10BCF000D38067C3D48068C3D58069C3D680D6C5D6
:10BD0000D780D3EBD8806AC3D980D1EBDA80DFC586
:10BD1000DB80CEEBDC80A4CADD80D5EBDE80FBB01F
:10BD2000DF806BC3E0806CC3E180FABAE2806DC350
:10BD3000E3806EC3E480B7D8E580E3F1E6806FC3AB
:10BD4000E780CAEBE880CBEBE980CCEBEA80CDEB77
:10BD5000EB80D6EBEC80C0E6ED80D9EBEE8070C3D3
:10BD6000EF80E8BFF080C8D2F180D7EBF280DCEB47
:10BD7000F380ECB8F480D8EBF58071C3F680BABDDF
:10BD8000F78072C3F880D8D0F98073C3FA80B7B057
:10BD9000FB8074C3FC80DDEBFD80DCC4FE8075C3DA
:10BDA000FF8076C3008177C3018178C30281ACD65E
:10BDB000038179C304817AC305817BC30681E0B422
:10BDC00007817CC308817DC30981F6C20A81B9BCA1
:10BDD0000B817EC30C8180C30D81DAEB0E81DBEB1E
:10BDE0000F81E0D41081EAC61181D4C41281DFEB47
:10BDF0001381A7C51481F5D9158181C31681B1B20C
:10BE0000178182C31881E4EB198183C31A81C5BDF0
:10BE10001B8184C31C8185C31D8186C31E81E2EB07
:10BE20001F8187C3208188C3218189C322818AC35E
:10BE300023818BC324818CC325818DC326818EC32E
:10BE400027818FC3288190C3298191C32A8192C3FE
:10BE50002B8193C32C81E3EB2D8194C32E8195C359
:10BE60002F81ACB8308196C33181D1CD3281E5EBE1
:10BE7000338197C3348198C3358199C33681E1EB0F
:10BE800037819AC33881B3C139819BC33A819CC33E
:10BE90003B819DC33C819EC33D819FC33E81A2C621
:10BEA0003F81A0C3408140C4418141C4428142C41A
:10BEB000438143C4448144C4458145C44681F3CC95
:10BEC000478146C44881E6EB498147C44A81B0C0F6
:10BED0004B81B8D24C81E7EB4D8148C44E8149C4B7
:10BEE0004F814AC45081AFB85181ADB852814BC423
:10BEF0005381E8EB5481BBC75581F3CD56814CC4C7
:10BF000057814DC458814EC45981EAEB5A81EBEBFD
:10BF10005B814FC45C8150C45D8151C45E8152C459
:10BF20005F8153C46081EDEB618154C4628155C46B
:10BF3000638156C4648157C46581C8D0668158C482
:10BF40006781F2EB688159C46981EEEB6A815AC45A
:10BF50006B815BC46C815CC46D81F1EB6E81F9C84F
:10BF60006F815DC47081FCD17181ECEB72815EC424
:10BF700073815FC47481E9EB758160C4768161C4AB
:10BF8000778162C4788163C47981B9B87A81D9CF65
:10BF90007B81E5C47C81EFEB7D81F0EB7E81DACCA7
:10BFA0007F81C8CD8081F2B0818164C48281F6EB4B
:10BFB000838165C4848166C4858167C4868168C4C1
:10BFC000878169C48881F5EB89816AC48A81B2B2AC
:10BFD0008B816BC48C816CC48D816DC48E816EC469
:10BFE0008F81E0B890816FC49181F7EB928170C42A
:10BFF000938171C4948172C4958173C4968174C411
:10C00000978175C49881ECB1998176C49A8177C47F
:10C010009B81C5CC9C81A4C49D81A5CF9E8178C401
:10C020009F8179C4A0817AC4A1817BC4A2817CC490
:10C03000A381F9EBA4817DC4A5817EC4A681A2EC75
:10C04000A78180C4A881F2C5A98181C4AA81FAEB25
:10C05000AB8182C4AC8183C4AD8184C4AE8185C40C
:10C06000AF8186C4B08187C4B18188C4B28189C4DC
:10C07000B381C5C9B4818AC4B5818BC4B6818CC46F
:10C08000B7818DC4B8818EC4B9818FC4BA81DFE213
:10C09000BB81FEEBBC8190C4BD8191C4BE8192C4C2
:10C0A000BF8193C4C081CECDC181A1ECC281DBB17F
:10C0B000C381B7D3C48194C4C58195C4C681DCD281
:10C0C000C78196C4C88197C4C98198C4CA81FDEB51
:10C0D000CB8199C4CC81FBEBCD819AC4CE819BC42A
:10C0E000CF819CC4D0819DC4D1819EC4D2819FC484
:10C0F000D381A0C4D48140C5D58141C5D68142C574
:10C10000D78143C5D88144C5D98145C5DA8146C5A3
:10C11000DB8147C5DC8148C5DD8149C5DE814AC573
:10C12000DF814BC5E0814CC5E1814DC5E2814EC543
:10C13000E381BCB3E4814FC5E58150C5E68151C5BB
:10C14000E781B0EAE88152C5E98153C5EA81D4D7D5
:10C15000EB8154C5EC81ABF4ED81F4B3EE8155C5B0
:10C16000EF8156C5F08157C5F18158C5F28159C597
:10C17000F381C1D6F481C2D6F5815AC5F6815BC57B
:10C18000F7815CC5F8815DC5F9815EC5FA815FC53F
:10C19000FB81E9D5FC81CABEFD8160C5FE81A7F4A3
:10C1A000FF8161C50082A8D20182A8F40282A9F4AD
:10C1B000038262C50482AAF40582CBBE0682DFD365
:10C1C000078263C5088264C5098265C50A8266C59F
:10C1D0000B8267C50C82E0C90D82E1C90E8268C579
:10C1E0000F8269C51082C2F311826AC51282E6CA43
:10C1F00013826BC51482F2CC15826CC516826DC594
:10C2000017826EC518826FC5198270C51A8271C5F2
:10C210001B82B6E21C82B4CB1D8272C51E82E8CEA0
:10C220001F82DBD6208273C52182ADF42282AEF458
:10C230002382AFF4248274C5258275C5268276C513
:10C24000278277C52882B2F4298278C52A82BDBAAE
:10C250002B82B3F42C82E3B02D82B0F42E8279C508
:10C260002F82B1F43082A2BD3182D5B232827AC53A
:10C270003382B6F43482B7F43582E6B63682B0B291
:10C280003782CFCF3882B4F43982ACB43A827BC5DE
:10C290003B82B5F43C827CC53D827DC53E82B8F4CC
:10C2A0003F827EC5408280C5418281C5428282C56F
:10C2B000438283C54482B9F4458284C5468285C5DC
:10C2C0004782A7CD488286C54982BAF44A8287C58B
:10C2D0004B82BBF44C8288C54D8289C54E828AC58B
:10C2E0004F82BCF450828BC551828CC552828DC561
:10C2F00053828EC554828FC5558290C5568291C592
:10C30000578292C55882D2CB598293C55A82BDF4C6
:10C310005B8294C55C8295C55D8296C55E8297C539
:10C320005F82BEF4608298C5618299C562829AC5B7
:10C3300063829BC564829CC565829DC566829EC5DD
:10C3400067829FC56882BFF46982A0C56A8240C6C1
:10C350006B8241C66C8242C66D8243C66E82DEF439
:10C360006F82BCC17082E8BC718244C67282ABC964
:10C370007382DED17482F5E5758245C6768246C643
:10C38000778247C6788248C67982B3DC7A82D5D272
:10C390007B8249C67C824AC67D82B4DC7E82ACB098
:10C3A0007F82B5DC80824BC681824CC68282DABD38
:10C3B00083824DC68482B9DC85824EC686824FC692
:10C3C000878250C68882C2D8898251C68A82B7DCE9
:10C3D0008B82F3D38C8252C68D82D6C98E82BADC10
:10C3E0008F82B6DC908253C69182BBDC9282A2C35C
:10C3F000938254C6948255C6958256C6968257C675
:10C400009782BCDC9882C5DC9982BDDC9A8258C6D2
:10C410009B8259C69C82DFCE9D82A5D69E825AC63B
:10C420009F82CFDCA0825BC6A182CDDCA2825CC6EB
:10C43000A3825DC6A482D2DCA582E6BDA682ABC281
:10C44000A7825EC6A882B8DCA982CBDCAA82CEDC39
:10C45000AB82BEDCAC82D2B7AD82C5B0AE82C7DCE7
:10C46000AF82BED0B082C1DCB182A8BBB2825FC64F
:10C47000B382BCB7B482CCDCB58260C6B68261C67A
:10C48000B782C6DCB882BFDCB982DBC7BA8262C6BB
:10C49000BB8263C6BC8264C6BD82BFD1BE82C0DC23
:10C4A000BF8265C6C08266C6C182CADCC28267C658
:10C4B000C38268C6C482D0DCC58269C6C6826AC629
:10C4C000C782ADCEC882C2DCC9826BC6CA82C3DC59
:10C4D000CB82C8DCCC82C9DCCD82D4B2CE82D1DCA6
:10C4E000CF82D5CBD0826CC6D182B7D4D282DBDCEE
:10C4F000D382DFDCD482A6CCD582E6DCD6826DC6C0
:10C50000D782E7C3D882DCDCD9826EC6DA826FC6F6
:10C51000DB82C1BFDC82D9DCDD8270C6DE82FAB08C
:10C52000DF82B6B9E082E5DCE182D3DCE28271C66B
:10C53000E382C4DCE482D6DCE582F4C8E682E0BFB4
:10C54000E78272C6E88273C6E98274C6EA8275C65B
:10C55000EB82BBC9EC8276C6ED8277C6EE8278C6E6
:10C56000EF82BDB1F08279C6F182A2D3F2827AC69F
:10C57000F3827BC6F482DADCF5827CC6F6827DC665
:10C58000F782D5DCF8827EC6F982BBC6FA8280C605
:10C59000FB82DEDCFC8281C6FD8282C6FE8283C60F
:10C5A000FF8284C6008385C60183C2D70283AFC3DE
:10C5B0000383B6B70483D1C70583A9C30683E2DC2E
:10C5C0000783D8DC0883EBDC0983D4DC0A8386C6C6
:10C5D0000B8387C60C83DDDC0D8388C60E83A5BE66
:10C5E0000F83D7DC108389C61183E0DC12838AC6EF
:10C5F00013838BC61483E3DC1583E4DC16838CC6BB
:10C600001783F8DC18838DC619838EC61A83E1DC84
:10C610001B83A2DD1C83E7DC1D838FC61E8390C6AF
:10C620001F8391C6208392C6218393C6228394C61A
:10C63000238395C6248396C6258397C6268398C6EA
:10C640002783EBBC2883C4B4298399C62A839AC65E
:10C650002B83A3C32C83E7B22D83FADC2E839BC6E6
:10C660002F83F2DC30839CC63183EFDC32839DC69E
:10C670003383FCDC3483EEDC3583F0D23683E8B2DE
:10C6800037839EC63883D7C83983E3C83A83FBDC37
:10C690003B839FC63C83EDDC3D83A0C63E8340C701
:10C6A0003F8341C74083F7DC418342C7428343C78E
:10C6B0004383F5DC448344C7458345C74683A3BE13
:10C6C0004783F4DC488346C74983DDB24A8347C7C2
:10C6D0004B8348C74C8349C74D834AC74E834BC7DA
:10C6E0004F83F3DC5083F6BC5183E8DC5283C4BB38
:10C6F00053834CC75483F3C055834DC756834EC7ED
:10C7000057834FC7588350C7598351C75A83D4BCE6
:10C710005B83E9DC5C83EADC5D8352C75E83F1DC2A
:10C720005F83F6DC6083F9DC6183B4B5628353C751
:10C730006383D9C86483E7BB6583FEDC6683FDDC65
:10C740006783ABD36883A1DD6983A3DD6A83A5DD3D
:10C750006B83F1D26C83A4DD6D83A6DD6E83A7DDD0
:10C760006F83A9D2708354C7718355C7728356C72C
:10C77000738357C7748358C7758359C776835AC75D
:10C780007783C9BA7883A9DD79835BC77A835CC76D
:10C790007B83B6DD7C83B1DD7D83B4DD7E835DC7C5
:10C7A0007F835EC780835FC7818360C7828361C7E1
:10C7B000838362C7848363C78583B0DD8683CEC6E7
:10C7C000878364C7888365C78983F2C08A8366C705
:10C7D0008B8367C78C8368C78D8369C78E83AFC916
:10C7E0008F836AC790836BC791836CC79283ECDC9D
:10C7F0009383AEDD94836DC795836EC796836FC7B1
:10C80000978370C79883B7DD998371C79A8372C77E
:10C810009B83F0DC9C83AFDD9D8373C79E83B8DD73
:10C820009F8374C7A083ACDDA18375C7A28376C73D
:10C83000A38377C7A48378C7A58379C7A6837AC75C
:10C84000A7837BC7A883B9DDA983B3DDAA83ADDD48
:10C85000AB83AAC4AC837CC7AD837DC7AE837EC7E0
:10C86000AF8380C7B083A8DDB183B3C0B283ABC14F
:10C87000B383AADDB483ABDDB58381C7B683B2DDF4
:10C88000B783F1BBB883B5DDB983A8D3BA83BADD6A
:10C89000BB8382C7BC83BBDDBD83A7C3BE8383C705
:10C8A000BF8384C7C083D2DDC183BCDDC28385C79B
:10C8B000C38386C7C48387C7C583D1DDC68388C7C2
:10C8C000C783BDB9C88389C7C9838AC7CA83D5BE90
:10C8D000CB838BC7CC83FABECD838CC7CE838DC769
:10C8E000CF83CABAD0838EC7D1838FC7D28390C774
:10C8F000D38391C7D483CADDD58392C7D683C5DDE0
:10C90000D78393C7D883BFDDD98394C7DA8395C70C
:10C91000DB8396C7DC83CBB2DD83C3DDDE8397C7C1
:10C92000DF83CBDDE083A4B2E183D5DDE28398C76A
:10C93000E38399C7E4839AC7E583BEDDE6839BC79B
:10C94000E7839CC7E8839DC7E983D0C6EA83D0DD2F
:10C95000EB839EC7EC839FC7ED83A0C7EE8340C8DF
:10C96000EF8341C8F083D4DDF183E2C1F283C6B71F
:10C97000F38342C8F48343C8F58344C8F68345C8AB
:10C98000F78346C8F883CEDDF983CFDDFA8347C845
:10C99000FB8348C8FC8349C8FD83C4DDFE834AC8C5
:10C9A000FF834BC800844CC80184BDDD02844DC8A0
:10C9B0000384CDDD0484D1CC05844EC80684C9DD52
:10C9C00007844FC8088450C8098451C80A8452C8D3
:10C9D0000B84C2DD0C84C8C30D84BCC60E84AECEED
:10C9E0000F84CCDD108453C81184C8DD128454C870
:10C9F000138455C8148456C8158457C8168458C85B
:10CA0000178459C81884C1DD19845AC81A845BC8B0
:10CA10001B845CC81C84C6DD1D84DCC21E845DC80A
:10CA20001F845EC820845FC8218460C8228461C8D6
:10CA3000238462C82484A9D32584AAD32684D3DD81
:10CA40002784F4CF2884F8C8298463C82A8464C85A
:10CA50002B8465C82C8466C82D8467C82E8468C85A
:10CA60002F8469C830846AC83184E6DD32846BC89B
:10CA700033846CC834846DC835846EC836846FC8FE
:10CA8000378470C83884C7DD398471C83A8472C865
:10CA90003B8473C83C84E0DD3D84E4C23E8474C8BA
:10CAA0003F8475C8408476C8418477C8428478C87A
:10CAB000438479C844847AC845847BC84684E1DDD0
:10CAC00047847CC848847DC849847EC84A8480C81D
:10CAD0004B8481C84C8482C84D8483C84E8484C8EA
:10CAE0004F8485C8508486C85184D7DD528487C856
:10CAF000538488C8548489C855848AC856848BC88E
:10CB00005784F8D658848CC85984D9DD5A84D8DD26
:10CB10005B84F0B85C84D6DD5D848DC85E848EC88D
:10CB20005F848FC8608490C86184CFC6628491C8D6
:10CB30006384ADB6648492C8658493C8668494C8DF
:10CB4000678495C8688496C86984E2DD6A8497C85A
:10CB50006B84F9BA6C84E1D46D84E7DD6E8498C887
:10CB60006F8499C870849AC87184D0B472849BC849
:10CB70007384DADD74849CC87584FBBF7684E3DD3E
:10CB800077849DC87884DFDD79849EC87A84DDDD72
:10CB90007B849FC87C84A0C87D8440C97E8441C9B1
:10CBA0007F8442C9808443C9818444C98284D9B5C1
:10CBB000838445C9848446C9858447C9868448C915
:10CBC0008784DBDD8884DCDD8984DEDD8A8449C9F5
:10CBD0008B84AFBD8C84E4DD8D844AC98E84E5DD11
:10CBE0008F844BC990844CC991844DC992844EC99D
:10CBF00093844FC9948450C9958451C9968452C96D
:10CC00009784F5DD988453C99984C9C39A8454C91B
:10CC10009B8455C99C84E2CB9D8456C99E8457C988
:10CC20009F8458C9A08459C9A184F2DDA2845AC93D
:10CC3000A3845BC9A4845CC9A5845DC9A6845EC9BC
:10CC4000A7845FC9A88460C9A98461C9AA8462C98C
:10CC5000AB8463C9AC8464C9AD8465C9AE8466C95C
:10CC6000AF84E1D8B08467C9B18468C9B284D1C641
:10CC7000B38469C9B484F4DDB5846AC9B6846BC968
:10CC8000B7846CC9B884F4D5B984F3DDBA84F0DD17
:10CC9000BB846DC9BC846EC9BD84ECDDBE846FC924
:10CCA000BF84EFDDC08470C9C184E8DDC28471C96E
:10CCB000C38472C9C484EED0C58473C9C68474C9E0
:10CCC000C78475C9C88476C9C984D8C8CA84EEDD4A
:10CCD000CB8477C9CC8478C9CD84E9DDCE8479C989
:10CCE000CF847AC9D084EADDD184F2CBD2847BC9E7
:10CCF000D384EDDDD4847CC9D5847DC9D684CDB1FF
:10CD0000D7847EC9D88480C9D98481C9DA8482C98C
:10CD1000DB8483C9DC8484C9DD84B6C0DE8485C934
:10CD2000DF84BBBCE084F1DDE18486C9E28487C98D
:10CD3000E384F7DDE48488C9E584F6DDE684EBDD91
:10CD4000E78489C9E8848AC9E9848BC9EA848CC9E3
:10CD5000EB848DC9EC84EEC5ED848EC9EE848FC959
:10CD6000EF8490C9F084FBDDF18491C9F28492C90B
:10CD7000F38493C9F48494C9F58495C9F68496C95B
:10CD8000F78497C9F88498C9F98499C9FA849AC92B
:10CD9000FB849BC9FC84A4DEFD849CC9FE849DC9E0
:10CDA000FF84A3DE00859EC901859FC90285A0C9B5
:10CDB000038540CA048541CA058542CA068543CA1F
:10CDC000078544CA088545CA098546CA0A8547CAEF
:10CDD0000B8548CA0C85F8DD0D8549CA0E854ACAFF
:10CDE0000F854BCA10854CCA1185EFC312854DCAF9
:10CDF0001385FBC214854ECA15854FCA168550CAC5
:10CE00001785E1D5188551CA198552CA1A85B5CE3C
:10CE10001B8553CA1C8554CA1D8555CA1E8556CA12
:10CE20001F85FDDD208557CA2185CCB2228558CAD1
:10CE3000238559CA24855ACA25855BCA26855CCABA
:10CE400027855DCA28855ECA29855FCA2A8560CA8A
:10CE50002B85E8C42C85DFCA2D8561CA2E8562CA60
:10CE60002F8563CA308564CA318565CA328566CA32
:10CE7000338567CA348568CA358569CA36856ACA02
:10CE80003785BEC73885FADD3985FCDD3A85FEDD9C
:10CE90003B85A2DE3C85AAB03D85CEB13E856BCAFE
:10CEA0003F856CCA40856DCA41856ECA42856FCA8E
:10CEB0004385ACDE448570CA458571CA468572CA11
:10CEC000478573CA4885A6DE4985B6BD4A85EFC841
:10CED0004B8574CA4C8575CA4D8576CA4E8577CA0E
:10CEE0004F8578CA508579CA51857ACA52857BCADE
:10CEF00053857CCA54857DCA55857ECA5685A1DE78
:10CF0000578580CA588581CA5985A5DE5A8582CA47
:10CF10005B8583CA5C8584CA5D8585CA5E85A9DE1A
:10CF20005F8586CA608587CA618588CA628589CA25
:10CF300063858ACA6485A8DE65858BCA66858CCAC6
:10CF400067858DCA6885A7DE69858ECA6A858FCA9E
:10CF50006B8590CA6C8591CA6D8592CA6E8593CA9D
:10CF60006F8594CA708595CA718596CA7285ADDE43
:10CF7000738597CA7485CCD4758598CA768599CA05
:10CF800077859ACA78859BCA7985B3DE7A85AADEC9
:10CF90007B85AEDE7C859CCA7D859DCA7E85D9C099
:10CFA0007F859ECA80859FCA8185A0CA828540CB25
:10CFB000838541CB8485A1B18585B6DE868542CB4C
:10CFC0008785B1DE888543CB898544CB8A8545CB6F
:10CFD0008B8546CB8C8547CB8D8548CB8E8549CBC1
:10CFE0008F85B2DE90854ACB91854BCB92854CCB19
:10CFF00093854DCB94854ECB95854FCB968550CB65
:10D00000978551CB988552CB998553CB9A8554CB34
:10D010009B85A6D19C85B5DE9D8555CB9E8556CB3F
:10D020009F8557CBA08558CBA18559CBA2855ACBDC
:10D03000A3855BCBA485AFDEA5855CCBA6855DCB48
:10D04000A7855ECBA885B0DEA9855FCBAA85BDD0BC
:10D05000AB8560CBAC8561CBAD8562CBAE85B4DEF4
:10D06000AF85EDCAB085B9DEB18563CBB28564CB3F
:10D07000B38565CBB48566CBB58567CBB68568CB04
:10D08000B785B8DEB88569CBB985B7DEBA856ACB16
:10D09000BB856BCBBC856CCBBD856DCBBE856ECBAC
:10D0A000BF856FCBC08570CBC185BBDEC28571CB20
:10D0B000C38572CBC48573CBC58574CBC68575CB50
:10D0C000C78576CBC88577CBC985E5BDCA8578CBC2
:10D0D000CB8579CBCC857ACBCD857BCBCE857CCBF4
:10D0E000CF85D8B2D085EAC3D1857DCBD2857ECB22
:10D0F000D385BADED48580CBD585BAC5D68581CB1C
:10D10000D78582CBD88583CBD98584CBDA8585CB6F
:10D11000DB8586CBDC85BCDEDD8587CBDE8588CBF9
:10D12000DF8589CBE0858ACBE1858BCBE2858CCB13
:10D13000E3858DCBE485D9CCE5858ECBE6858FCB99
:10D14000E78590CBE88591CBE985AAB7EA8592CBB4
:10D15000EB8593CBEC8594CBED8595CBEE8596CB8B
:10D16000EF8597CBF08598CBF18599CBF2859ACB5B
:10D17000F3859BCBF4859CCBF5859DCBF6859ECB2B
:10D18000F7859FCBF885A0CBF98540CCFA8541CCBB
:10D19000FB85E5D4FC8542CCFD8543CCFE8544CCA3
:10D1A000FF85BDDE008645CC018646CC028647CC95
:10D1B000038648CC048649CC0586BFDE06864ACC69
:10D1C00007864BCC08864CCC09864DCC0A864ECCC3
:10D1D0000B864FCC0C8650CC0D8651CC0E8652CC93
:10D1E0000F8653CC108654CC1186A2C4128655CC1F
:10D1F000138656CC148657CC158658CC1686C1DEBD
:10D20000178659CC18865ACC19865BCC1A865CCC0A
:10D210001B865DCC1C865ECC1D865FCC1E8660CCDA
:10D220001F8661CC208662CC218663CC228664CCAA
:10D23000238665CC248666CC258667CC268668CC7A
:10D240002786BEDE288669CC2986C0DE2A866ACC7F
:10D250002B866BCC2C866CCC2D866DCC2E866ECC22
:10D260002F866FCC308670CC318671CC328672CCF2
:10D27000338673CC348674CC358675CC368676CCC2
:10D28000378677CC3886BAD5398678CC3A8679CC49
:10D290003B867ACC3C86C2DE3D867BCC3E867CCC0F
:10D2A0003F867DCC40867ECC418680CC428681CC38
:10D2B000438682CC448683CC458684CC468685CC06
:10D2C000478686CC488687CC498688CC4A8689CCD6
:10D2D0004B868ACC4C868BCC4D86AEF24E86A2BB5A
:10D2E0004F86B2C25086B0C55186C7C252868CCC1A
:10D2F00053868DCC5486AFF255868ECC56868FCC15
:10D30000578690CC588691CC598692CC5A86E9D0D3
:10D310005B8693CC5C8694CC5D8695CC5E86DDD3B3
:10D320005F8696CC608697CC618698CC6286BDEB92
:10D33000638699CC64869ACC65869BCC66869CCCA9
:10D3400067869DCC68869ECC69869FCC6A86A0CC79
:10D350006B86E6B36C86B0F26D8640CD6E86B1F218
:10D360006F8641CD708642CD7186ADCA728643CD3F
:10D37000738644CD748645CD758646CD768647CD79
:10D38000778648CD788649CD7986E7BA7A86B3F232
:10D390007B86B5F27C86B4F27D86E4CB7E86BACFFE
:10D3A0007F86B2F28086B4CA8186CFD28286ECC2F2
:10D3B00083864ACD84864BCD85864CCD86864DCDE1
:10D3C00087864ECD88864FCD898650CD8A86C3CE3E
:10D3D0008B86B8F28C86F6B08D86B7F28E8651CDEC
:10D3E0008F8652CD908653CD918654CD928655CD61
:10D3F0009386BEF2948656CD9586CFB2968657CD4B
:10D40000978658CD988659CD99865ACD9A865BCD08
:10D410009B865CCD9C86C1D19D86BAF29E865DCDF1
:10D420009F865ECDA0865FCDA18660CDA28661CDB0
:10D43000A386BCF2A486E9D4A58662CDA68663CD78
:10D44000A786BBF2A886B6F2A986BFF2AA86BDF26D
:10D45000AB8664CDAC86B9F2AD8665CDAE8666CDC1
:10D46000AF86C7F2B086C4F2B186C6F2B28667CD87
:10D47000B38668CDB486CAF2B586C2F2B686C0F26B
:10D48000B78669CDB8866ACDB9866BCDBA86C5F246
:10D49000BB866CCDBC866DCDBD866ECDBE866FCD98
:10D4A000BF8670CDC086FBD6C18671CDC28672CDD7
:10D4B000C38673CDC486C1F2C58674CDC686F9C74E
:10D4C000C786DFC9C88675CDC986C8F2CA86C6B9FF
:10D4D000CB86B0B5CC8676CDCD8677CDCE86C3F261
:10D4E000CF86C9F2D086D0F2D186D6F2D28678CD58
:10D4F000D38679CDD486D7BBD5867ACDD6867BCD5B
:10D50000D7867CCDD886D5F2D986DCCDDA867DCD9E
:10D51000DB86EBD6DC867ECDDD8680CDDE86D2F264
:10D52000DF86D4F2E08681CDE18682CDE28683CDAE
:10D53000E38684CDE486F2B8E58685CDE68686CDA1
:10D54000E78687CDE88688CDE986CBF2EA8689CD65
:10D55000EB868ACDEC868BCDED86CEF2EE86F9C2D7
:10D56000EF868CCDF086DDD5F186CCF2F286CDF259
:10D57000F386CFF2F486D3F2F5868DCDF6868ECD86
:10D58000F7868FCDF886D9F2F986BCD3FA8690CD8E
:10D59000FB8691CDFC8692CDFD8693CDFE86EAB6C4
:10D5A000FF8694CD0087F1CA018795CD0287E4B745
:10D5B0000387D7F2048796CD058797CD068798CD48
:10D5C0000787D8F20887DAF20987DDF20A87DBF2EB
:10D5D0000B8799CD0C879ACD0D87DCF20E879BCDFA
:10D5E0000F879CCD10879DCD11879ECD1287D1D1FD
:10D5F0001387D1F214879FCD1587C9CD1687A0CD8B
:10D600001787CFCE1887A9D6198740CE1A87E3F29D
:10D610001B8741CE1C87DBC31D8742CE1E87E0F2ED
:10D620001F8743CE208744CE2187AFC02287ECF2EC
:10D630002387DEF2248745CE2587E1F2268746CE72
:10D64000278747CE288748CE2987E8F22A8749CE00
:10D650002B874ACE2C874BCE2D874CCE2E87E2F2DD
:10D660002F874DCE30874ECE3187E7F232874FCEAF
:10D67000338750CE3487E6F2358751CE368752CE87
:10D680003787E9F2388753CE398754CE3A8755CE5B
:10D690003B87DFF23C8756CE3D8757CE3E87E4F28C
:10D6A0003F87EAF2408758CE418759CE42875ACE0B
:10D6B00043875BCE44875CCE45875DCE46875ECE92
:10D6C0004787ACD34887E5F24987F5B24A875FCEF2
:10D6D0004B8760CE4C87F2F24D8761CE4E87ABD040
:10D6E0004F8762CE508763CE518764CE528765CE16
:10D6F0005387F5F2548766CE558767CE568768CE36
:10D700005787C8BB588769CE5987F9F25A876ACEBE
:10D710005B876BCE5C876CCE5D876DCE5E876ECE91
:10D720005F876FCE6087F0F2618770CE628771CEBF
:10D730006387F6F26487F8F26587FAF2668772CE3D
:10D74000678773CE688774CE698775CE6A8776CE11
:10D750006B8777CE6C8778CE6D8779CE6E87F3F244
:10D760006F877ACE7087F1F271877BCE72877CCE1D
:10D7700073877DCE7487FBBA75877ECE7687FBB5BF
:10D78000778780CE788781CE798782CE7A8783CE5D
:10D790007B87EFF27C87F7F27D87EDF27E87EEF2F2
:10D7A0007F8784CE808785CE818786CE8287EBF285
:10D7B0008387A6F3848787CE8587A3F3868788CE61
:10D7C000878789CE8887A2F389878ACE8A878BCE7E
:10D7D0008B87F4F28C878CCE8D87DAC88E878DCEBE
:10D7E0008F878ECE90878FCE918790CE928791CE65
:10D7F0009387FBF2948792CE958793CE968794CEAB
:10D800009787A5F3988795CE998796CE9A8797CED6
:10D810009B8798CE9C8799CE9D879ACE9E879BCEDC
:10D820009F87F8C3A0879CCEA1879DCEA2879ECE5E
:10D83000A3879FCEA487A0CEA58740CFA68741CF40
:10D84000A78742CFA887FDF2A98743CFAA8744CFF5
:10D85000AB87A7F3AC87A9F3AD87A4F3AE8745CF19
:10D86000AF87FCF2B08746CFB18747CFB28748CFAA
:10D87000B387ABF3B48749CFB587AAF3B6874ACF4E
:10D88000B7874BCFB8874CCFB9874DCFBA87DDC2AA
:10D89000BB874ECFBC874FCFBD87AEF3BE8750CF7F
:10D8A000BF8751CFC087B0F3C18752CFC28753CF54
:10D8B000C38754CFC48755CFC58756CFC687A1F33A
:10D8C000C78757CFC88758CFC98759CFCA87B1F301
:10D8D000CB87ACF3CC875ACFCD875BCFCE875CCFDD
:10D8E000CF875DCFD0875ECFD187AFF3D287FEF2EF
:10D8F000D387ADF3D4875FCFD58760CFD68761CF8D
:10D90000D78762CFD88763CFD98764CFDA8765CFCF
:10D91000DB87B2F3DC8766CFDD8767CFDE8768CF32
:10D92000DF8769CFE087B4F3E1876ACFE2876BCF07
:10D93000E3876CCFE4876DCFE587A8F3E6876ECFEA
:10D94000E7876FCFE88770CFE98771CFEA87B3F3B6
:10D95000EB8772CFEC8773CFED8774CFEE87B5F38B
:10D96000EF8775CFF08776CFF18777CFF28778CFC3
:10D97000F38779CFF4877ACFF5877BCFF6877CCF93
:10D98000F7877DCFF8877ECFF987B7D0FA8780CF2A
:10D99000FB8781CFFC8782CFFD8783CFFE87B8F3DB
:10D9A000FF8784CF008885CF018886CF028887CF04
:10D9B0000388F9D9048888CF058889CF06888ACF5B
:10D9C00007888BCF08888CCF09888DCF0A88B9F358
:10D9D0000B888ECF0C888FCF0D8890CF0E8891CF7B
:10D9E0000F8892CF108893CF118894CF128895CF4B
:10D9F0001388B7F3148896CF1588E4C81688B6F351
:10DA0000178897CF188898CF198899CF1A889ACFF6
:10DA10001B88BAF31C889BCF1D889CCF1E889DCF86
:10DA20001F889ECF20889FCF2188BBF32288C0B457
:10DA30002388A0CF248840D0258841D0268842D092
:10DA4000278843D0288844D0298845D02A8846D0C2
:10DA50002B8847D02C8848D02D8849D02E884AD092
:10DA60002F884BD030884CD031884DD03288C3EECF
:10DA700033884ED034884FD0358850D0368851D036
:10DA8000378852D0388853D03988BCF33A8854D07C
:10DA90003B8855D03C88BDF33D8856D03E8857D052
:10DAA0003F8858D04088AAD1418859D042885AD05E
:10DAB00043885BD04488ACF44588C6D046885CD0A7
:10DAC00047885DD048885ED049885FD04A8860D05A
:10DAD0004B8861D04C88D0D04D88DCD14E8862D044
:10DAE0004F8863D0508864D0518865D0528866D002
:10DAF000538867D05488CECF558868D0568869D06F
:10DB00005788D6BD58886AD05988C3D15A886BD0F7
:10DB10005B886CD05C886DD05D886ED05E886FD07D
:10DB20005F8870D0608871D06188E2BA6288E9E16C
:10DB30006388C2D26488C2F16588B9B2668872D03F
:10DB4000678873D06888EDB16988C3F16A8874D03A
:10DB50006B88C0C96C88C4B36D8875D06E88F2D9E3
:10DB60006F8876D07088A5CB718877D07288C4F121
:10DB7000738878D0748879D075887AD076887BD08D
:10DB80007788D4D678887CD079887DD07A887ED002
:10DB90007B8880D07C8881D07D88C5F17E88C0F468
:10DBA0007F88C6F1808882D08188ACD48288C7F112
:10DBB000838883D08488C0B08588C1F4868884D067
:10DBC000878885D08888C2F4898886D08A8887D05B
:10DBD0008B88FCB48C8888D08D88DBC58E8889D0F2
:10DBE0008F888AD090888BD091888CD09288BBCC3B
:10DBF00093888DD094888ED095888FD09688E4D0E5
:10DC0000978890D0988891D0998892D09A8893D00C
:10DC10009B8894D09C88E0CD9D8895D09E8896D096
:10DC20009F8897D0A08898D0A18899D0A288C8F161
:10DC3000A3889AD0A488F3D9A5889BD0A6889CD025
:10DC4000A7889DD0A8889ED0A9889FD0AA88A0D058
:10DC5000AB88BBB1AC8840D1AD88AECFAE8841D1E6
:10DC6000AF8842D1B08843D1B188A4B8B28844D13A
:10DC7000B38845D1B48846D1B58847D1B68848D154
:10DC8000B788CAF1B88849D1B9884AD1BA884BD186
:10DC9000BB884CD1BC88CBF1BD884DD1BE884ED15C
:10DCA000BF884FD1C08850D1C188C3B2C288D1C10A
:10DCB000C38851D1C48852D1C588B0D7C688C9F1AC
:10DCC000C78853D1C88854D1C988CCF1CA8855D1E6
:10DCD000CB8856D1CC8857D1CD8858D1CE88CEF1BB
:10DCE000CF8859D1D0885AD1D1885BD1D288F6D982
:10DCF000D3885CD1D488E1D2D588A3D4D6885DD12D
:10DD0000D7885ED1D888C3F4D988B9C8DA885FD1FA
:10DD1000DB8860D1DC8861D1DD8862D1DE8863D1A7
:10DD2000DF88C4F4E08864D1E18865D1E288CDF170
:10DD3000E388CFF1E488E3BFE588D0F1E68866D1D7
:10DD4000E78867D1E888D4F1E98868D1EA8869D1A1
:10DD5000EB886AD1EC886BD1ED886CD1EE886DD1FF
:10DD6000EF886ED1F088D6F1F188D1F1F2886FD1C9
:10DD7000F388D1C9F488E1C5F58870D1F68871D1EE
:10DD8000F78872D1F888E3C2F988FCB9FA8873D1B0
:10DD9000FB8874D1FC88D3F1FD8875D1FE88D5F15C
:10DDA000FF8876D1008977D1018978D10289D3B9EA
:10DDB000038979D104897AD105897BD106897CD1FF
:10DDC00007897DD108897ED1098980D10A89DBF153
:10DDD0000B8981D10C8982D10D8983D10E8984D19F
:10DDE0000F8985D11089D6BA118986D11289FDB0E3
:10DDF0001389D9F1148987D1158988D1168989D1D8
:10DE000017898AD118898BD11989D8F11A89D2F149
:10DE10001B89DAF11C898CD11D898DD11E898ED187
:10DE20001F898FD1208990D12189D7F1228991D161
:10DE3000238992D1248993D12589ECC8268994D14C
:10DE4000278995D1288996D1298997D12A89CACD40
:10DE50002B89DDF12C8998D12D8999D12E899AD1E0
:10DE60002F899BD13089BDE531899CD132899DD1E3
:10DE700033899ED13489DCF135899FD13689DEF131
:10DE80003789A0D1388940D2398941D23A8942D2E2
:10DE90003B8943D23C8944D23D8945D23E8946D212
:10DEA0003F8947D2408948D24189DFF1428949D22E
:10DEB00043894AD24489E5CF45894BD246894CD221
:10DEC00047894DD248894ED249894FD24A8950D28A
:10DED0004B8951D24C8952D24D8953D24E8954D25A
:10DEE0004F8955D2508956D2518957D2528958D22A
:10DEF000538959D254895AD255895BD256895CD2FA
:10DF000057895DD258895ED259895FD25A8960D2C9
:10DF10005B8961D25C8962D25D8963D25E89C5F416
:10DF20005F89F3BD608964D2618965D2628966D2F6
:10DF3000638967D2648968D2658969D26689E0F1AC
:10DF400067896AD268896BD269896CD26A896DD215
:10DF50006B896ED26C896FD26D8970D26E8971D2E5
:10DF60006F8972D2708973D2718974D2728975D2B5
:10DF7000738976D2748977D2758978D2768979D285
:10DF800077897AD278897BD279897CD27A897DD255
:10DF90007B89E1F17C897ED27D8980D27E8981D2A4
:10DFA0007F89F7CE808982D28189AAD2828983D261
:10DFB0008389FBF1848984D2858985D28689B2B828
:10DFC000878986D2888987D2898988D28A8989D2A5
:10DFD0008B898AD28C898BD28D898CD28E898DD275
:10DFE0008F898ED290898FD2918990D2928991D245
:10DFF000938992D2948993D2958994D2968995D215
:10E00000978996D2988997D2998998D29A8999D2E4
:10E010009B899AD29C899BD29D899CD29E899DD2B4
:10E020009F899ED2A0899FD2A189A0D2A28940D3E4
:10E03000A38941D3A48942D3A58943D3A68944D3D4
:10E04000A78945D3A88946D3A98947D3AA8948D3A4
:10E05000AB8949D3AC894AD3AD894BD3AE894CD374
:10E06000AF894DD3B0894ED3B1894FD3B28950D344
:10E07000B38951D3B48952D3B58953D3B68954D314
:10E08000B78955D3B88956D3B98957D3BA8958D3E4
:10E09000BB8959D3BC895AD3BD895BD3BE895CD3B4
:10E0A000BF895DD3C0895ED3C189FBBCC289DBB99E
:10E0B000C3895FD3C489E6B9C589D9C3C689D3CA20
:10E0C000C789E8EAC889C0C0C989F5BECA89E9EA32
:10E0D000CB89EAEACC89EBEACD8960D3CE89ECEA38
:10E0E000CF89EDEAD089EEEAD189EFEAD289C7BDBE
:10E0F000D38961D3D48962D3D58963D3D689FBF51B
:10E10000D78964D3D88965D3D98966D3DA89FDF5EF
:10E11000DB8967D3DC89FEF5DD8968D3DE89FCF510
:10E12000DF8969D3E0896AD3E1896BD3E2896CD353
:10E13000E389E2BDE4896DD3E589A1F6E689A5B45A
:10E14000E7896ED3E8896FD3E98970D3EA8971D3FF
:10E15000EB89A2F6EC8972D3ED8973D3EE8974D37F
:10E16000EF89A3F6F08975D3F18976D3F28977D355
:10E17000F389B2ECF48978D3F58979D3F6897AD327
:10E18000F7897BD3F8897CD3F9897DD3FA897ED34B
:10E19000FB8980D3FC8981D3FD8982D3FE8983D317
:10E1A000FF8984D3008AD4D1018A85D3028A86D399
:10E1B000038A87D3048A88D3058A89D3068A8AD3B7
:10E1C000078AEAD9088A8BD3098A8CD30A8A8DD325
:10E1D0000B8A8ED30C8A8FD30D8A90D30E8A91D35B
:10E1E0000F8A92D3108A93D3118A94D3128A95D32B
:10E1F000138A96D3148A97D3158A98D3168A99D3FB
:10E20000178A9AD3188A9BD3198A9CD31A8A9DD3CA
:10E210001B8A9ED31C8A9FD31D8AA0D31E8A40D4FA
:10E220001F8A41D4208A42D4218A43D4228A44D4EA
:10E23000238A45D4248A46D4258A47D4268A48D4BA
:10E24000278A49D4288A4AD4298A4BD42A8A4CD48A
:10E250002B8A4DD42C8A4ED42D8A4FD42E8A50D45A
:10E260002F8A51D4308A52D4318A53D4328A54D42A
:10E27000338A55D4348A56D4358A57D4368A58D4FA
:10E28000378A59D4388A5AD4398A5BD43A8A5CD4CA
:10E290003B8A5DD43C8A5ED43D8A5FD43E8AA4F634
:10E2A0003F8A60D4408A61D4418A62D4428A63D46E
:10E2B000438A64D4448A65D4458A66D4468A67D43E
:10E2C000478A68D4488ABAEE498A69D44A8A6AD4A5
:10E2D0004B8A6BD44C8A6CD44D8A6DD44E8A6ED4E2
:10E2E0004F8A6FD4508A70D4518A71D4528A72D4B2
:10E2F000538A73D4548A74D4558A75D4568A76D482
:10E30000578A77D4588A78D4598A79D45A8A7AD451
:10E310005B8A7BD45C8A7CD45D8A7DD45E8A7ED421
:10E320005F8A80D4608A81D4618A82D4628A83D4ED
:10E33000638A84D4648A85D4658A86D4668A87D4BD
:10E34000678A88D4688A89D4698A8AD46A8A8BD48D
:10E350006B8A8CD46C8A8DD46D8A8ED46E8A8FD45D
:10E360006F8A90D4708A91D4718A92D4728A93D42D
:10E37000738A94D4748A95D4758A96D4768A97D4FD
:10E38000778A98D4788A99D4798AB2D57A8A9AD4B5
:10E390007B8A9BD47C8A9CD47D8A9DD47E8A9ED4A1
:10E3A0007F8A9FD4808AA0D4818A40D5828A41D531
:10E3B000838A42D5848A43D5858A44D5868A45D5C1
:10E3C000878A46D5888A47D5898AFED38A8ADCCC53
:10E3D0008B8A48D58C8A49D58D8A4AD58E8A4BD569
:10E3E0008F8A4CD5908A4DD5918A4ED5928A4FD539
:10E3F000938AC4CA948A50D5958A51D5968A52D5A3
:10E40000978A53D5988A54D5998A55D59A8A56D5DC
:10E410009B8A57D59C8A58D59D8A59D59E8A5AD5AC
:10E420009F8A5BD5A08A5CD5A18A5DD5A28A5ED57C
:10E43000A38A5FD5A48A60D5A58A61D5A68A62D54C
:10E44000A78A63D5A88A64D5A98A65D5AA8A66D51C
:10E45000AB8A67D5AC8A68D5AD8A69D5AE8A6AD5EC
:10E46000AF8A6BD5B08A6CD5B18A6DD5B28A6ED5BC
:10E47000B38A6FD5B48A70D5B58A71D5B68A72D58C
:10E48000B78A73D5B88A74D5B98A75D5BA8A76D55C
:10E49000BB8A77D5BC8A78D5BD8A79D5BE8A7AD52C
:10E4A000BF8A7BD5C08A7CD5C18A7DD5C28A7ED5FC
:10E4B000C38A80D5C48A81D5C58A82D5C68A83D5C8
:10E4C000C78A84D5C88A85D5C98A86D5CA8A87D598
:10E4D000CB8A88D5CC8A89D5CD8A8AD5CE8A8BD568
:10E4E000CF8A8CD5D08A8DD5D18A8ED5D28A8FD538
:10E4F000D38A90D5D48A91D5D58A92D5D68A93D508
:10E50000D78A94D5D88A95D5D98A96D5DA8A97D5D7
:10E51000DB8A98D5DC8A99D5DD8A9AD5DE8A9BD5A7
:10E52000DF8A9CD5E08A9DD5E18A9ED5E28A9FD577
:10E53000E38AA0D5E48A40D6E58A41D6E68A42D667
:10E54000E78A43D6E88A44D6E98A45D6EA8A46D697
:10E55000EB8A47D6EC8A48D6ED8A49D6EE8A4AD667
:10E56000EF8A4BD6F08A4CD6F18A4DD6F28A4ED637
:10E57000F38A4FD6F48A50D6F58A51D6F68A52D607
:10E58000F78A53D6F88A54D6F98A55D6FA8A56D6D7
:10E59000FB8A57D6FC8A58D6FD8A59D6FE8A5AD6A7
:10E5A000FF8A5BD6008B5CD6018B5DD6028B5ED674
:10E5B000038B5FD6048B60D6058B61D6068B62D643
:10E5C000078BC0E5088B63D6098B64D60A8B65D6AA
:10E5D0000B8B66D60C8B67D60D8B68D60E8B69D6E7
:10E5E0000F8B6AD6108B6BD6118B6CD6128B6DD6B7
:10E5F000138B6ED6148B6FD6158B70D6168B71D687
:10E60000178B72D6188B73D6198B74D61A8B75D656
:10E610001B8B76D61C8B77D61D8B78D61E8B79D626
:10E620001F8B7AD6208B7BD6218B7CD6228B7DD6F6
:10E63000238B7ED6248B80D6258B81D6268BA5F680
:10E64000278B82D6288B83D6298B84D62A8B85D696
:10E650002B8B86D62C8B87D62D8B88D62E8B89D666
:10E660002F8B8AD6308B8BD6318B8CD6328B8DD636
:10E67000338B8ED6348B8FD6358B90D6368B91D606
:10E68000378B92D6388B93D6398B94D63A8B95D6D6
:10E690003B8B96D63C8B97D63D8B98D63E8B99D6A6
:10E6A0003F8B9AD6408B9BD6418B9CD6428B9DD676
:10E6B000438B9ED6448B9FD6458BA0D6468B40D7A6
:10E6C000478B41D7488B42D7498B43D74A8B44D796
:10E6D0004B8B45D74C8B46D74D8B47D74E8B48D766
:10E6E0004F8B49D7508B4AD7518B4BD7528B4CD736
:10E6F000538B4DD7548B4ED7558B4FD7568B50D706
:10E70000578B51D7588B52D7598B53D75A8B54D7D5
:10E710005B8B55D75C8B56D75D8B57D75E8B58D7A5
:10E720005F8B59D7608B5AD7618B5BD7628B5CD775
:10E73000638B5DD7648B5ED7658B5FD7668BAFBE0F
:10E74000678B60D7688B61D7698B62D76A8B63D719
:10E750006B8B64D76C8BA9C66D8B65D76E8B66D7B8
:10E760006F8B67D7708B68D7718B69D7728B6AD7BD
:10E77000738B6BD7748B6CD7758B6DD7768B6ED78D
:10E78000778B6FD7788B70D7798B71D77A8B72D75D
:10E790007B8B73D77C8B74D77D8B75D77E8B76D72D
:10E7A0007F8B77D7808B78D7818B79D7828B7AD7FD
:10E7B000838B7BD7848B7CD7858B7DD7868B7ED7CD
:10E7C000878B80D7888B81D7898B82D78A8B83D799
:10E7D0008B8B84D78C8B85D78D8B86D78E8B87D769
:10E7E0008F8B88D7908B89D7918B8AD7928B8BD739
:10E7F000938B8CD7948B8DD7958B8ED7968B8FD709
:10E80000978B90D7988B91D7998B92D79A8B93D7D8
:10E810009B8B94D79C8B95D79D8B96D79E8B97D7A8
:10E820009F8B98D7A08BA5DAA18BC6BCA28BA9B66B
:10E83000A38BBCB8A48BCFC8A58BA5BCA68BA6DA2E
:10E84000A78BA7DAA88BD6CCA98BC3C8AA8BA8DACA
:10E85000AB8BFDC6AC8B99D7AD8BB5D1AE8BE9D266
:10E86000AF8BB6D1B08BC7BCB18B9AD7B28BB2BDD0
:10E87000B38BE4BBB48BA9DAB58BAADAB68BC8D15B
:10E88000B78BABDAB88BEDD0B98BEFB6BA8BDBC2F6
:10E89000BB8B9BD7BC8BCFCBBD8BEDB7BE8BE8C9F9
:10E8A000BF8BC3B7C08BF7BEC18BA4D6C28BACDA0B
:10E8B000C38BADDAC48BC0C6C58BE7D7C68BB6CACF
:10E8C000C78B9CD7C88BA9D5C98BDFCBCA8BEFD59B
:10E8D000CB8BAEDACC8BDFD6CD8BCAB4CE8BB0DA95
:10E8E000CF8BAFDAD08B9DD7D18BEBD2D28BB1DA75
:10E8F000D38BB2DAD48BB3DAD58BD4CAD68BB4DA55
:10E90000D78BABCAD88BB5DAD98BB6DADA8BCFB363
:10E91000DB8BEFD6DC8BB7DADD8BB0BBDE8BAEB535
:10E92000DF8BB8DAE08BB9DAE18BEEB9E28BAFD1ED
:10E93000E38BE8D2E48BBADAE58BC3B8E68BEACF97
:10E94000E78BEFB2E88BBBDAE98BBCDAEA8B9ED7B8
:10E95000EB8BEBBDEC8BDCCEED8BEFD3EE8BBDDA2E
:10E96000EF8BF3CEF08BBEDAF18BD5D3F28BE5BB18
:10E97000F38BBFDAF48BB5CBF58BD0CBF68BC0DA4B
:10E98000F78BEBC7F88BEED6F98BC1DAFA8BB5C5EE
:10E99000FB8BC1B6FC8BC2DAFD8BCCB7FE8BCEBF36
:10E9A000FF8BC3DA008CC4DA018CADCB028CC5DAE4
:10E9B000038CF7B5048CC6DA058CC2C1068CBBD7B4
:10E9C000078CC7DA088CB8CC098C9FD70A8CEAD29E
:10E9D0000B8CB1C40C8CC8DA0D8CFDB50E8CD1BB80
:10E9E0000F8CC9DA108CB3D0118CCADA128CCBDA46
:10E9F000138CBDCE148CCCDA158CCDDA168CCEDA15
:10EA0000178CF7B2188CD1DA198CCFDA1A8CE8D1BE
:10EA10001B8CD0DA1C8CD5C31D8CD2DA1E8CA0D7EF
:10EA20001F8CD3DA208CD4DA218CD5DA228CBBD09F
:10EA3000238CA5D2248CF9B0258CD6DA268CABC7D2
:10EA4000278CD7DA288CF7BD298CA1C32A8CD8DA79
:10EA50002B8CD9DA2C8CFDC32D8CB7CC2E8CDADA2A
:10EA60002F8CDBDA308CBEC0318CD7C6328CDCDA2E
:10EA7000338CDDDA348CB4C7358CDEDA368CDFDAF1
:10EA8000378CC8B9388C40D8398C41D83A8C42D8A8
:10EA90003B8C43D83C8C44D83D8C45D83E8C46D8E2
:10EAA0003F8C47D8408C48D8418CEDBB428C49D82C
:10EAB000438C4AD8448C4BD8458C4CD8468CB9B63C
:10EAC000478CF8F4488C4DD8498CF9F44A8C4ED8D0
:10EAD0004B8C4FD84C8CE3CD4D8C50D84E8C51D8AC
:10EAE0004F8C52D8508C53D8518C54D8528C55D806
:10EAF000538C56D8548C57D8558CB9F5568C58D859
:10EB0000578C59D8588C5AD8598C5BD85A8CE0EB12
:10EB10005B8C5CD85C8C5DD85D8C5ED85E8C5FD87D
:10EB20005F8C60D8608C61D8618CF3CF628CBFBB86
:10EB3000638C62D8648C63D8658C64D8668C65D825
:10EB4000678C66D8688C67D8698C68D86A8CC0BABC
:10EB50006B8CA5D46C8C69D86D8C6AD86E8C6BD894
:10EB60006F8C6CD8708C6DD8718C6ED8728C6FD89D
:10EB7000738CD9E1748C70D8758C71D8768C72D8FE
:10EB8000778C73D8788CF4F5798CAAB17A8CF2B240
:10EB90007B8C74D87C8C75D87D8C76D87E8C77D81D
:10EBA0007F8C78D8808C79D8818C7AD8828CF5F556
:10EBB000838C7BD8848C7CD8858CF7F5868C7DD82B
:10EBC000878C7ED8888C80D8898CD1BA8A8CF6F5CF
:10EBD0008B8C81D88C8CB2C38D8C82D88E8C83D850
:10EBE0008F8C84D8908C85D8918C86D8928C87D83D
:10EBF000938C88D8948CF9F5958C89D8968C8AD882
:10EC0000978C8BD8988CF8F5998C8CD89A8C8DD859
:10EC10009B8C8ED89C8C8FD89D8C90D89E8C91D8B4
:10EC20009F8C92D8A08C93D8A18C94D8A28C95D884
:10EC3000A38C96D8A48C97D8A58C98D8A68C99D854
:10EC4000A78C9AD8A88C9BD8A98C9CD8AA8C9DD824
:10EC5000AB8C9ED8AC8C9FD8AD8CA0D8AE8C40D954
:10EC6000AF8C41D9B08C42D9B18C43D9B28C44D944
:10EC7000B38C45D9B48C46D9B58C47D9B68C48D914
:10EC8000B78C49D9B88C4AD9B98C4BD9BA8C4CD9E4
:10EC9000BB8C4DD9BC8C4ED9BD8C4FD9BE8C50D9B4
:10ECA000BF8C51D9C08C52D9C18C53D9C28C54D984
:10ECB000C38C55D9C48C56D9C58C57D9C68C58D954
:10ECC000C78C59D9C88C5AD9C98C5BD9CA8C5CD924
:10ECD000CB8C5DD9CC8C5ED9CD8C5FD9CE8C60D9F4
:10ECE000CF8C61D9D08C62D9D18C63D9D28C64D9C4
:10ECF000D38C65D9D48C66D9D58C67D9D68C68D994
:10ED0000D78C69D9D88C6AD9D98C6BD9DA8C6CD963
:10ED1000DB8C6DD9DC8C6ED9DD8C6FD9DE8C70D933
:10ED2000DF8C71D9E08C72D9E18C73D9E28C74D903
:10ED3000E38C75D9E48C76D9E58C77D9E68C78D9D3
:10ED4000E78C79D9E88C7AD9E98C7BD9EA8C7CD9A3
:10ED5000EB8C7DD9EC8C7ED9ED8C80D9EE8C81D971
:10ED6000EF8C82D9F08C83D9F18C84D9F28C85D93F
:10ED7000F38C86D9F48C87D9F58C88D9F68C89D90F
:10ED8000F78C8AD9F88C8BD9F98C8CD9FA8C8DD9DF
:10ED9000FB8C8ED9FC8C8FD9FD8C90D9FE8C91D9AF
:10EDA000FF8C92D9008D93D9018D94D9028D95D97C
:10EDB000038D96D9048D97D9058D98D9068D99D94B
:10EDC000078D9AD9088D9BD9098D9CD90A8D9DD91B
:10EDD0000B8D9ED90C8D9FD90D8DA0D90E8D40DA4B
:10EDE0000F8D41DA108D42DA118D43DA128D44DA3B
:10EDF000138D45DA148D46DA158D47DA168D48DA0B
:10EE0000178D49DA188D4ADA198D4BDA1A8D4CDADA
:10EE10001B8D4DDA1C8D4EDA1D8DB4B11E8DEAD5D9
:10EE20001F8DBAB8208D4FDA218DB1B9228DC6B2AF
:10EE3000238DF0D4248DCDCF258DDCB0268DCBD580
:10EE4000278DF5BB288DCAD6298DB7B72A8DB0CCB2
:10EE50002B8DB6C62C8DE1B12D8DBAB92E8DFCD679
:10EE60002F8DE1B9308DA1B7318DFABC328DDAEA40
:10EE7000338DDBEA348DF9CC358DF3B9368DDCEA90
:10EE8000378DFBB4388DB3C3398DD1B73A8DD8BA2D
:10EE90003B8DDDEA3C8DF4D43D8DDEEA3E8DD6BC63
:10EEA0003F8DDFBB408DDFEA418DDEC1428DB8C2B0
:10EEB000438DDFD4448DCAD7458DE0EA468DE1EA23
:10EEC000478DE4EA488DE2EA498DE3EA4A8DDEC9DE
:10EED0004B8DB3B84C8DC4B64D8DE5EA4E8DEACA64
:10EEE0004F8DCDC9508DCDB4518D50DA528D51DA40
:10EEF000538DD9E2548DE2C5558DE6EA568DB5C0E5
:10EF0000578D52DA588DB8D7598DE7EA5A8DACD75C
:10EF10005B8DFCC85C8DD3D85D8DCDD85E8DDED485
:10EF20005F8D53DA608DF9D4618DC4C9628DAED323
:10EF3000638DD3B8648DE0B3658D54DA668DE2C914
:10EF4000678DF6F4688D55DA698D56DA6A8D57DA71
:10EF50006B8DD5BA6C8D58DA6D8DF7F46E8D59DAEC
:10EF60006F8D5ADA708DDFD7718D5BDA728D5CDA56
:10EF7000738DF1F4748DB0B8758DD4D5768DCFB80E
:10EF8000778DF0C6788D5DDA798D5EDA7A8D5FDA0D
:10EF90007B8D60DA7C8D61DA7D8D62DA7E8D63DA5D
:10EFA0007F8D64DA808D65DA818DC3B3828D66DAF8
:10EFB000838D67DA848DF2F4858DACB3868D68DA43
:10EFC000878D69DA888D6ADA898D6BDA8A8DBDD48E
:10EFD0008B8DF7C78C8D6CDA8D8D6DDA8E8D6EDA38
:10EFE0008F8D6FDA908D70DA918DF4F4928D71DAE5
:10EFF000938D72DA948DF3F4958D73DA968D74DABD
:10F00000978D75DA988D76DA998D77DA9A8D78DA28
:10F010009B8D79DA9C8D7ADA9D8D7BDA9E8D7CDAF8
:10F020009F8DCBCCA08D7DDAA18D7EDAA28D80DA8A
:10F03000A38DA4C8A48D81DAA58D82DAA68D83DA8A
:10F04000A78D84DAA88D85DAA98D86DAAA8D87DA6C
:10F05000AB8D88DAAC8D89DAAD8D8ADAAE8D8BDA3C
:10F06000AF8D8CDAB08D8DDAB18DF5F4B28D8EDA8C
:10F07000B38DE3D7B48DBFC5B58DC0F5B68D8FDA2E
:10F08000B78D90DAB88DBBF5B98D91DABA8DC3F52D
:10F09000BB8D92DABC8DC2F5BD8D93DABE8DBAD62A
:10F0A000BF8DC1F5C08D94DAC18D95DAC28D96DA27
:10F0B000C38DBED4C48DC4F5C58D97DAC68DCCF58D
:10F0C000C78D98DAC88D99DAC98D9ADACA8D9BDA1C
:10F0D000CB8DCFB0CC8DF8B5CD8D9CDACE8DC9F56A
:10F0E000CF8DCAF5D08D9DDAD18DDCC5D28D9EDA5B
:10F0F000D38D9FDAD48DA0DAD58D40DBD68DC5F5C2
:10F10000D78DC6F5D88D41DBD98D42DBDA8DC7F5B9
:10F11000DB8DCBF5DC8D43DBDD8DE0BEDE8DC8F510
:10F12000DF8DFAB8E08D44DBE18D45DBE28D46DB17
:10F13000E38DD0F5E48DD3F5E58D47DBE68D48DB37
:10F14000E78D49DBE88DE7BFE98D4ADBEA8DF2B94F
:10F15000EB8DBCF5EC8DCDF5ED8D4BDBEE8D4CDB09
:10F16000EF8DB7C2F08D4DDBF18D4EDBF28D4FDBB5
:10F17000F38DF8CCF48D50DBF58DF9BCF68D51DBB9
:10F18000F78DCEF5F88DCFF5F98DD1F5FA8DE5B681
:10F19000FB8DD2F5FC8D52DBFD8DD5F5FE8D53DB5D
:10F1A000FF8D54DB008E55DB018E56DB028E57DB64
:10F1B000038E58DB048E59DB058EBDF5068E5ADBB7
:10F1C000078E5BDB088E5CDB098ED4F50A8EBBD321
:10F1D0000B8E5DDB0C8EECB30D8E5EDB0E8E5FDB7B
:10F1E0000F8EA4CC108E60DB118E61DB128E62DB81
:10F1F000138E63DB148ED6F5158E64DB168E65DBFD
:10F20000178E66DB188E67DB198E68DB1A8E69DB5A
:10F210001B8E6ADB1C8E6BDB1D8ED7F51E8EE1BE4E
:10F220001F8ED8F5208E6CDB218E6DDB228EDFCC1D
:10F23000238EDBF5248E6EDB258E6FDB268E70DB56
:10F24000278E71DB288E72DB298EC8B22A8ED9D721
:10F250002B8E73DB2C8ED9F52D8E74DB2E8EDAF58A
:10F260002F8EDCF5308E75DB318EE2F5328E76DB5B
:10F27000338E77DB348E78DB358EE0F5368E79DBB6
:10F28000378E7ADB388E7BDB398EDFF53A8EDDF513
:10F290003B8E7CDB3C8E7DDB3D8EE1F53E8E7EDB66
:10F2A0003F8E80DB408EDEF5418EE4F5428EE5F543
:10F2B000438E81DB448EE3CC458E82DB468E83DB3E
:10F2C000478EBFE5488EB8B5498EE3F54A8EE8F51E
:10F2D0004B8EA3CC4C8E84DB4D8E85DB4E8E86DB35
:10F2E0004F8E87DB508E88DB518EE6F5528EE7F528
:10F2F000538E89DB548E8ADB558E8BDB568E8CDBEE
:10F30000578E8DDB588E8EDB598EBEF55A8E8FDB75
:10F310005B8E90DB5C8E91DB5D8E92DB5E8E93DB91
:10F320005F8E94DB608E95DB618E96DB628E97DB61
:10F33000638E98DB648E99DB658E9ADB668EC4B132
:10F34000678E9BDB688E9CDB698EBFF56A8E9DDBCA
:10F350006B8E9EDB6C8EC5B56D8EE4B26E8E9FDBC0
:10F360006F8EECF5708EE9F5718EA0DB728ED7B6DC
:10F37000738E40DC748EEDF5758E41DC768EEAF589
:10F38000778E42DC788E43DC798E44DC7A8E45DCE5
:10F390007B8E46DC7C8EEBF57D8E47DC7E8E48DCFA
:10F3A0007F8EDAB4808E49DC818EEAD4828E4ADC8C
:10F3B000838E4BDC848E4CDC858EEEF5868E4DDCA8
:10F3C000878EF9B3888E4EDC898E4FDC8A8E50DCB6
:10F3D0008B8E51DC8C8E52DC8D8E53DC8E8E54DC09
:10F3E0008F8EEFF5908EF1F5918E55DC928E56DC76
:10F3F000938E57DC948EF0F5958E58DC968E59DC02
:10F40000978E5ADC988E5BDC998E5CDC9A8E5DDC84
:10F410009B8E5EDC9C8EF2F59D8E5FDC9E8EF3F5FE
:10F420009F8E60DCA08E61DCA18E62DCA28E63DC2C
:10F43000A38E64DCA48E65DCA58E66DCA68E67DCFC
:10F44000A78E68DCA88E69DCA98E6ADCAA8E6BDCCC
:10F45000AB8EEDC9AC8EAAB9AD8E6CDCAE8E6DDC18
:10F46000AF8EFBC7B08E6EDCB18E6FDCB28EE3B6B2
:10F47000B38E70DCB48E71DCB58E72DCB68E73DC4C
:10F48000B78E74DCB88E75DCB98E76DCBA8EC9CCDA
:10F49000BB8E77DCBC8E78DCBD8E79DCBE8E7ADCF0
:10F4A000BF8E7BDCC08E7CDCC18E7DDCC28E7EDCC0
:10F4B000C38E80DCC48E81DCC58E82DCC68E83DC8C
:10F4C000C78E84DCC88E85DCC98E86DCCA8E87DC5C
:10F4D000CB8E88DCCC8E89DCCD8E8ADCCE8EA6EA03
:10F4E000CF8E8BDCD08E8CDCD18E8DDCD28E8EDC00
:10F4F000D38E8FDCD48E90DCD58E91DCD68E92DCD0
:10F50000D78E93DCD88E94DCD98E95DCDA8E96DC9F
:10F51000DB8E97DCDC8E98DCDD8E99DCDE8E9ADC6F
:10F52000DF8E9BDCE08E9CDCE18E9DDCE28E9EDC3F
:10F53000E38E9FDCE48EA0DCE58E40DDE68E41DDCF
:10F54000E78E42DDE88E43DDE98E44DDEA8E45DD5F
:10F55000EB8E46DDEC8E47DDED8E48DDEE8E49DD2F
:10F56000EF8E4ADDF08E4BDDF18E4CDDF28E4DDDFF
:10F57000F38E4EDDF48E4FDDF58E50DDF68E51DDCF
:10F58000F78E52DDF88E53DDF98E54DDFA8E55DD9F
:10F59000FB8E56DDFC8E57DDFD8E58DDFE8E59DD6F
:10F5A000FF8E5ADD008F5BDD018F5CDD028F5DDD3C
:10F5B000038F5EDD048F5FDD058F60DD068F61DD0B
:10F5C000078F62DD088F63DD098F64DD0A8F65DDDB
:10F5D0000B8F66DD0C8F67DD0D8F68DD0E8F69DDAB
:10F5E0000F8F6ADD108F6BDD118F6CDD128F6DDD7B
:10F5F000138F6EDD148F6FDD158F70DD168F71DD4B
:10F60000178F72DD188F73DD198F74DD1A8F75DD1A
:10F610001B8F76DD1C8F77DD1D8F78DD1E8F79DDEA
:10F620001F8F7ADD208F7BDD218F7CDD228F7DDDBA
:10F63000238F7EDD248F80DD258F81DD268F82DD87
:10F64000278F83DD288F84DD298F85DD2A8F86DD56
:10F650002B8F87DD2C8F88DD2D8F89DD2E8F8ADD26
:10F660002F8F8BDD308F8CDD318F8DDD328F8EDDF6
:10F67000338F8FDD348F90DD358F91DD368F92DDC6
:10F68000378F93DD388F94DD398F95DD3A8F96DD96
:10F690003B8F97DD3C8F98DD3D8F99DD3E8F9ADD66
:10F6A0003F8F9BDD408F9CDD418F9DDD428F9EDD36
:10F6B000438F9FDD448FA0DD458F40DE468F41DEC6
:10F6C000478F42DE488F43DE498F44DE4A8F45DE56
:10F6D0004B8F46DE4C8F47DE4D8F48DE4E8F49DE26
:10F6E0004F8F4ADE508F4BDE518F4CDE528F4DDEF6
:10F6F000538F4EDE548F4FDE558F50DE568F51DEC6
:10F70000578F52DE588F53DE598F54DE5A8F55DE95
:10F710005B8F56DE5C8F57DE5D8F58DE5E8F59DE65
:10F720005F8F5ADE608F5BDE618F5CDE628F5DDE35
:10F73000638F5EDE648F5FDE658F60DE668FB5B3DC
:10F74000678FFED4688FECB9698FF9D06A8F61DE5C
:10F750006B8FEDE96C8FAAD76D8FEEE96E8FD6C2F5
:10F760006F8FEDC8708FE4BA718FEFE9728FF0E997
:10F77000738FF1E9748FE1D6758FF2E9768FF3E933
:10F78000778FF5E9788FF4E9798FF6E97A8FF7E9E1
:10F790007B8FE1C77C8FF8E97D8FD8D47E8FF9E924
:10F7A0007F8FCEBD808F62DE818FFAE9828FFBE989
:10F7B000838FCFBD848FFCE9858FA8B8868FBEC1AB
:10F7C000878FFDE9888FB2B1898FD4BB8A8FF5B955
:10F7D0008B8FFEE98C8F63DE8D8FA1EA8E8FA2EA7C
:10F7E0008F8FA3EA908FF8B7918FADBC928F64DEB4
:10F7F000938FE4CA948FCEE0958FAFD4968FBDCF10
:10F80000978FB7D5988FA4EA998FDED59A8FA5EAFE
:10F810009B8FC1D09C8FBCB99D8F65DE9E8FC7B476
:10F820009F8FD9B1A08F66DEA18F67DEA28F68DEC1
:10F83000A38FB1C0A48F69DEA58F6ADEA68F6BDEB1
:10F84000A78F6CDEA88FE6B1A98FE7B1AA8F6DDE16
:10F85000AB8FE8B1AC8F6EDEAD8F6FDEAE8F70DE3A
:10F86000AF8F71DEB08FBDB3B18FE8C8B28F72DEDB
:10F87000B38F73DEB48F74DEB58F75DEB68FC1E5DE
:10F88000B78F76DEB88F77DEB98FDFB1BA8F78DECB
:10F89000BB8F79DEBC8F7ADEBD8FC9C1BE8FEFB45E
:10F8A000BF8F7BDEC08F7CDEC18FA8C7C28FD8D34D
:10F8B000C38F7DDEC48FF9C6C58FB8D1C68F7EDEFB
:10F8C000C78FFDB9C88FF5C2C98F80DECA8F81DEB0
:10F8D000CB8F82DECC8F83DECD8F84DECE8FADD317
:10F8E000CF8F85DED08FCBD4D18FFCBDD28F86DE7B
:10F8F000D38FC2E5D48FB5B7D58FC3E5D68F87DE5A
:10F90000D78F88DED88FB9BBD98FE2D5DA8F89DE61
:10F91000DB8FF8BDDC8FB6D4DD8FA5CEDE8FACC11A
:10F92000DF8FD9B3E08F8ADEE18F8BDEE28FF6CCFA
:10F93000E38F8CDEE48FC6E5E58FC4E5E68FC8E58E
:10F94000E78F8DDEE88FCAE5E98FC7E5EA8FCFB58F
:10F95000EB8FC8C6EC8F8EDEED8FFCB5EE8FC5E564
:10F96000EF8F8FDEF08FF6CAF18F90DEF28F91DE8F
:10F97000F38FC9E5F48F92DEF58F93DEF68F94DE78
:10F98000F78FD4C3F88FC5B1F98FA3BCFA8F95DE7A
:10F99000FB8F96DEFC8F97DEFD8FB7D7FE8F98DE4C
:10F9A000FF8F99DE0090CBCD0190CDCB0290CACADB
:10F9B0000390D3CC0490CCE50590CBE50690E6C44B
:10F9C00007909ADE08909BDE0990A1D10A90B7D1EA
:10F9D0000B90CDE50C909CDE0D90D0E50E909DDE59
:10F9E0000F90B8CD1090F0D61190CFE51290DDB504
:10F9F00013909EDE1490BECD15909FDE1690D1E53B
:10FA00001790BAB61890A0DE199040DF1A90A8CDD2
:10FA10001B90E4B91C9041DF1D90C5CA1E90D1B364
:10FA20001F90D9CB2090ECD42190D2E52290EAB758
:10FA3000239042DF249043DF259044DF2690CEE5DB
:10FA4000279045DF289046DF299047DF2A9048DF3E
:10FA50002B9049DF2C904ADF2D90D5E52E90FEB4F7
:10FA60002F90D6E530904BDF31904CDF32904DDF58
:10FA700033904EDF34904FDF3590D3E53690D4E5A8
:10FA8000379050DF3890DDD2399051DF3A9052DF15
:10FA90003B90DFC23C90C6B13D9053DF3E90E2D335
:10FAA0003F9054DF409055DF4190DDB64290ECCB63
:10FAB000439056DF4490D7E5459057DF469058DF96
:10FAC0004790F6D3489059DF49905ADF4A905BDF60
:10FAD0004B905CDF4C905DDF4D90E9B14E905EDF66
:10FAE0004F90F4B65090DAE55190D8E55290D9E5B0
:10FAF0005390C0B554905FDF559060DF569061DF42
:10FB00005790C5D25890DCE5599062DF5A9063DF78
:10FB10005B90DEE55C9064DF5D9065DF5E9066DFA4
:10FB20005F9067DF609068DF619069DF6290DDE57C
:10FB30006390B2C764906ADF6590A3D266906BDF72
:10FB400067906CDF6890DBE569906DDF6A906EDF2F
:10FB50006B906FDF6C9070DF6D90E2D46E90DAD5B1
:10FB60006F9071DF709072DF719073DF729074DF4D
:10FB7000739075DF7490E0E57590F1D7769076DF3D
:10FB8000779077DF789078DF799079DF7A907ADFF5
:10FB90007B907BDF7C907CDF7D90E1E57E907DDF5C
:10FBA0007F90DCB18090FBD181907EDF8290E2E596
:10FBB0008390E4E5849080DF859081DF869082DF0A
:10FBC000879083DF8890E3E5899084DF8A9085DFE2
:10FBD0008B90E5E58C9086DF8D9087DF8E9088DFB7
:10FBE0008F9089DF90908ADF9190D8D292908BDFAE
:10FBF0009390CBB594908CDF9590DFE796908DDF56
:10FC00009790F5DA98908EDF9990F8DA9A908FDFD6
:10FC10009B90F6DA9C9090DF9D90F7DA9E9091DFB2
:10FC20009F9092DFA09093DFA190FADAA290CFD0BC
:10FC3000A390C7C4A49094DFA59095DFA690EEB0E2
:10FC4000A79096DFA89097DFA99098DFAA90B0D0F0
:10FC5000AB9099DFAC90F9DAAD909ADFAE90CAD351
:10FC6000AF90AABAB090A2DBB190F1C7B2909BDF7F
:10FC7000B390FCDAB490FBDAB590DBC9B690FDDA4C
:10FC8000B7909CDFB890A1DBB990DED7BA90FEDACE
:10FC9000BB90DAC1BC909DDFBD909EDFBE90A5DB1E
:10FCA000BF909FDFC090A0DFC190F4D3C29040E02E
:10FCB000C39041E0C490A7DBC590A4DBC69042E0AE
:10FCC000C790A8DBC89043E0C99044E0CA90BCBD8F
:10FCD000CB9045E0CC9046E0CD9047E0CE90C9C0B7
:10FCE000CF90A3DBD090A6DBD190A3D6D29048E0F2
:10FCF000D390A9DBD49049E0D5904AE0D6904BE070
:10FD0000D790ADDBD8904CE0D9904DE0DA904EE042
:10FD1000DB90AEDBDC90ACDBDD90C2BADE904FE076
:10FD2000DF9050E0E09051E0E190A4BFE290ABDBC7
:10FD3000E39052E0E49053E0E59054E0E690AADBD3
:10FD4000E790C7D4E890BFB2E99055E0EA9056E05A
:10FD5000EB90AFDBEC9057E0ED90F9B9EE9058E006
:10FD6000EF90B0DBF09059E0F1905AE0F2905BE058
:10FD7000F3905CE0F490BBB3F5905DE0F6905EE04C
:10FD8000F7905FE0F890A6B5F99060E0FA9061E036
:10FD9000FB9062E0FC9063E0FD90BCB6FE90B1DBAE
:10FDA000FF9064E0009165E0019166E00291F5B694
:10FDB000039167E00491B2DB059168E0069169E088
:10FDC00007916AE008916BE009916CE00A916DE09F
:10FDD0000B916EE00C916FE00D9170E00E9171E06F
:10FDE0000F9172E0109173E0119174E0129175E03F
:10FDF000139176E0149177E0159178E0169179E00F
:10FE000017917AE018917BE01991C9B11A917CE0C1
:10FE10001B917DE01C917EE01D9180E01E91B4DB82
:10FE20001F9181E0209182E0219183E02291B3DB58
:10FE30002391B5DB249184E0259185E0269186E02D
:10FE4000279187E0289188E0299189E02A918AE02A
:10FE50002B918BE02C918CE02D918DE02E918EE0FA
:10FE60002F91B7DB30918FE03191B6DB329190E08A
:10FE7000339191E0349192E0359193E0369194E0A2
:10FE8000379195E0389196E03991B8DB3A9197E057
:10FE90003B9198E03C9199E03D919AE03E919BE046
:10FEA0003F919CE040919DE041919EE042919FE016
:10FEB0004391B9DB4491A0E0459140E14691BADB22
:10FEC000479141E1489142E14991CFD34A91FAF4F7
:10FED0004B91F5C74C91C3D74D91E4C54E91FCF4BD
:10FEE0004F91FDF45091FBF4519143E15291C6BE04
:10FEF000539144E1549145E1559146E1569147E1D2
:10FF00005791EFD0589148E1599149E15A91D3B7AF
:10FF10005B914AE15C914BE15D91CDD45E91AACCBD
:10FF20005F914CE160914DE16191A2F56291A1F583
:10FF30006391A8BA6491FEF46591D6CB66914EE1C7
:10FF400067914FE1689150E16991A4F56A91D2C03F
:10FF50006B9151E16C91EAB36D9152E16E91AACD32
:10FF60006F91A5F57091A3F57191B4BD7291A8F54B
:10FF7000739153E17491A9F57591CDBD7691B8C394
:10FF80007791E1BF7891E1CB7991AAF57A9154E12B
:10FF90007B9155E17C9156E17D91A6F57E91A7F587
:10FFA0007F91F0C4809157E1819158E1829159E1AC
:10FFB00083915AE184915BE18591ACF586915CE196
:10FFC0008791BCB488915DE18991EDD78A915EE11A
:10FFD0008B91D7B48C91ABF58D91AEF58E915FE19D
:10FFE0008F9160E19091ADF59191AFF59291D1D063
:10FFF000939161E1949162E1959163E1969164E15D
:020000040802F0
:10000000979165E1989166E1999167E19A91D1C3E1
:100010009B91A9C89C9168E19D9169E19E916AE1DB
:100020009F916BE1A0916CE1A1916DE1A291B0F57E
:10003000A391B1F5A4916EE1A5916FE1A69170E154
:10004000A79171E1A89172E1A99173E1AA91B2F52A
:10005000AB9174E1AC9175E1AD91B3F5AE91B4F5AE
:10006000AF91B5F5B09176E1B19177E1B29178E1D8
:10007000B39179E1B491B7F5B591B6F5B6917AE15E
:10008000B7917BE1B8917CE1B9917DE1BA91B8F586
:10009000BB917EE1BC9180E1BD9181E1BE9182E1A5
:1000A000BF9183E1C09184E1C19185E1C29186E174
:1000B000C39187E1C49188E1C59189E1C6918AE144
:1000C000C791C9B2C8918BE1C991D4D3CA91CDCAA5
:1000D000CB918CE1CC91EFC0CD91D8D6CE91B0D25E
:1000E000CF91BFC1D0918DE1D191F0BDD2918EE180
:1000F000D3918FE1D49190E1D59191E1D69192E1A4
:10010000D79193E1D89194E1D99195E1DA9196E173
:10011000DB9197E1DC91AAB8DD9198E1DE9199E15C
:10012000DF919AE1E0919BE1E1919CE1E2919DE117
:10013000E3919EE1E4919FE1E591A0E1E69140E247
:10014000E79141E2E89142E2E99143E2EA9144E237
:10015000EB9145E2EC9146E2ED9147E2EE9148E207
:10016000EF9149E2F0914AE2F1914BE2F2914CE2D7
:10017000F3914DE2F4914EE2F5914FE2F69150E2A7
:10018000F79151E2F89152E2F99153E2FA9154E277
:10019000FB9155E2FC9156E2FD9157E2FE9158E247
:1001A000FF9159E200925AE201925BE202925CE214
:1001B00003925DE204925EE205925FE2069260E2E3
:1001C000079261E2089262E2099263E20A9264E2B3
:1001D0000B9265E20C9266E20D9267E20E9268E283
:1001E0000F9269E210926AE211926BE212926CE253
:1001F00013926DE214926EE215926FE2169270E223
:10020000179271E2189272E2199273E21A9274E2F2
:100210001B9275E21C9276E21D9277E21E9278E2C2
:100220001F9279E220927AE221927BE222927CE292
:1002300023927DE224927EE2259280E2269281E260
:10024000279282E2289283E2299284E22A9285E22E
:100250002B9286E22C9287E22D9288E22E9289E2FE
:100260002F928AE230928BE231928CE232928DE2CE
:1002700033928EE234928FE2359290E2369291E29E
:10028000379292E2389293E2399294E23A9295E26E
:100290003B9296E23C9297E23D9298E23E9299E23E
:1002A0003F929AE240929BE241929CE242929DE20E
:1002B00043929EE244929FE24592A0E2469240E33E
:1002C000479241E3489242E3499243E34A9244E32E
:1002D0004B9245E34C9246E34D9247E34E9248E3FE
:1002E0004F9249E350924AE351924BE352924CE3CE
:1002F00053924DE354924EE355924FE3569250E39E
:10030000579251E3589252E3599253E35A9254E36D
:100310005B9255E35C9256E35D9257E35E9258E33D
:100320005F9259E360925AE361925BE362925CE30D
:1003300063925DE364925EE365925FE3669260E3DD
:10034000679261E3689262E3699263E36A9264E3AD
:100350006B9265E36C9266E36D9267E36E9268E37D
:100360006F9269E370926AE371926BE372926CE34D
:1003700073926DE37492F8BC75926EE376926FE3BC
:10038000779270E3789271E3799272E37A9273E3F1
:100390007B9274E37C9275E37D9276E37E9277E3C1
:1003A0007F9278E3809279E381927AE382927BE391
:1003B00083927CE384927DE385927EE3869280E360
:1003C000879281E3889282E3899283E38A9284E32D
:1003D0008B9285E38C9286E38D9287E38E92C6F6AC
:1003E0008F9288E3909289E391928AE392928BE3D1
:1003F00093928CE394928DE395928EE396928FE3A1
:10040000979290E3989291E3999292E39A9293E370
:100410009B9294E39C9295E39D9296E39E9297E340
:100420009F9298E3A09299E3A1929AE3A2929BE310
:10043000A3929CE3A4929DE3A5929EE3A6929FE3E0
:10044000A792A0E3A89240E4A99241E4AA9242E4D0
:10045000AB9243E4AC9244E4AD9245E4AE92C7F66D
:10046000AF9246E4B09247E4B19248E4B29249E4D4
:10047000B3924AE4B4924BE4B5924CE4B6924DE4A4
:10048000B7924EE4B8924FE4B99250E4BA9251E474
:10049000BB9252E4BC9253E4BD9254E4BE9255E444
:1004A000BF9256E4C09257E4C19258E4C29259E414
:1004B000C3925AE4C4925BE4C5925CE4C6925DE4E4
:1004C000C7925EE4C892C8F6C9925FE4CA9260E43B
:1004D000CB9261E4CC9262E4CD9263E4CE9264E488
:1004E000CF9265E4D09266E4D19267E4D29268E458
:1004F000D39269E4D4926AE4D5926BE4D6926CE428
:10050000D7926DE4D8926EE4D9926FE4DA9270E4F7
:10051000DB9271E4DC9272E4DD9273E4DE9274E4C7
:10052000DF9275E4E09276E4E19277E4E29278E497
:10053000E39279E4E4927AE4E5927BE4E6927CE467
:10054000E7927DE4E8927EE4E99280E4EA9281E435
:10055000EB9282E4EC9283E4ED9284E4EE9285E403
:10056000EF9286E4F09287E4F19288E4F29289E4D3
:10057000F3928AE4F4928BE4F5928CE4F6928DE4A3
:10058000F7928EE4F8928FE4F99290E4FA9291E473
:10059000FB9292E4FC9293E4FD9294E4FE9295E443
:1005A000FF9296E4009397E4019398E4029399E410
:1005B00003939AE404939BE405939CE406939DE4DF
:1005C00007939EE408939FE40993A0E40A9340E50F
:1005D0000B9341E50C9342E50D9343E50E9344E5FF
:1005E0000F9345E5109346E5119347E5129348E5CF
:1005F000139349E514934AE515934BE516934CE59F
:1006000017934DE518934EE519934FE51A9350E56E
:100610001B9351E51C9352E51D9353E51E9354E53E
:100620001F9355E5209356E5219357E5229358E50E
:10063000239359E524935AE525935BE526935CE5DE
:1006400027935DE528935EE529935FE52A9360E5AE
:100650002B9361E52C9362E52D9363E52E9364E57E
:100660002F9365E5309366E5319367E5329368E54E
:10067000339369E534936AE535936BE536936CE51E
:1006800037936DE538936EE539936FE53A9370E5EE
:100690003B9371E53C9372E53D9373E53E93C9F658
:1006A0003F9374E5409375E5419376E5429377E592
:1006B000439378E5449379E545937AE546937BE562
:1006C00047937CE548937DE549937EE54A9380E531
:1006D0004B9381E54C9382E54D9383E54E9384E5FE
:1006E0004F9385E5509386E5519387E5529388E5CE
:1006F000539389E554938AE555938BE556938CE59E
:1007000057938DE558938EE559938FE55A9390E56D
:100710005B9391E55C9392E55D9393E55E9394E53D
:100720005F9395E5609396E5619397E5629398E50D
:10073000639399E564939AE565939BE566939CE5DD
:1007400067939DE568939EE569939FE56A93CAF672
:100750006B93A0E56C9340E66D9341E66E9342E6A1
:100760006F9343E6709344E6719345E6729346E6D1
:10077000739347E6749348E6759349E676934AE6A1
:1007800077934BE678934CE679934DE67A934EE671
:100790007B934FE67C9350E67D9351E67E9352E641
:1007A0007F9353E6809354E6819355E6829356E611
:1007B000839357E6849358E6859359E686935AE6E1
:1007C00087935BE688935CE689935DE68A935EE6B1
:1007D0008B935FE68C9360E68D9361E68E9362E681
:1007E0008F93CCF6909363E6919364E6929365E6DB
:1007F000939366E6949367E6959368E6969369E625
:1008000097936AE698936BE699936CE69A936DE6F4
:100810009B936EE69C936FE69D9370E69E9371E6C4
:100820009F9372E6A09373E6A19374E6A29375E694
:10083000A39376E6A49377E6A59378E6A69379E664
:10084000A7937AE6A8937BE6A9937CE6AA937DE634
:10085000AB937EE6AC9380E6AD9381E6AE9382E601
:10086000AF9383E6B09384E6B19385E6B29386E6D0
:10087000B39387E6B49388E6B59389E6B6938AE6A0
:10088000B7938BE6B8938CE6B9938DE6BA938EE670
:10089000BB938FE6BC9390E6BD9391E6BE9392E640
:1008A000BF9393E6C09394E6C19395E6C29396E610
:1008B000C39397E6C49398E6C59399E6C6939AE6E0
:1008C000C7939BE6C8939CE6C9939DE6CA93CBF673
:1008D000CB939EE6CC939FE6CD93A0E6CE9340E7E4
:1008E000CF9341E7D09342E7D19343E7D29344E7D4
:1008F000D39345E7D49346E7D59347E7D693E9F7F3
:10090000D79348E7D89349E7D9934AE7DA934BE777
:10091000DB934CE7DC934DE7DD934EE7DE934FE747
:10092000DF9350E7E09351E7E19352E7E29353E717
:10093000E39354E7E49355E7E59356E7E69357E7E7
:10094000E79358E7E89359E7E9935AE7EA935BE7B7
:10095000EB935CE7EC935DE7ED935EE7EE935FE787
:10096000EF9360E7F09361E7F19362E7F29363E757
:10097000F39364E7F49365E7F59366E7F69367E727
:10098000F79368E7F89369E7F9936AE7FA936BE7F7
:10099000FB936CE7FC936DE7FD936EE7FE936FE7C7
:1009A000FF9370E7009471E7019472E7029473E794
:1009B000039474E7049475E7059476E7069477E763
:1009C000079478E7089479E709947AE70A947BE733
:1009D0000B947CE70C947DE70D947EE70E9480E702
:1009E0000F9481E7109482E7119483E7129484E7CF
:1009F000139485E7149486E7159487E7169488E79F
:100A0000179489E718948AE719948BE71A948CE76E
:100A10001B948DE71C948EE71D948FE71E9490E73E
:100A20001F9491E7209492E7219493E7229494E70E
:100A3000239495E7249496E7259497E7269498E7DE
:100A4000279499E728949AE729949BE72A949CE7AE
:100A50002B949DE72C949EE72D949FE72E94A0E77E
:100A60002F9440E8309441E8319442E8329443E8CE
:100A7000339444E8349445E8359446E8369447E89E
:100A8000379448E8389449E839944AE83A944BE86E
:100A90003B944CE83C944DE83D944EE83E94CDF6B2
:100AA0003F944FE8409450E8419451E8429452E812
:100AB000439453E8449454E8459455E8469456E8E2
:100AC000479457E8489458E8499459E84A945AE8B2
:100AD0004B945BE84C945CE84D945DE84E945EE882
:100AE0004F945FE8509460E8519461E8529462E852
:100AF000539463E8549464E8559465E8569466E822
:100B0000579467E8589468E8599469E85A946AE8F1
:100B10005B946BE85C946CE85D946DE85E946EE8C1
:100B20005F946FE8609470E8619471E8629472E891
:100B3000639473E8649474E8659475E8669476E861
:100B4000679477E8689478E8699479E86A947AE831
:100B50006B94CEF66C947BE86D947CE86E947DE8A3
:100B60006F947EE8709480E8719481E8729482E8D2
:100B7000739483E8749484E8759485E8769486E8A1
:100B8000779487E8789488E8799489E87A948AE871
:100B90007B948BE87C948CE87D948DE87E948EE841
:100BA0007F948FE8809490E8819491E8829492E811
:100BB000839493E8849494E88594C4EE8694C5EE77
:100BC0008794C6EE8894EBD58994A4B68A94C8EE2F
:100BD0008B94C7EE8C94C9EE8D94CAEE8E94A5C703
:100BE0008F94CBEE9094CCEE919495E89294B0B71C
:100BF0009394F6B59494CDEE9594CFEE969496E8B2
:100C00009794CEEE989497E89994C6B89A94D0EEBB
:100C10009B94D1EE9C94D2EE9D94DBB69E94AEB3A1
:100C20009F94D3D6A094C6C4A194B5B1A294D6B8CB
:100C3000A394D3EEA494D4EEA594BFD4A694D5C720
:100C4000A794FBBEA894D9CEA994B3B9AA94D6EE22
:100C5000AB94D5EEAC94D8EEAD94D7EEAE94A5C5DA
:100C6000AF94D9EEB094DAEEB194AEC7B294DBEEA5
:100C7000B394AFC7B494DCEEB594A7B2B694DDEEEE
:100C8000B794DEEEB894DFEEB994E0EEBA94E1EEFC
:100C9000BB94EAD7BC94E2EEBD94E3EEBE94D8BC1C
:100CA000BF94E4EEC094CBD3C194FACCC294ACB25E
:100CB000C394E5C1C494E5EEC594A6C7C694ADC37C
:100CC000C79498E8C894E6EEC994E7EECA94E8EEB3
:100CD000CB94E9EECC94EAEECD94EBEECE94ECEE30
:100CE000CF9499E8D094EDEED194EEEED294EFEE5D
:100CF000D3949AE8D4949BE8D594F0EED694F1EE90
:100D0000D794F2EED894F4EED994F3EEDA949CE80A
:100D1000DB94F5EEDC94ADCDDD94C1C2DE94F6EE4D
:100D2000DF94F7EEE094F8EEE194A1D5E294F9EEC9
:100D3000E394B3CFE494FAEEE594FBEEE6949DE8F9
:100D4000E794FCEEE894FDEEE994A1EFEA94FEEE60
:100D5000EB94A2EFEC94F5B8ED94FAC3EE94A3EF04
:100D6000EF94A4EFF094C2BDF194BFD2F294F9B223
:100D7000F394A5EFF494A6EFF594A7EFF694F8D2C8
:100D8000F794A8EFF894FDD6F994A9EFFA94CCC69D
:100D9000FB949EE8FC94AAEFFD94ABEFFE94B4C1E3
:100DA000FF94ACEF0095FACF0195F8CB0295AEEF2A
:100DB0000395ADEF0495FAB30595F8B90695AFEF35
:100DC0000795B0EF0895E2D00995B1EF0A95B2EF1B
:100DD0000B95E6B70C95BFD00D95B3EF0E95B4EF1C
:100DE0000F95B5EF1095F1C81195E0CC1295B6EFBF
:100DF0001395B7EF1495B8EF1595B9EF1695BAEFAF
:100E00001795E0D51895BBEF1995EDB41A95AAC3BF
:100E10001B95BCEF1C959FE81D95BDEF1E95BEEF81
:100E20001F95BFEF2095A0E82195FDCE2295C0EF3C
:100E30002395E0C22495B8B42595B6D72695F5BD7F
:100E4000279540E92895C7CF2995C3EF2A95C1EF8B
:100E50002B95C2EF2C95C4EF2D95A7B62E95FCBC13
:100E60002F95E2BE3095CCC33195C5EF3295C6EFD4
:100E7000339541E93495C7EF3595CFEF3695C8EFF7
:100E80003795C9EF3895CAEF3995C2C73A95F1EF52
:100E90003B95CDB63C95CBEF3D9542E93E95CCEFE9
:100EA0003F95CDEF4095C6B64195BEC34295CEEF76
:100EB000439543E94495D0EF4595D1EF4695D2EF60
:100EC0004795F2D5489544E94995D3EF4A95F7C43B
:100ED0004B9545E94C95D4EF4D95F8C44E95D5EF1B
:100EE0004F95D6EF5095E4B85195F7B05295D7EF9E
:100EF0005395D8EF5495D9EF559546E95695DAEFC5
:100F00005795DBEF5895DCEF5995DDEF5A9547E99A
:100F10005B95DEEF5C95B5BE5D95E1EF5E95DFEF2D
:100F20005F95E0EF609548E96195E2EF6295E3EF48
:100F30006395CDC16495E4EF6595E5EF6695E6EFC1
:100F40006795E7EF6895E8EF6995E9EF6A95EAEF4D
:100F50006B95EBEF6C95ECEF6D95D8C06E9549E90C
:100F60006F95EDEF7095ADC17195EEEF7295EFEF66
:100F70007395F0EF74954AE975954BE97695E2CF54
:100F800077954CE978954DE979954EE97A954FE951
:100F90007B9550E97C9551E97D9552E97E9553E921
:100FA0007F95A4B3809554E9819555E9829556E9DA
:100FB000839557E9849558E9859559E986955AE9C5
:100FC00087955BE988955CE989955DE98A955EE995
:100FD0008B955FE98C9560E98D9561E98E9562E965
:100FE0008F9563E9909564E9919565E9929566E935
:100FF000939567E9949568E9959569E996956AE905
:1010000097956BE998956CE999956DE99A956EE9D4
:101010009B956FE99C9570E99D9571E99E9572E9A4
:101020009F9573E9A09574E9A19575E9A29576E974
:10103000A39577E9A49578E9A59579E9A6957AE944
:10104000A7957BE9A8957CE9A9957DE9AA957EE914
:10105000AB9580E9AC9581E9AD9582E9AE9583E9E0
:10106000AF9584E9B09585E9B19586E9B29587E9B0
:10107000B39588E9B49589E9B5958AE9B6958BE980
:10108000B7958CE9B8958DE9B9958EE9BA958FE950
:10109000BB9590E9BC9591E9BD9592E9BE9593E920
:1010A000BF9594E9C09595E9C19596E9C29597E9F0
:1010B000C39598E9C49599E9C5959AE9C6959BE9C0
:1010C000C7959CE9C8959DE9C9959EE9CA959FE990
:1010D000CB95A0E9CC9540EACD9541EACE9542EA80
:1010E000CF9543EAD09544EAD19545EAD29546EAB0
:1010F000D39547EAD49548EAD59549EAD6954AEA80
:10110000D7954BEAD8954CEAD9954DEADA954EEA4F
:10111000DB954FEADC9550EADD9551EADE9552EA1F
:10112000DF9553EAE09554EAE19555EAE29556EAEF
:10113000E39557EAE49558EAE59559EAE6955AEABF
:10114000E7955BEAE895C5C3E995C5E3EA95C1C9AA
:10115000EB95C6E3EC955CEAED95D5B1EE95CACE7C
:10116000EF95B3B4F095F2C8F195C7E3F295D0CFFF
:10117000F395C8E3F495E4BCF595C9E3F695CAE3A5
:10118000F795C6C3F895A2D5F995D6C4FA95EBB9EB
:10119000FB95C5CEFC95CBE3FD95F6C3FE95CCE360
:1011A000FF955DEA0096A7B70196F3B80296D2BA0A
:1011B0000396CDE30496CEE30596C4D40696CFE31A
:1011C00007965EEA0896D0E30996CBD10A96D1E35A
:1011D0000B96D2E30C96D3E30D96D4E30E96D6D1BC
:1011E0000F96D5E31096FBB21196BBC01296D6E3CC
:1011F00013965FEA1496ABC01596D7E31696D8E31C
:101200001796D9E3189660EA1996DAE31A96DBE3A3
:101210001B9661EA1C96B7B81D96E2DA1E9662EA42
:101220001F96D3B6209663EA2196E4DA2296E3DA93
:10123000239664EA249665EA259666EA269667EA86
:10124000279668EA289669EA29966AEA2A96E6DAEB
:101250002B966BEA2C966CEA2D966DEA2E96EEC8CC
:101260002F966EEA30966FEA3196E5DA3296C0B77D
:101270003396F4D13496F5D23596F3D53696D7BD5C
:10128000379670EA389671EA399672EA3A9673EAB6
:101290003B96E8D73C96E8DA3D96E7DA3E9674EA64
:1012A0003F96A2B04096D3CD419675EA4296E9DAD0
:1012B000439676EA4496BDB84596CABC4696BDC2EA
:1012C0004796A4C24896C2B34996EADA4A9677EAA4
:1012D0004B96AAC24C96B0C44D96B5BD4E9678EAD0
:1012E0004F9679EA5096DECF51967AEA52967BEA8B
:1012F00053967CEA5496EBDA5596C2C956967DEA27
:1013000057967EEA589680EA599681EA5A9682EA7A
:101310005B96DDB15C9683EA5D9684EA5E9685EA2B
:101320005F96ECDA609686EA6196B8B66296BAD4B1
:10133000639687EA6496FDB3659688EA669689EABD
:101340006796EDDA6896C9D46996D5CF6A96E3C5F3
:101350006B968AEA6C96EEDA6D968BEA6E968CEA5C
:101360006F968DEA70968EEA71968FEA7296EFDA32
:10137000739690EA7496F0DA7596EAC17696D5CCB3
:101380007796DDCF789691EA799692EA7A9693EA03
:101390007B9694EA7C9695EA7D9696EA7E9697EA05
:1013A0007F9698EA809699EA81969AEA82969BEAD5
:1013B00083969CEA84969DEA8596E7D38696A1C299
:1013C00087969EEA8896F1DA89969FEA8A96A0EA3D
:1013D0008B96E5CB8C9640EB8D96F2DA8E9641EBB0
:1013E0008F96E6CB9096FED2919642EB929643EB87
:1013F000939644EB9496F4B8959645EB969646EB07
:101400009796F3DA9896AFB09996B6CF9A9647EB3F
:101410009B9648EB9C96CFD59D9649EB9E964AEBC2
:101420009F964BEBA0964CEBA1964DEBA2964EEB04
:10143000A3964FEBA49650EBA59651EBA69652EBD4
:10144000A796EDCBA89653EBA99654EBAA9655EB2D
:10145000AB9656EBAC9657EBAD9658EBAE9659EB78
:10146000AF965AEBB096F4DAB1965BEBB2965CEBC2
:10147000B396C4E3B4965DEBB5965EEBB696A5C1A4
:10148000B7965FEBB89660EBB996BFF6BA9661EB8C
:10149000BB9662EBBC96C0F6BD96C1F6BE96D1C4B3
:1014A000BF9663EBC096B8C8C196E3D1C29664EB11
:1014B000C39665EBC496DBD0C596C5D1C696AFBCC6
:1014C000C796CDB9C89666EBC996F4EFCA9667EB96
:1014D000CB9668EBCC96C6B4CD96BAD3CE96C2F670
:1014E000CF96FBB3D09669EBD1966AEBD296C3F652
:1014F000D3966BEBD4966CEBD596F1B5D6966DEB97
:10150000D7966EEBD8966FEBD99670EBDA9671EBB7
:10151000DB9672EBDC9673EBDD9674EBDE9675EB87
:10152000DF9676EBE096C5F6E19677EBE29678EB00
:10153000E39679EBE4967AEBE5967BEBE6967CEB2B
:10154000E7967DEBE896EAD3E996A7F6EA96A9D165
:10155000EB967EEBEC9680EBED9681EBEE9682EBD4
:10156000EF96A9F6F09683EBF19684EBF29685EB75
:10157000F396A8F6F49686EBF59687EBF696E3C11C
:10158000F796D7C0F89688EBF996A2B1FA9689EB50
:10159000FB968AEBFC968BEBFD968CEBFE96EDCEE4
:1015A000FF968DEB0097E8D00197ABF602978EEB94
:1015B00003978FEB0497F6CF059790EB0697AAF663
:1015C0000797F0D50897ACF60997B9C30A9791EB3E
:1015D0000B9792EB0C9793EB0D97F4BB0E97AEF62F
:1015E0000F97ADF6109794EB119795EB129796EB3A
:1015F0001397DEC4149797EB159798EB1697D8C1FD
:10160000179799EB18979AEB19979BEB1A979CEB06
:101610001B979DEB1C97AACB1D979EEB1E97BCCFEB
:101620001F979FEB2097A0EB219740EC229741EC6E
:10163000239742EC249743EC259744EC269745ECFE
:10164000279746EC289747EC299748EC2A97AFF65E
:101650002B9749EC2C974AEC2D97B0F62E974BEC34
:101660002F974CEC3097B1F631974DEC3297B6C2CC
:1016700033974EEC34974FEC359750EC369751EC4E
:10168000379752EC3897D4B03997F9C53A9753EC5D
:101690003B9754EC3C9755EC3D9756EC3E97B2F691
:1016A0003F9757EC409758EC419759EC42975AECCA
:1016B00043975BEC44975CEC45975DEC46975EEC9A
:1016C00047975FEC489760EC499761EC4A9762EC6A
:1016D0004B9763EC4C9764EC4D9765EC4E9766EC3A
:1016E0004F9767EC509768EC519769EC5297E0C7B9
:1016F0005397A6F654976AEC55976BEC5697B8BE7D
:1017000057976CEC58976DEC5997B2BE5A976EECA0
:101710005B97E5B55C976FEC5D9770EC5E97C7B72C
:101720005F9771EC6097BFBF6197D2C36297E6C3C2
:10173000639772EC649773EC6597CCD8669774ECFA
:10174000679775EC689776EC6997EFB86A9777ECCE
:101750006B9778EC6C9779EC6D977AEC6E977BECE5
:101760006F977CEC70977DEC71977EEC729780ECB4
:101770007397F9BD7497A5D1759781EC7697D0B022
:10178000779782EC789783EC799784EC7A9785EC5D
:101790007B9786EC7C97B0F77D9787EC7E9788ECFB
:1017A0007F9789EC80978AEC81978BEC82978CEC01
:1017B00083978DEC84978EEC8597B1F786978FECA5
:1017C000879790EC889791EC899792EC8A9793ECA5
:1017D0008B97ACD08C9794EC8D97B0B08E9795EC9E
:1017E0008F9796EC909797EC9197B2F79297B3F703
:1017F000939798EC9497B4F7959799EC96979AEC01
:1018000097979BEC9897CAC799979CEC9A979DECF1
:101810009B979EEC9C979FEC9D97A0EC9E9740ED2C
:101820009F9741EDA097CFBEA19742EDA29743EDC0
:10183000A397B7F7A49744EDA59745EDA69746ED76
:10184000A79747EDA89748EDA99749EDAA974AEDC4
:10185000AB97B6F7AC974BEDAD97DEB1AE974CEDCD
:10186000AF97B5F7B0974DEDB1974EEDB297B8F78A
:10187000B3974FEDB497B9F7B59750EDB69751EDD3
:10188000B79752EDB89753EDB99754EDBA9755ED18
:10189000BB9756EDBC9757EDBD9758EDBE9759EDE8
:1018A000BF975AEDC0975BEDC1975CEDC2975DEDB8
:1018B000C3975EEDC4975FEDC59760EDC69761ED88
:1018C000C79762EDC89763EDC99764EDCA9765ED58
:1018D000CB9766EDCC9767EDCD9768EDCE9769ED28
:1018E000CF976AEDD0976BEDD1976CEDD2976DEDF8
:1018F000D3976EEDD4976FEDD59770EDD69771EDC8
:10190000D79772EDD89773EDD99774EDDA9775ED97
:10191000DB9776EDDC9777EDDD9778EDDE9779ED67
:10192000DF977AEDE0977BEDE1977CEDE2977DED37
:10193000E3977EEDE49780EDE59781EDE697A4CE01
:10194000E797CDC8E89782EDE997ABBAEA97B8E890
:10195000EB97B9E8EC97BAE8ED97C2BEEE9783ED46
:10196000EF9784EDF09785EDF19786EDF29787ED8F
:10197000F397F4D2F49788EDF597CFD4F697D8C9BA
:10198000F79789EDF8978AEDF9978BEDFA978CED3B
:10199000FB978DEDFC978EEDFD978FEDFE9790ED0B
:1019A000FF9791ED009892ED019893ED029894EDD8
:1019B000039895ED049896ED059897ED069898EDA7
:1019C000079899ED08989AED09989BED0A989CED77
:1019D0000B989DED0C989EED0D989FED0E98A0ED47
:1019E0000F9840EE109841EE119842EE129843EE97
:1019F000139844EE149845EE159846EE169847EE67
:101A0000179848EE189849EE19984AEE1A984BEE36
:101A10001B984CEE1C984DEE1D984EEE1E984FEE06
:101A20001F9850EE209851EE219852EE229853EED6
:101A3000239854EE249855EE259856EE269857EEA6
:101A4000279858EE289859EE29985AEE2A985BEE76
:101A50002B985CEE2C985DEE2D985EEE2E985FEE46
:101A60002F9860EE309861EE319862EE329863EE16
:101A7000339864EE349865EE359866EE369867EEE6
:101A8000379868EE389869EE39986AEE3A986BEEB6
:101A90003B986CEE3C986DEE3D986EEE3E986FEE86
:101AA0003F9870EE409871EE419872EE429873EE56
:101AB000439874EE449875EE459876EE469877EE26
:101AC000479878EE489879EE49987AEE4A987BEEF6
:101AD0004B987CEE4C987DEE4D987EEE4E9880EEC5
:101AE0004F9881EE509882EE519883EE529884EE92
:101AF000539885EE549886EE559887EE569888EE62
:101B0000579889EE58988AEE59988BEE5A988CEE31
:101B10005B988DEE5C988EEE5D988FEE5E9890EE01
:101B20005F9891EE609892EE619893EE629894EED1
:101B3000639895EE649896EE659897EE669898EEA1
:101B4000679899EE68989AEE69989BEE6A989CEE71
:101B50006B989DEE6C989EEE6D989FEE6E98A0EE41
:101B60006F9840EF709841EF719842EF729843EF91
:101B7000739844EF749845EF7598B3D27698A5B6EC
:101B80007798EAC77898FCF17998EECF7A98B3CB3A
:101B90007B98EBD07C98EFE77D98E7CD7E98CBB92A
:101BA0007F98D9B68098FDF18198E4B08298CCCB2B
:101BB0008398FEF18498A4D48598ADC28698ECC130
:101BC0008798C4C68898B1BE8998A1F28A98D5BC76
:101BD0008B9846EF8C98A2F28D98A3F28E9847EFDF
:101BE0008F98A4F29098C3D29198B5C6929848EF76
:101BF0009398C7CD9498A5F2959849EF9698B1D34C
:101C00009798C5BF9898E2CC99984AEF9A98A6F20F
:101C10009B98A7F29C98D5D19D98EEB69E98A8F275
:101C20009F98A9F2A098DFB5A198AAF2A298ABF26A
:101C3000A3984BEFA498FCB2A598ACF2A698ADF28D
:101C4000A798A7C8A8984CEFA9984DEFAA984EEF6F
:101C5000AB984FEFAC9850EFAD9851EFAE9852EF74
:101C6000AF9853EFB09854EFB19855EFB29856EF44
:101C7000B39857EFB49858EFB59859EFB6985AEF14
:101C8000B7985BEFB8985CEFB9985DEFBA985EEFE4
:101C9000BB985FEFBC9860EFBD9861EFBE9862EFB4
:101CA000BF9863EFC09864EFC19865EFC29866EF84
:101CB000C39867EFC49868EFC59869EFC6986AEF54
:101CC000C7986BEFC8986CEFC9986DEFCA986EEF24
:101CD000CB986FEFCC9870EFCD9871EFCE98E7B7B7
:101CE000CF9872EFD09873EFD198A9ECD298AAEC64
:101CF000D398ABECD49874EFD598ACECD69875EF3C
:101D0000D79876EFD898AEC6D998ADECDA98AEEC05
:101D1000DB9877EFDC9878EFDD9879EFDE98C9B73C
:101D2000DF98B3CAE0987AEFE1987BEFE2987CEF16
:101D3000E3987DEFE4987EEFE59880EFE69881EFF9
:101D4000E798B8E2E898CFF7E99882EFEA9883EF4E
:101D5000EB9884EFEC9885EFED9886EFEE9887EF9F
:101D6000EF9888EFF09889EFF1988AEFF2988BEF6F
:101D7000F3988CEFF4988DEFF5988EEFF6988FEF3F
:101D8000F79890EFF89891EFF99892EFFA9893EF0F
:101D9000FB9894EFFC9895EFFD9896EFFE9897EFDF
:101DA000FF9898EF009999EF01999AEF02999BEFAC
:101DB00003999CEF04999DEF05999EEF06999FEF7B
:101DC0000799A0EF089940F0099941F00A9942F06B
:101DD0000B9943F00C9944F00D99D0F70E9945F00A
:101DE0000F9946F01099CDB2119947F0129948F029
:101DF000139949F014994AF015994BF016994CF043
:101E000017994DF018994EF019994FF01A9950F012
:101E10001B9951F01C9952F01D9953F01E9954F0E2
:101E20001F9955F0209956F0219957F0229958F0B2
:101E3000239959F024995AF025995BF026995CF082
:101E400027995DF028995EF029995FF02A9960F052
:101E50002B9961F02C9962F02D9963F02E99D1F7AE
:101E60002F9964F0309965F0319966F0329967F0F6
:101E7000339968F0349969F035996AF036996BF0C6
:101E800037996CF038996DF039996EF03A996FF096
:101E90003B9970F03C9971F03D9972F03E9973F066
:101EA0003F9974F0409975F0419976F0429977F036
:101EB000439978F0449979F045997AF046997BF006
:101EC00047997CF048997DF049997EF04A9980F0D5
:101ED0004B9981F04C9982F04D9983F04E9984F0A2
:101EE0004F9985F0509986F0519987F0529988F072
:101EF000539989F05499D3F75599D2F756998AF0A6
:101F000057998BF058998CF059998DF05A998EF019
:101F10005B998FF05C9990F05D9991F05E9992F0E9
:101F20005F9993F0609994F0619995F0629996F0B9
:101F30006399BBE2649997F06599A2BC669998F0A1
:101F40006799BCE26899BDE26999BEE26A99BFE20D
:101F50006B99C0E26C99C1E26D99B9B76E99FBD2E9
:101F60006F99A4BD7099CECA7199A5B17299C7CB6A
:101F7000739999F07499C2E27599FCB67699C4C8C0
:101F80007799C3E278999AF079999BF07A99C8BDCC
:101F90007B999CF07C99FDB17D99C4E27E999DF07E
:101FA0007F99F6B68099C5E28199D9C482999EF04D
:101FB00083999FF08499C6E28599DACF8699DDB935
:101FC0008799C7E28899A1C08999A0F08A99C8E247
:101FD0008B99F6B28C9940F18D99C9E28E9941F1B5
:101FE0008F99F3C19099CAE29199CBE29299F8C284
:101FF0009399CCE29499CDE29599CEE29699D7CA7D
:102000009799B8D89899E5D99999E3CF9A9942F1D7
:102010009B9943F19C9944F19D9945F19E9946F114
:102020009F9947F1A09948F1A19949F1A2994AF1E4
:10203000A3994BF1A4994CF1A599A5F0A6994DF15E
:10204000A7994EF1A899B0DCA9994FF1AA9950F13E
:10205000AB9951F1AC9952F1AD9953F1AE9954F15C
:10206000AF9955F1B09956F1B19957F1B29958F12C
:10207000B39959F1B4995AF1B5995BF1B6995CF1FC
:10208000B7995DF1B8995EF1B9995FF1BA9960F1CC
:10209000BB9961F1BC9962F1BD9963F1BE9964F19C
:1020A000BF9965F1C09966F1C19967F1C29968F16C
:1020B000C39969F1C4996AF1C5996BF1C6996CF13C
:1020C000C7996DF1C8996EF1C9996FF1CA9970F10C
:1020D000CB9971F1CC9972F1CD9973F1CE9974F1DC
:1020E000CF9975F1D09976F1D19977F1D29978F1AC
:1020F000D39979F1D4997AF1D5997BF1D6997CF17C
:10210000D7997DF1D8997EF1D99980F1DA9981F149
:10211000DB9982F1DC9983F1DD9984F1DE9985F117
:10212000DF9986F1E09987F1E19988F1E29989F1E7
:10213000E3998AF1E4998BF1E5998CF1E6998DF1B7
:10214000E7998EF1E8998FF1E99990F1EA9991F187
:10215000EB9992F1EC9993F1ED9994F1EE9995F157
:10216000EF9996F1F09997F1F19998F1F29999F127
:10217000F3999AF1F4999BF1F5999CF1F6999DF1F7
:10218000F7999EF1F8999FF1F999A0F1FA9940F227
:10219000FB9941F2FC9942F2FD9943F2FE9944F217
:1021A000FF9945F2009A46F2019A47F2029A48F2E4
:1021B000039A49F2049A4AF2059A4BF2069A4CF2B3
:1021C000079A4DF2089A4EF2099A4FF20A9A50F283
:1021D0000B9A51F20C9A52F20D9A53F20E9A54F253
:1021E0000F9A55F2109A56F2119A57F2129A58F223
:1021F000139A59F2149A5AF2159A5BF2169A5CF2F3
:10220000179A5DF2189A5EF2199A5FF21A9A60F2C2
:102210001B9A61F21C9A62F21D9A63F21E9A64F292
:102220001F9A65F2209A66F2219A67F2229A68F262
:10223000239A69F2249A6AF2259A6BF2269A6CF232
:10224000279A6DF2289A6EF2299A6FF22A9A70F202
:102250002B9A71F22C9A72F22D9A73F22E9A74F2D2
:102260002F9A75F2309A76F2319A77F2329A78F2A2
:10227000339A79F2349A7AF2359A7BF2369A7CF272
:10228000379A7DF2389A7EF2399A80F23A9A81F240
:102290003B9A82F23C9A83F23D9A84F23E9A85F20E
:1022A0003F9A86F2409A87F2419A88F2429A89F2DE
:1022B000439A8AF2449A8BF2459A8CF2469A8DF2AE
:1022C000479A8EF2489A8FF2499A90F24A9A91F27E
:1022D0004B9A92F24C9A93F24D9A94F24E9A95F24E
:1022E0004F9A96F2509A97F2519A98F2529A99F21E
:1022F000539A9AF2549A9BF2559A9CF2569A9DF2EE
:10230000579A9EF2589A9FF2599AA0F25A9A40F31D
:102310005B9A41F35C9A42F35D9A43F35E9A44F30D
:102320005F9A45F3609A46F3619A47F3629A48F3DD
:10233000639A49F3649A4AF3659A4BF3669A4CF3AD
:10234000679A4DF3689A4EF3699A4FF36A9A50F37D
:102350006B9A51F36C9AEDC26D9AA6D46E9AD4CD55
:102360006F9AB1D1709ADBB3719AFDC7729A52F32A
:10237000739AB5B2749ABFC2759AE0E6769ABBCAF0
:10238000779AE1E6789AE2E6799AD4BE7A9AE3E619
:102390007B9AA4D77C9AD5CD7D9AE5E67E9ADDBC62
:1023A0007F9AE4E6809AE6E6819AE7E6829AEEC2B0
:1023B000839A53F3849ABEBD859AE8E6869AE6C26C
:1023C000879AA7BA889AE9E6899A54F38A9AEAE63C
:1023D0008B9AD2B38C9AE9D18D9A55F38E9A56F393
:1023E0008F9AA5BF909AEBE6919AEFC6929AECE687
:1023F000939AEDE6949A57F3959A58F3969AEEE6E7
:10240000979AADC6989AEFE6999A59F39A9AA7C9FE
:102410009B9AF0E69C9AF1E69D9AF2E69E9AB9E5BF
:102420009F9AF3E6A09AF4E6A19AE2C2A29AF5E690
:10243000A39AF6E6A49AE8D6A59AF7E6A69A5AF3DE
:10244000A79AF8E6A89AC7B9A99A5BF3AA9A5CF387
:10245000AB9A5DF3AC9A5EF3AD9A5FF3AE9A60F31C
:10246000AF9A61F3B09ABBF7B19ABAF7B29A62F336
:10247000B39A63F3B49A64F3B59A65F3B69ABEF768
:10248000B79ABCF7B89AA1BAB99A66F3BA9ABFF7E5
:10249000BB9A67F3BC9AC0F7BD9A68F3BE9A69F31A
:1024A000BF9A6AF3C09AC2F7C19AC1F7C29AC4F739
:1024B000C39A6BF3C49A6CF3C59AC3F7C69A6DF3CB
:1024C000C79A6EF3C89A6FF3C99A70F3CA9A71F3F8
:1024D000CB9AC5F7CC9AC6F7CD9A72F3CE9A73F31E
:1024E000CF9A74F3D09A75F3D19AC7F7D29A76F34C
:1024F000D39AE8CBD49A77F3D59A78F3D69A79F32E
:10250000D79A7AF3D89ADFB8D99A7BF3DA9A7CF320
:10251000DB9A7DF3DC9A7EF3DD9A80F3DE9A81F319
:10252000DF9AD4F7E09A82F3E19AD5F7E29A83F33F
:10253000E39A84F3E49A85F3E59A86F3E69AD6F76C
:10254000E79A87F3E89A88F3E99A89F3EA9A8AF393
:10255000EB9AD8F7EC9A8BF3ED9ADAF7EE9A8CF3C4
:10256000EF9AD7F7F09A8DF3F19A8EF3F29A8FF3F0
:10257000F39A90F3F49A91F3F59A92F3F69A93F30F
:10258000F79A94F3F89A95F3F99ADBF7FA9A96F397
:10259000FB9AD9F7FC9A97F3FD9A98F3FE9A99F370
:1025A000FF9A9AF3009B9BF3019B9CF3029B9DF384
:1025B000039BD7D7049B9EF3059B9FF3069BA0F339
:1025C000079B40F4089BDCF7099B41F40A9B42F40B
:1025D0000B9B43F40C9B44F40D9B45F40E9B46F47B
:1025E0000F9BDDF7109B47F4119B48F4129B49F4B5
:1025F000139BDEF7149B4AF4159B4BF4169B4CF48B
:10260000179B4DF4189B4EF4199B4FF41A9B50F4F2
:102610001B9B51F41C9B52F41D9B53F41E9B54F4C2
:102620001F9BDFF7209B55F4219B56F4229B57F408
:10263000239BE0F7249B58F4259B59F4269B5AF4DE
:10264000279B5BF4289B5CF4299B5DF42A9B5EF43A
:102650002B9B5FF42C9B60F42D9B61F42E9B62F40A
:102660002F9BCBDB309B63F4319B64F4329BAAD865
:10267000339B65F4349B66F4359B67F4369B68F4B2
:10268000379B69F4389B6AF4399B6BF43A9B6CF482
:102690003B9BF7E53C9BEDB93D9B6DF43E9B6EF497
:1026A0003F9B6FF4409B70F4419BFDBF429BEABB94
:1026B000439BC9F7449BC7C6459BC8F7469B71F42B
:1026C000479BCAF7489BCCF7499BCBF74A9B72F4D0
:1026D0004B9B73F44C9B74F44D9BCDF74E9B75F460
:1026E0004F9BBACE509B76F4519BCEF7529B77F41A
:1026F000539B78F4549BA7C4559B79F4569B7AF46A
:10270000579B7BF4589B7CF4599B7DF45A9B7EF439
:102710005B9B80F45C9B81F45D9B82F45E9B83F405
:102720005F9B84F4609B85F4619B86F4629B87F4D5
:10273000639B88F4649B89F4659B8AF4669B8BF4A5
:10274000679B8CF4689B8DF4699B8EF46A9B8FF475
:102750006B9B90F46C9B91F46D9B92F46E9B93F445
:102760006F9B94F4709B95F4719B96F4729B97F415
:10277000739B98F4749B99F4759B9AF4769B9BF4E5
:10278000779B9CF4789B9DF4799B9EF47A9B9FF4B5
:102790007B9BA0F47C9B40F57D9B41F57E9B42F5A5
:1027A0007F9B43F5809B44F5819B45F5829B46F5D5
:1027B000839B47F5849B48F5859B49F5869B4AF5A5
:1027C000879B4BF5889B4CF5899B4DF58A9B4EF575
:1027D0008B9B4FF58C9B50F58D9B51F58E9B52F545
:1027E0008F9B53F5909B54F5919B55F5929B56F515
:1027F000939B57F5949B58F5959B59F5969B5AF5E5
:10280000979B5BF5989B5CF5999B5DF59A9B5EF5B4
:102810009B9B5FF59C9B60F59D9B61F59E9B62F584
:102820009F9B63F5A09B64F5A19B65F5A29B66F554
:10283000A39B67F5A49B68F5A59B69F5A69B6AF524
:10284000A79B6BF5A89B6CF5A99B6DF5AA9B6EF5F4
:10285000AB9B6FF5AC9B70F5AD9B71F5AE9B72F5C4
:10286000AF9B73F5B09B74F5B19B75F5B29B76F594
:10287000B39B77F5B49B78F5B59B79F5B69B7AF564
:10288000B79B7BF5B89B7CF5B99B7DF5BA9B7EF534
:10289000BB9B80F5BC9B81F5BD9B82F5BE9B83F500
:1028A000BF9B84F5C09B85F5C19B86F5C29B87F5D0
:1028B000C39B88F5C49B89F5C59B8AF5C69B8BF5A0
:1028C000C79B8CF5C89B8DF5C99B8EF5CA9B8FF570
:1028D000CB9B90F5CC9B91F5CD9B92F5CE9B93F540
:1028E000CF9B94F5D09B95F5D19B96F5D29B97F510
:1028F000D39B98F5D49B99F5D59B9AF5D69B9BF5E0
:10290000D79B9CF5D89B9DF5D99B9EF5DA9B9FF5AF
:10291000DB9BA0F5DC9B40F6DD9B41F6DE9B42F69F
:10292000DF9B43F6E09B44F6E19B45F6E29B46F6CF
:10293000E39B47F6E49B48F6E59B49F6E69B4AF69F
:10294000E79B4BF6E89B4CF6E99B4DF6EA9B4EF66F
:10295000EB9B4FF6EC9B50F6ED9B51F6EE9B52F63F
:10296000EF9B53F6F09B54F6F19B55F6F29B56F60F
:10297000F39B57F6F49B58F6F59B59F6F69B5AF6DF
:10298000F79B5BF6F89B5CF6F99B5DF6FA9B5EF6AF
:10299000FB9B5FF6FC9B60F6FD9B61F6FE9B62F67F
:1029A000FF9B63F6009C64F6019C65F6029C66F64C
:1029B000039C67F6049C68F6059C69F6069C6AF61B
:1029C000079C6BF6089C6CF6099C6DF60A9C6EF6EB
:1029D0000B9C6FF60C9C70F60D9C71F60E9C72F6BB
:1029E0000F9C73F6109C74F6119C75F6129C76F68B
:1029F000139C77F6149C78F6159C79F6169C7AF65B
:102A0000179C7BF6189C7CF6199C7DF61A9C7EF62A
:102A10001B9C80F61C9C81F61D9C82F61E9C83F6F6
:102A20001F9C84F6209C85F6219C86F6229C87F6C6
:102A3000239C88F6249C89F6259C8AF6269C8BF696
:102A4000279C8CF6289C8DF6299C8EF62A9C8FF666
:102A50002B9C90F62C9C91F62D9C92F62E9C93F636
:102A60002F9C94F6309C95F6319C96F6329C97F606
:102A7000339C98F6349C99F6359C9AF6369C9BF6D6
:102A8000379C9CF6389C9DF6399C9EF63A9C9FF6A6
:102A90003B9CA0F63C9C40F73D9C41F73E9C42F796
:102AA0003F9C43F7409C44F7419C45F7429C46F7C6
:102AB000439C47F7449C48F7459C49F7469C4AF796
:102AC000479C4BF7489C4CF7499C4DF74A9C4EF766
:102AD0004B9C4FF74C9C50F74D9C51F74E9C52F736
:102AE0004F9C53F7509C54F7519C55F7529C56F706
:102AF000539C57F7549C58F7559C59F7569C5AF7D6
:102B0000579C5BF7589C5CF7599C5DF75A9C5EF7A5
:102B10005B9C5FF75C9C60F75D9C61F75E9C62F775
:102B20005F9C63F7609C64F7619C65F7629C66F745
:102B3000639C67F7649C68F7659C69F7669C6AF715
:102B4000679C6BF7689C6CF7699C6DF76A9C6EF7E5
:102B50006B9C6FF76C9C70F76D9C71F76E9C72F7B5
:102B60006F9C73F7709C74F7719C75F7729C76F785
:102B7000739C77F7749C78F7759C79F7769C7AF755
:102B8000779C7BF7789C7CF7799C7DF77A9C7EF725
:102B90007B9C80F77C9CE3D37D9C81F77E9C82F7B5
:102BA0007F9CCFF6809C83F7819CB3C2829CD0F639
:102BB000839C84F7849C85F7859CD1F6869CD2F60D
:102BC000879CD3F6889CD4F6899C86F78A9C87F7E5
:102BD0008B9CD6F68C9C88F78D9CABB18E9CD7F6DF
:102BE0008F9C89F7909CD8F6919CD9F6929CDAF646
:102BF000939C8AF7949CDBF6959CDCF6969C8BF76D
:102C0000979C8CF7989C8DF7999C8EF79A9CDDF693
:102C10009B9CDEF69C9CCACF9D9C8FF79E9CDFF60A
:102C20009F9CE0F6A09CE1F6A19CE2F6A29CE3F654
:102C3000A39CE4F6A49CF0C0A59CE5F6A69CE6F651
:102C4000A79CE7F6A89CE8F6A99CE9F6AA9C90F751
:102C5000AB9CEAF6AC9C91F7AD9CEBF6AE9CECF627
:102C6000AF9C92F7B09CEDF6B19CEEF6B29CEFF6FD
:102C7000B39CF0F6B49CF1F6B59CF2F6B69CF3F674
:102C8000B79CF4F6B89CA8BEB99C93F7BA9CF5F62D
:102C9000BB9CF6F6BC9CF7F6BD9CF8F6BE9C94F780
:102CA000BF9C95F7C09C96F7C19C97F7C29C98F77C
:102CB000C39CFAC8C49CF9F6C59CFAF6C69CFBF600
:102CC000C79CFCF6C89C99F7C99C9AF7CA9CFDF66C
:102CD000CB9CFEF6CC9CA1F7CD9CA2F7CE9CA3F793
:102CE000CF9CA4F7D09CA5F7D19C9BF7D29C9CF7D6
:102CF000D39CA6F7D49CA7F7D59CA8F7D69CEEB199
:102D0000D79CA9F7D89CAAF7D99CABF7DA9C9DF77A
:102D1000DB9C9EF7DC9CACF7DD9CADF7DE9CDBC159
:102D2000DF9CAEF7E09C9FF7E19CA0F7E29CAFF739
:102D3000E39C40F8E49C41F8E59C42F8E69C43F8AB
:102D4000E79C44F8E89C45F8E99C46F8EA9C47F87B
:102D5000EB9C48F8EC9C49F8ED9C4AF8EE9C4BF84B
:102D6000EF9C4CF8F09C4DF8F19C4EF8F29C4FF81B
:102D7000F39C50F8F49C51F8F59C52F8F69C53F8EB
:102D8000F79C54F8F89C55F8F99C56F8FA9C57F8BB
:102D9000FB9C58F8FC9C59F8FD9C5AF8FE9C5BF88B
:102DA000FF9C5CF8009D5DF8019D5EF8029D5FF858
:102DB000039D60F8049D61F8059D62F8069D63F827
:102DC000079D64F8089D65F8099D66F80A9D67F8F7
:102DD0000B9D68F80C9D69F80D9D6AF80E9D6BF8C7
:102DE0000F9D6CF8109D6DF8119D6EF8129D6FF897
:102DF000139D70F8149D71F8159D72F8169D73F867
:102E0000179D74F8189D75F8199D76F81A9D77F836
:102E10001B9D78F81C9D79F81D9D7AF81E9D7BF806
:102E20001F9D7CF8209D7DF8219D7EF8229D80F8D5
:102E3000239D81F8249D82F8259D83F8269D84F8A2
:102E4000279D85F8289D86F8299D87F82A9D88F872
:102E50002B9D89F82C9D8AF82D9D8BF82E9D8CF842
:102E60002F9D8DF8309D8EF8319D8FF8329D90F812
:102E7000339D91F8349D92F8359D93F8369D94F8E2
:102E8000379D95F8389D96F8399D97F83A9D98F8B2
:102E90003B9D99F83C9D9AF83D9D9BF83E9D9CF882
:102EA0003F9D9DF8409D9EF8419D9FF8429DA0F852
:102EB000439D40F9449D41F9459D42F9469D43F9A2
:102EC000479D44F9489D45F9499D46F94A9D47F972
:102ED0004B9D48F94C9D49F94D9D4AF94E9D4BF942
:102EE0004F9D4CF9509D4DF9519D4EF9529D4FF912
:102EF000539D50F9549D51F9559D52F9569D53F9E2
:102F0000579D54F9589D55F9599D56F95A9D57F9B1
:102F10005B9D58F95C9D59F95D9D5AF95E9D5BF981
:102F20005F9D5CF9609D5DF9619D5EF9629D5FF951
:102F3000639D60F9649D61F9659D62F9669D63F921
:102F4000679D64F9689D65F9699D66F96A9D67F9F1
:102F50006B9D68F96C9D69F96D9D6AF96E9D6BF9C1
:102F60006F9D6CF9709D6DF9719D6EF9729D6FF991
:102F7000739D70F9749D71F9759D72F9769D73F961
:102F8000779D74F9789D75F9799D76F97A9D77F931
:102F90007B9D78F97C9D79F97D9D7AF97E9D7BF901
:102FA0007F9D7CF9809D7DF9819D7EF9829D80F9D0
:102FB000839D81F9849D82F9859D83F9869D84F99D
:102FC000879D85F9889D86F9899D87F98A9D88F96D
:102FD0008B9D89F98C9D8AF98D9D8BF98E9D8CF93D
:102FE0008F9D8DF9909D8EF9919D8FF9929D90F90D
:102FF000939D91F9949D92F9959D93F9969D94F9DD
:10300000979D95F9989D96F9999D97F99A9D98F9AC
:103010009B9D99F99C9D9AF99D9D9BF99E9D9CF97C
:103020009F9D9DF9A09D9EF9A19D9FF9A29DA0F94C
:10303000A39D40FAA49D41FAA59D42FAA69D43FA9C
:10304000A79D44FAA89D45FAA99D46FAAA9D47FA6C
:10305000AB9D48FAAC9D49FAAD9D4AFAAE9D4BFA3C
:10306000AF9D4CFAB09D4DFAB19D4EFAB29D4FFA0C
:10307000B39D50FAB49D51FAB59D52FAB69D53FADC
:10308000B79D54FAB89D55FAB99D56FABA9D57FAAC
:10309000BB9D58FABC9D59FABD9D5AFABE9D5BFA7C
:1030A000BF9D5CFAC09D5DFAC19D5EFAC29D5FFA4C
:1030B000C39D60FAC49D61FAC59D62FAC69D63FA1C
:1030C000C79D64FAC89D65FAC99D66FACA9D67FAEC
:1030D000CB9D68FACC9D69FACD9D6AFACE9D6BFABC
:1030E000CF9D6CFAD09D6DFAD19D6EFAD29D6FFA8C
:1030F000D39D70FAD49D71FAD59D72FAD69D73FA5C
:10310000D79D74FAD89D75FAD99D76FADA9D77FA2B
:10311000DB9D78FADC9D79FADD9D7AFADE9D7BFAFB
:10312000DF9D7CFAE09D7DFAE19D7EFAE29D80FACA
:10313000E39D81FAE49D82FAE59D83FAE69D84FA97
:10314000E79D85FAE89D86FAE99D87FAEA9D88FA67
:10315000EB9D89FAEC9D8AFAED9D8BFAEE9D8CFA37
:10316000EF9D8DFAF09D8EFAF19D8FFAF29D90FA07
:10317000F39D91FAF49D92FAF59D93FAF69D94FAD7
:10318000F79D95FAF89D96FAF99D97FAFA9D98FAA7
:10319000FB9D99FAFC9D9AFAFD9D9BFAFE9D9CFA77
:1031A000FF9D9DFA009E9EFA019E9FFA029EA0FA44
:1031B000039E40FB049E41FB059E42FB069E43FB93
:1031C000079E44FB089E45FB099E46FB0A9E47FB63
:1031D0000B9E48FB0C9E49FB0D9E4AFB0E9E4BFB33
:1031E0000F9E4CFB109E4DFB119E4EFB129E4FFB03
:1031F000139E50FB149E51FB159E52FB169E53FBD3
:10320000179E54FB189E55FB199E56FB1A9E57FBA2
:103210001B9E58FB1C9E59FB1D9E5AFB1E9E5BFB72
:103220001F9EF1C4209EAFF0219EA6BC229EB0F04E
:10323000239EF9C3249E5CFB259EB8C5269EBBD168
:10324000279E5DFB289EB1F0299EB2F02A9EB3F026
:103250002B9EB4F02C9EB5F02D9EBCD12E9E5EFB15
:103260002F9EECD1309E5FFB319EB7F0329EB6F0C0
:10327000339EA7D4349E60FB359ED2CD369EB8F0E7
:10328000379EBAF0389EB9F0399EBBF03A9EBCF03A
:103290003B9E61FB3C9E62FB3D9EEBB83E9EBDF0BB
:1032A0003F9EE8BA409E63FB419EBEF0429EBFF047
:1032B000439EE9BE449EC0F0459EECB6469EC1F0DA
:1032C000479EC2F0489EC3F0499EC4F04A9EB5C8CE
:1032D0004B9EC5F04C9EC6F04D9E64FB4E9EC7F0C3
:1032E0004F9EF4C5509E65FB519EC8F0529E66FBF2
:1032F000539E67FB549E68FB559EC9F0569E69FB22
:10330000579ECAF0589EBDF7599E6AFB5A9ECBF055
:103310005B9ECCF05C9ECDF05D9E6BFB5E9ECEF026
:103320005F9E6CFB609E6DFB619E6EFB629E6FFB01
:10333000639ECFF0649ED7BA659E70FB669ED0F008
:10334000679ED1F0689ED2F0699ED3F06A9ED4F059
:103350006B9ED5F06C9ED6F06D9ED8F06E9E71FB84
:103360006F9E72FB709EA5D3719ED7F0729E73FB09
:10337000739ED9F0749E74FB759E75FB769E76FBEA
:10338000779E77FB789E78FB799E79FB7A9E7AFB15
:103390007B9E7BFB7C9E7CFB7D9E7DFB7E9EBAF5AF
:1033A0007F9EB9C2809E7EFB819E80FB829EE4F759
:1033B000839E81FB849E82FB859E83FB869E84FB8D
:1033C000879EE5F7889EE6F7899E85FB8A9E86FBA9
:1033D0008B9EE7F78C9E87FB8D9E88FB8E9E89FBDC
:1033E0008F9E8AFB909E8BFB919E8CFB929EE8F7B2
:1033F000939EB4C2949E8DFB959E8EFB969E8FFBF2
:10340000979E90FB989E91FB999E92FB9A9E93FBB0
:103410009B9E94FB9C9E95FB9D9EEAF79E9E96FB31
:103420009F9EEBF7A09E97FBA19E98FBA29E99FB07
:10343000A39E9AFBA49E9BFBA59E9CFBA69EF3C20B
:10344000A79E9DFBA89E9EFBA99E9FFBAA9EA0FBFC
:10345000AB9E40FCAC9E41FCAD9E42FCAE9E43FC4C
:10346000AF9E44FCB09E45FCB19E46FCB29E47FC1C
:10347000B39E48FCB49EF0F4B59E49FCB69E4AFC4F
:10348000B79E4BFCB89EEFF4B99E4CFCBA9E4DFC27
:10349000BB9EE9C2BC9E4EFCBD9EE1F7BE9EE2F71C
:1034A000BF9E4FFCC09E50FCC19E51FCC29E52FC70
:1034B000C39E53FCC49EC6BBC59E54FCC69E55FC11
:1034C000C79E56FCC89E57FCC99EE4D9CA9E58FCAC
:1034D000CB9E59FCCC9E5AFCCD9EF2CACE9EE8C033
:1034E000CF9EA4F0D09E5BFCD19EDABAD29E5CFC4B
:1034F000D39E5DFCD49EADC7D59E5EFCD69E5FFC80
:10350000D79E60FCD89EACC4D99E61FCDA9E62FC5A
:10351000DB9EECF7DC9EEDF7DD9EEEF7DE9E63FCB6
:10352000DF9EF0F7E09EEFF7E19E64FCE29EF1F78C
:10353000E39E65FCE49E66FCE59EF4F7E69E67FC70
:10354000E79EF3F7E89E68FCE99EF2F7EA9EF5F73E
:10355000EB9E69FCEC9E6AFCED9E6BFCEE9E6CFCA7
:10356000EF9EF6F7F09E6DFCF19E6EFCF29E6FFCF6
:10357000F39E70FCF49E71FCF59E72FCF69E73FC4B
:10358000F79E74FCF89E75FCF99EE9EDFA9E76FCB8
:10359000FB9EEAEDFC9EEBEDFD9E77FCFE9EBCF6ED
:1035A000FF9E78FC009F79FC019F7AFC029F7BFCC8
:1035B000039F7CFC049F7DFC059F7EFC069F80FC96
:1035C000079F81FC089F82FC099F83FC0A9F84FC63
:1035D0000B9FBDF60C9F85FC0D9FBEF60E9FA6B6F9
:1035E0000F9F86FC109FBED8119F87FC129F88FCFE
:1035F000139FC4B9149F89FC159F8AFC169F8BFCEE
:10360000179FBBD8189F8CFC199FB1DC1A9F8DFCAB
:103610001B9F8EFC1C9F8FFC1D9F90FC1E9F91FC8E
:103620001F9F92FC209FF3CA219F93FC229FF7F7D4
:10363000239F94FC249F95FC259F96FC269F97FC36
:10364000279F98FC289F99FC299F9AFC2A9F9BFC06
:103650002B9F9CFC2C9FF8F72D9F9DFC2E9F9EFC82
:103660002F9FF9F7309F9FFC319FA0FC329F40FDB8
:10367000339F41FD349F42FD359F43FD369F44FDFE
:10368000379FFBF7389F45FD399FFAF73A9F46FD74
:103690003B9FC7B13C9F47FD3D9FFCF73E9FFDF719
:1036A0003F9F48FD409F49FD419F4AFD429F4BFD82
:1036B000439F4CFD449FFEF7459F4DFD469F4EFDA9
:1036C000479F4FFD489F50FD499F51FD4A9F52FD26
:1036D0004B9F53FD4C9F54FD4D9F55FD4E9F56FDF6
:1036E0004F9F57FD509FEBC6519FB4EC529F58FD22
:1036F000539F59FD549F5AFD559F5BFD569F5CFD9E
:10370000579F5DFD589F5EFD599F5FFD5A9F60FD6D
:103710005B9F61FD5C9F62FD5D9F63FD5E9F64FD3D
:103720005F9F65FD609F66FD619F67FD629F68FD0D
:10373000639F69FD649F6AFD659F6BFD669F6CFDDD
:10374000679F6DFD689F6EFD699F6FFD6A9F70FDAD
:103750006B9F71FD6C9F72FD6D9F73FD6E9F74FD7D
:103760006F9F75FD709F76FD719F77FD729F78FD4D
:10377000739F79FD749F7AFD759F7BFD769F7CFD1D
:10378000779F7DFD789F7EFD799F80FD7A9F81FDEB
:103790007B9F82FD7C9F83FD7D9F84FD7E9F85FDB9
:1037A0007F9FDDB3809FB3F6819F86FD829F87FD5B
:1037B000839FB4F6849FE4C1859FB5F6869FB6F6D5
:1037C000879FB7F6889FB8F6899FB9F68A9FBAF6A1
:1037D0008B9FA3C88C9FBBF68D9F88FD8E9F89FD14
:1037E0008F9F8AFD909F8BFD919F8CFD929F8DFDF9
:1037F000939F8EFD949F8FFD959F90FD969F91FDC9
:10380000979F92FD989F93FD999FFAC19A9FA8B99F
:103810009B9FE8ED9C9F94FD9D9F95FD9E9F96FD2F
:103820009F9FEAB9A09FDFD9A19F97FDA29F98FD16
:10383000A39F99FDA49F9AFDA59F9BFD2CF99CFD3C
:1038400079F99DFD95F99EFDE7F99FFDF1F9A0FD40
:103850000CFA40FE0DFA41FE0EFA42FE0FFA43FE4C
:1038600011FA44FE13FA45FE14FA46FE18FA47FE12
:103870001FFA48FE20FA49FE21FA4AFE23FA4BFEBF
:1038800024FA4CFE27FA4DFE28FA4EFE29FA4FFE86
:1038900030FE55A931FEF2A633FEF4A634FEF5A69D
:1038A00035FEE0A636FEE1A637FEF0A638FEF1A60C
:1038B00039FEE2A63AFEE3A63BFEEEA63CFEEFA6EC
:1038C0003DFEE6A63EFEE7A63FFEE4A640FEE5A6D8
:1038D00041FEE8A642FEE9A643FEEAA644FEEBA6A8
:1038E00049FE68A94AFE69A94BFE6AA94CFE6BA96C
:1038F0004DFE6CA94EFE6DA94FFE6EA950FE6FA93C
:1039000051FE70A952FE71A954FE72A955FE73A909
:1039100056FE74A957FE75A959FE76A95AFE77A9D5
:103920005BFE78A95CFE79A95DFE7AA95EFE7BA9A3
:103930005FFE7CA960FE7DA961FE7EA962FE80A972
:1039400063FE81A964FE82A965FE83A966FE84A93F
:1039500068FE85A969FE86A96AFE87A96BFE88A90B
:1039600001FFA1A302FFA2A303FFA3A304FFE7A1FA
:1039700005FFA5A306FFA6A307FFA7A308FFA8A30B
:1039800009FFA9A30AFFAAA30BFFABA30CFFACA3DB
:103990000DFFADA30EFFAEA30FFFAFA310FFB0A3AB
:1039A00011FFB1A312FFB2A313FFB3A314FFB4A37B
:1039B00015FFB5A316FFB6A317FFB7A318FFB8A34B
:1039C00019FFB9A31AFFBAA31BFFBBA31CFFBCA31B
:1039D0001DFFBDA31EFFBEA31FFFBFA320FFC0A3EB
:1039E00021FFC1A322FFC2A323FFC3A324FFC4A3BB
:1039F00025FFC5A326FFC6A327FFC7A328FFC8A38B
:103A000029FFC9A32AFFCAA32BFFCBA32CFFCCA35A
:103A10002DFFCDA32EFFCEA32FFFCFA330FFD0A32A
:103A200031FFD1A332FFD2A333FFD3A334FFD4A3FA
:103A300035FFD5A336FFD6A337FFD7A338FFD8A3CA
:103A400039FFD9A33AFFDAA33BFFDBA33CFFDCA39A
:103A50003DFFDDA33EFFDEA33FFFDFA340FFE0A36A
:103A600041FFE1A342FFE2A343FFE3A344FFE4A33A
:103A700045FFE5A346FFE6A347FFE7A348FFE8A30A
:103A800049FFE9A34AFFEAA34BFFEBA34CFFECA3DA
:103A90004DFFEDA34EFFEEA34FFFEFA350FFF0A3AA
:103AA00051FFF1A352FFF2A353FFF3A354FFF4A37A
:103AB00055FFF5A356FFF6A357FFF7A358FFF8A34A
:103AC00059FFF9A35AFFFAA35BFFFBA35CFFFCA31A
:103AD0005DFFFDA35EFFABA1E0FFE9A1E1FFEAA16D
:103AE000E2FF56A9E3FFFEA3E4FF57A9E5FFA4A365
:103AF000000000008000AC204081024E4181044E55
:103B00004281054E4381064E44810F4E4581124E3F
:103B10004681174E47811F4E4881204E4981214ED4
:103B20004A81234E4B81264E4C81294E4D812E4E8B
:103B30004E812F4E4F81314E5081334E5181354E43
:103B40005281374E53813C4E5481404E5581414EF7
:103B50005681424E5781444E5881464E59814A4EB5
:103B60005A81514E5B81554E5C81574E5D815A4E54
:103B70005E815B4E5F81624E6081634E6181644E07
:103B80006281654E6381674E6481684E65816A4ECD
:103B900066816B4E67816C4E68816D4E69816E4E99
:103BA0006A816F4E6B81724E6C81744E6D81754E61
:103BB0006E81764E6F81774E7081784E7181794E2D
:103BC00072817A4E73817B4E74817C4E75817D4EFD
:103BD00076817F4E7781804E7881814E7981824EC9
:103BE0007A81834E7B81844E7C81854E7D81874E98
:103BF0007E818A4E8081904E8181964E8281974E41
:103C00008381994E84819C4E85819D4E86819E4EF6
:103C10008781A34E8881AA4E8981AF4E8A81B04E9A
:103C20008B81B14E8C81B44E8D81B64E8E81B74E54
:103C30008F81B84E9081B94E9181BC4E9281BD4E1C
:103C40009381BE4E9481C84E9581CC4E9681CF4EC5
:103C50009781D04E9881D24E9981DA4E9A81DB4E6F
:103C60009B81DC4E9C81E04E9D81E24E9E81E64E22
:103C70009F81E74EA081E94EA181ED4EA281EE4EDB
:103C8000A381EF4EA481F14EA581F44EA681F84E9A
:103C9000A781F94EA881FA4EA981FC4EAA81FE4E59
:103CA000AB81004FAC81024FAD81034FAE81044F19
:103CB000AF81054FB081064FB181074FB281084FE8
:103CC000B3810B4FB4810C4FB581124FB681134FA6
:103CD000B781144FB881154FB981164FBA811C4F67
:103CE000BB811D4FBC81214FBD81234FBE81284F19
:103CF000BF81294FC0812C4FC1812D4FC2812E4FD2
:103D0000C381314FC481334FC581354FC681374F91
:103D1000C781394FC8813B4FC9813E4FCA813F4F50
:103D2000CB81404FCC81414FCD81424FCE81444F1A
:103D3000CF81454FD081474FD181484FD281494FE4
:103D4000D3814A4FD4814B4FD5814C4FD681524FAE
:103D5000D781544FD881564FD981614FDA81624F54
:103D6000DB81664FDC81684FDD816A4FDE816B4FFE
:103D7000DF816D4FE0816E4FE181714FE281724FC3
:103D8000E381754FE481774FE581784FE681794F84
:103D9000E7817A4FE8817D4FE981804FEA81814F49
:103DA000EB81824FEC81854FED81864FEE81874F0D
:103DB000EF818A4FF0818C4FF1818E4FF281904FCD
:103DC000F381924FF481934FF581954FF681964F91
:103DD000F781984FF881994FF9819A4FFA819C4F5A
:103DE000FB819E4FFC819F4FFD81A14FFE81A24F21
:103DF0004082A44F4182AB4F4282AD4F4382B04FCD
:103E00004482B14F4582B24F4682B34F4782B44F8E
:103E10004882B64F4982B74F4A82B84F4B82B94F5A
:103E20004C82BA4F4D82BB4F4E82BC4F4F82BD4F2A
:103E30005082BE4F5182C04F5282C14F5382C24FF7
:103E40005482C64F5582C74F5682C84F5782C94FBA
:103E50005882CB4F5982CC4F5A82CD4F5B82D24F82
:103E60005C82D34F5D82D44F5E82D54F5F82D64F46
:103E70006082D94F6182DB4F6282E04F6382E24F02
:103E80006482E44F6582E54F6682E74F6782EB4FBD
:103E90006882EC4F6982F04F6A82F24F6B82F44F76
:103EA0006C82F54F6D82F64F6E82F74F6F82F94F3D
:103EB0007082FB4F7182FC4F7282FD4F7382FF4F05
:103EC00074820050758201507682025077820350CE
:103ED00078820450798205507A8206507B8207509E
:103EE0007C8208507D8209507E820A5080820B506D
:103EF00081820E508282105083821150848213502E
:103F000085821550868216508782175088821B50F2
:103F100089821D508A821E508B8220508C822250B2
:103F20008D8223508E8224508F82275090822B5076
:103F300091822F509282305093823150948232502D
:103F400095823350968234509782355098823650FD
:103F5000998237509A8238509B8239509C823B50CC
:103F60009D823D509E823F509F824050A082415092
:103F7000A1824250A2824450A3824550A48246505E
:103F8000A5824950A6824A50A7824B50A8824D5024
:103F9000A9825050AA825150AB825250AC825350E9
:103FA000AD825450AE825650AF825750B0825850B6
:103FB000B1825950B2825B50B3825D50B4825E5080
:103FC000B5825F50B6826050B7826150B88262504D
:103FD000B9826350BA826450BB826650BC8267501B
:103FE000BD826850BE826950BF826A50C0826B50E9
:103FF000C1826D50C2826E50C3826F50C4827050B5
:10400000C5827150C6827250C7827350C882745084
:10401000C9827550CA827850CB827950CC827A504E
:10402000CD827C50CE827D50CF828150D082825012
:10403000D1828350D2828450D3828650D4828750DA
:10404000D5828950D6828A50D7828B50D8828C50A4
:10405000D9828E50DA828F50DB829050DC82915070
:10406000DD829250DE829350DF829450E082955040
:10407000E1829650E2829750E3829850E482995010
:10408000E5829A50E6829B50E7829C50E8829D50E0
:10409000E9829E50EA829F50EB82A050EC82A150B0
:1040A000ED82A250EE82A450EF82A650F082AA5078
:1040B000F182AB50F282AD50F382AE50F482AF5039
:1040C000F582B050F682B150F782B350F882B45006
:1040D000F982B550FA82B650FB82B750FC82B850D4
:1040E000FD82B950FE82BC504083BD504183BE501A
:1040F0004283BF504383C0504483C1504583C25064
:104100004683C3504783C4504883C5504983C65033
:104110004A83C7504B83C8504C83C9504D83CA5003
:104120004E83CB504F83CC505083CD505183CE50D3
:104130005283D0505383D1505483D2505583D3509F
:104140005683D4505783D5505883D7505983D8506D
:104150005A83D9505B83DB505C83DC505D83DD5038
:104160005E83DE505F83DF506083E0506183E15007
:104170006283E2506383E3506483E4506583E550D7
:104180006683E8506783E9506883EA506983EB509F
:104190006A83EF506B83F0506C83F1506D83F25063
:1041A0006E83F4506F83F6507083F7507183F8502C
:1041B0007283F9507383FA507483FC507583FD50F9
:1041C0007683FE507783FF507883005179830151C5
:1041D0007A8302517B8303517C8304517D83055193
:1041E0007E8308518083095181830A5182830C5157
:1041F00083830D5184830E5185830F518683105123
:104200008783115188831351898314518A831551EF
:104210008B8316518C8317518D8318518E831951BE
:104220008F831A5190831B5191831C5192831D518E
:1042300093831E5194831F5195832051968322515D
:104240009783235198832451998325519A8326512A
:104250009B8327519C8328519D8329519E832A51FA
:104260009F832B51A0832C51A1832D51A2832E51CA
:10427000A3832F51A4833051A5833151A68332519A
:10428000A7833351A8833451A9833551AA8336516A
:10429000AB833751AC833851AD833951AE833A513A
:1042A000AF833B51B0833C51B1833D51B2833E510A
:1042B000B3834251B4834751B5834A51B6834C51BD
:1042C000B7834E51B8834F51B9835051BA8352517D
:1042D000BB835351BC835751BD835851BE83595141
:1042E000BF835B51C0835D51C1835E51C2835F5107
:1042F000C3836051C4836151C5836351C6836451D4
:10430000C7836651C8836751C9836951CA836A519B
:10431000CB836F51CC837251CD837A51CE837E5142
:10432000CF837F51D0838351D1838451D2838651EF
:10433000D3838751D4838A51D5838B51D6838E51B1
:10434000D7838F51D8839051D9839151DA83935178
:10435000DB839451DC839851DD839A51DE839D5138
:10436000DF839E51E0839F51E183A151E283A351FA
:10437000E383A651E483A751E583A851E683A951BD
:10438000E783AA51E883AD51E983AE51EA83B45182
:10439000EB83B851EC83B951ED83BA51EE83BE5132
:1043A000EF83BF51F083C151F183C251F283C351F6
:1043B000F383C551F483C851F583CA51F683CD51B7
:1043C000F783CE51F883D051F983D251FA83D35178
:1043D000FB83D451FC83D551FD83D651FE83D75145
:1043E0004084D8514184D9514284DA514384DC510C
:1043F0004484DE514584DF514684E2514784E351D1
:104400004884E5514984E6514A84E7514B84E85198
:104410004C84E9514D84EA514E84EC514F84EE5165
:104420005084F1515184F2515284F4515384F75124
:104430005484FE51558404525684055257840952BF
:1044400058840B5259840C525A840F525B84105278
:104450005C8413525D8414525E8415525F841C5236
:1044600060841E5261841F526284215263842252EE
:1044700064842352658425526684265267842752B9
:1044800068842A5269842C526A842F526B84315278
:104490006C8432526D8434526E8435526F843C5237
:1044A00070843E52718444527284455273844652E1
:1044B00074844752758448527684495277844B52AB
:1044C00078844E5279844F527A8452527B8453526C
:1044D0007C8455527D8457527E8458528084595230
:1044E00081845A5282845B5283845D5284845F52F9
:1044F00085846052868462528784635288846452C1
:10450000898466528A8468528B846B528C846C5284
:104510008D846D528E846E528F847052908471524D
:104520009184735292847452938475529484765217
:1045300095847752968478529784795298847A52E7
:1045400099847B529A847C529B847E529C848052B4
:104550009D8483529E8484529F848552A084865277
:10456000A1848752A2848952A3848A52A4848B5244
:10457000A5848C52A6848D52A7848E52A8848F5213
:10458000A9849152AA849252AB849452AC849552DD
:10459000AD849652AE849752AF849852B0849952AB
:1045A000B1849A52B2849C52B384A452B484A5526A
:1045B000B584A652B684A752B784AE52B884AF521F
:1045C000B984B052BA84B452BB84B552BC84B652DA
:1045D000BD84B752BE84B852BF84B952C084BA52A7
:1045E000C184BB52C284BC52C384BD52C484C05275
:1045F000C584C152C684C252C784C452C884C5523D
:10460000C984C652CA84C852CB84CA52CC84CC5204
:10461000CD84CD52CE84CE52CF84CF52D084D152CD
:10462000D184D352D284D452D384D552D484D75295
:10463000D584D952D684DA52D784DB52D884DC525E
:10464000D984DD52DA84DE52DB84E052DC84E1522C
:10465000DD84E252DE84E352DF84E552E084E652F8
:10466000E184E752E284E852E384E952E484EA52C6
:10467000E584EB52E684EC52E784ED52E884EE5296
:10468000E984EF52EA84F152EB84F252EC84F35263
:10469000ED84F452EE84F552EF84F652F084F75232
:1046A000F184F852F284FB52F384FC52F484FD52FC
:1046B000F5840153F6840253F7840353F8840453BA
:1046C000F9840753FA840953FB840A53FC840B537F
:1046D000FD840C53FE840E534085115341851253C3
:1046E00042851353438514534485185345851B5302
:1046F00046851C5347851E5348851F5349852253C1
:104700004A8524534B8525534C8527534D85285383
:104710004E8529534F852B5350852C5351852D534E
:1047200052852F5353853053548531535585325319
:1047300056853353578534535885355359853653E9
:104740005A8537535B8538535C853C535D853D53B3
:104750005E8540535F85425360854453618546536F
:1047600062854B5363854C5364854D536585505327
:1047700066855453678558536885595369855B53DB
:104780006A855D536B8565536C8568536D856A5387
:104790006E856C536F856D5370857253718576533A
:1047A0007285795373857B5374857C5375857D53EE
:1047B00076857E53778580537885815379858353B9
:1047C0007A8587537B8588537C858A537D858E5374
:1047D0007E858F5380859053818591538285925336
:1047E0008385935384859453858596538685975303
:1047F0008785995388859B5389859C538A859E53C9
:104800008B85A0538C85A1538D85A4538E85A7538A
:104810008F85AA539085AB539185AC539285AD5348
:104820009385AF539485B0539585B1539685B25314
:104830009785B3539885B4539985B5539A85B753E3
:104840009B85B8539C85B9539D85BA539E85BC53AF
:104850009F85BD53A085BE53A185C053A285C35378
:10486000A385C453A485C553A585C653A685C75340
:10487000A785CE53A885CF53A985D053AA85D253F7
:10488000AB85D353AC85D553AD85DA53AE85DC53B8
:10489000AF85DD53B085DE53B185E153B285E25378
:1048A000B385E753B485F453B585FA53B685FE5303
:1048B000B785FF53B8850054B9850254BA850554AD
:1048C000BB850754BC850B54BD851454BE85185454
:1048D000BF851954C0851A54C1851C54C285225401
:1048E000C3852454C4852554C5852A54C6853054AF
:1048F000C7853354C8853654C9853754CA853A5458
:10490000CB853D54CC853F54CD854154CE85425412
:10491000CF854454D0854554D1854754D2854954D8
:10492000D3854C54D4854D54D5854E54D6854F549B
:10493000D7855154D8855A54D9855D54DA855E544B
:10494000DB855F54DC856054DD856154DE8563540E
:10495000DF856554E0856754E1856954E2856A54D2
:10496000E3856B54E4856C54E5856D54E6856E549F
:10497000E7856F54E8857054E9857454EA85795465
:10498000EB857A54EC857E54ED857F54EE85815419
:10499000EF858354F0858554F1858754F2858854DA
:1049A000F3858954F4858A54F5858D54F6859154A0
:1049B000F7859354F8859754F9859854FA859C5453
:1049C000FB859E54FC859F54FD85A054FE85A15413
:1049D0004086A2544186A5544286AE544386B054C4
:1049E0004486B2544586B5544686B6544786B75475
:1049F0004886B9544986BA544A86BC544B86BE543C
:104A00004C86C3544D86C5544E86CA544F86CB54EB
:104A10005086D6545186D8545286DB545386E0547F
:104A20005486E1545586E2545686E3545786E4543E
:104A30005886EB545986EC545A86EF545B86F054F2
:104A40005C86F1545D86F4545E86F5545F86F654B8
:104A50006086F7546186F8546286F9546386FB5485
:104A60006486FE5465860055668602556786035542
:104A700068860455698605556A8608556B860A5509
:104A80006C860B556D860C556E860D556F860E55D2
:104A90007086125571861355728615557386165594
:104AA00074861755758618557686195577861A5562
:104AB00078861C5579861D557A861E557B861F552E
:104AC0007C8621557D8625557E86265580862855EF
:104AD0008186295582862B5583862D5584863255AD
:104AE0008586345586863555878636558886385569
:104AF000898639558A863A558B863B558C863D5535
:104B00008D8640558E8642558F86455590864755F1
:104B10009186485592864B5593864C5594864D55B3
:104B200095864E5596864F5597865155988652557F
:104B3000998653559A8654559B8657559C86585549
:104B40009D8659559E865A559F865B55A0865D5514
:104B5000A1865E55A2865F55A3866055A4866255E0
:104B6000A5866355A6866855A7866955A8866B55A0
:104B7000A9866F55AA867055AB867155AC8672555D
:104B8000AD867355AE867455AF867955B0867A5525
:104B9000B1867D55B2867F55B3868555B4868655D8
:104BA000B5868C55B6868D55B7868E55B886905588
:104BB000B9869255BA869355BB869555BC8696554F
:104BC000BD869755BE869A55BF869B55C0869E5515
:104BD000C186A055C286A155C386A255C486A355D9
:104BE000C586A455C686A555C786A655C886A855A8
:104BF000C986A955CA86AA55CB86AB55CC86AC5575
:104C0000CD86AD55CE86AE55CF86AF55D086B05544
:104C1000D186B255D286B455D386B655D486B8550A
:104C2000D586BA55D686BC55D786BF55D886C055C9
:104C3000D986C155DA86C255DB86C355DC86C65592
:104C4000DD86C755DE86C855DF86CA55E086CB555A
:104C5000E186CE55E286CF55E386D055E486D5551C
:104C6000E586D755E686D855E786D955E886DA55DC
:104C7000E986DB55EA86DE55EB86E055EC86E255A3
:104C8000ED86E755EE86E955EF86ED55F086EE5553
:104C9000F186F055F286F155F386F455F486F65513
:104CA000F586F855F686F955F786FA55F886FB55D8
:104CB000F986FC55FA86FF55FB860256FC8603569C
:104CC000FD860456FE8605564087065641870756E0
:104CD00042870A5643870B5644870D564587105620
:104CE00046871156478712564887135649871456E8
:104CF0004A8715564B8716564C8717564D871956B7
:104D00004E871A564F871C5650871D56518720567E
:104D10005287215653872256548725565587265643
:104D2000568728565787295658872A5659872B560B
:104D30005A872E565B872F565C8730565D873356D1
:104D40005E8735565F8737566087385661873A5693
:104D500062873C5663873D5664873E56658740565A
:104D60006687415667874256688743566987445627
:104D70006A8745566B8746566C8747566D874856F7
:104D80006E8749566F874A5670874B5671874F56C4
:104D9000728750567387515674875256758753568B
:104DA000768755567787565678875A5679875B5651
:104DB0007A875D567B875E567C875F567D87605617
:104DC0007E876156808763568187655682876656DF
:104DD0008387675684876D5685876E5686876F569C
:104DE0008787705688877256898773568A87745664
:104DF0008B8775568C8777568D8778568E87795630
:104E00008F877A5690877D5691877E5692877F56F8
:104E100093878056948781569587825696878356C6
:104E20009787845698878756998788569A87895690
:104E30009B878A569C878B569D878C569E878D565E
:104E40009F879056A0879156A1879256A287945625
:104E5000A3879556A4879656A5879756A6879856F2
:104E6000A7879956A8879A56A9879B56AA879C56C2
:104E7000AB879D56AC879E56AD879F56AE87A05692
:104E8000AF87A156B087A256B187A456B287A55660
:104E9000B387A656B487A756B587A856B687A9562E
:104EA000B787AA56B887AB56B987AC56BA87AD56FE
:104EB000BB87AE56BC87B056BD87B156BE87B256CB
:104EC000BF87B356C087B456C187B556C287B6569A
:104ED000C387B856C487B956C587BA56C687BB5666
:104EE000C787BD56C887BE56C987BF56CA87C05632
:104EF000CB87C156CC87C256CD87C356CE87C45602
:104F0000CF87C556D087C656D187C756D287C856D1
:104F1000D387C956D487CB56D587CC56D687CD569E
:104F2000D787CE56D887CF56D987D056DA87D1566D
:104F3000DB87D256DC87D356DD87D556DE87D6563B
:104F4000DF87D856E087D956E187DC56E287E356FB
:104F5000E387E556E487E656E587E756E687E856B1
:104F6000E787E956E887EA56E987EC56EA87EE567E
:104F7000EB87EF56EC87F256ED87F356EE87F65641
:104F8000EF87F756F087F856F187FB56F287FC5605
:104F9000F3870057F4870157F5870257F6870557BF
:104FA000F7870757F8870B57F9870C57FA870D577C
:104FB000FB870E57FC870F57FD871057FE87115749
:104FC0004088125741881357428814574388155711
:104FD00044881657458817574688185747881957E1
:104FE00048881A5749881B574A881D574B881E57AF
:104FF0004C8820574D8821574E8822574F88245778
:1050000050882557518826575288275753882B5741
:1050100054883157558832575688345757883557F2
:1050200058883657598837575A8838575B883C57BD
:105030005C883D575D883F575E8841575F8843577E
:105040006088445761884557628846576388485747
:105050006488495765884B57668852576788535705
:1050600068885457698855576A8856576B885857C7
:105070006C8859576D8862576E8863576F8865577B
:105080007088675771886C5772886E57738870572D
:1050900074887157758872577688745777887557F2
:1050A00078887857798879577A887A577B887D57B6
:1050B0007C887E577D887F577E888057808881577F
:1050C00081888757828888578388895784888A5738
:1050D00085888D5786888E5787888F578888905700
:1050E000898891578A8894578B8895578C889657CA
:1050F0008D8897578E8898578F88995790889A5798
:1051000091889C5792889D5793889E5794889F5763
:105110009588A5579688A8579788AA579888AC5716
:105120009988AF579A88B0579B88B1579C88B357D6
:105130009D88B5579E88B6579F88B757A088B9579E
:10514000A188BA57A288BB57A388BC57A488BD576B
:10515000A588BE57A688BF57A788C057A888C1573B
:10516000A988C457AA88C557AB88C657AC88C75703
:10517000AD88C857AE88C957AF88CA57B088CC57D2
:10518000B188CD57B288D057B388D157B488D35798
:10519000B588D657B688D757B788DB57B888DC5755
:1051A000B988DE57BA88E157BB88E257BC88E35715
:1051B000BD88E557BE88E657BF88E757C088E857DF
:1051C000C188E957C288EA57C388EB57C488EC57AF
:1051D000C588EE57C688F057C788F157C888F25778
:1051E000C988F357CA88F557CB88F657CC88F75744
:1051F000CD88FB57CE88FC57CF88FE57D088FF5705
:10520000D1880158D2880358D3880458D4880558C7
:10521000D5880858D6880958D7880A58D8880C588D
:10522000D9880E58DA880F58DB881058DC88125855
:10523000DD881358DE881458DF881658E088175820
:10524000E1881858E2881A58E3881B58E4881C58EB
:10525000E5881D58E6881F58E7882258E8882358B3
:10526000E9882558EA882658EB882758EC8828587A
:10527000ED882958EE882B58EF882C58F0882D5847
:10528000F1882E58F2882F58F3883158F488325814
:10529000F5883358F6883458F7883658F8883758E0
:1052A000F9883858FA883958FB883A58FC883B58AE
:1052B000FD883C58FE883D5840893E5841893F58FA
:1052C0004289405843894158448942584589435846
:1052D0004689455847894658488947584989485812
:1052E0004A8949584B894A584C894B584D894E58E0
:1052F0004E894F584F8950585089525851895358A8
:105300005289555853895658548957585589595870
:1053100056895A5857895B5858895C5859895D583D
:105320005A895F585B8960585C8961585D89625809
:105330005E8963585F8964586089665861896758D7
:10534000628968586389695864896A5865896D58A3
:1053500066896E5867896F5868897058698971586D
:105360006A8972586B8973586C8974586D8975583D
:105370006E8976586F89775870897858718979580D
:1053800072897A5873897B5874897C5875897D58DD
:1053900076897F58778982587889845879898658A0
:1053A0007A8987587B8988587C898A587D898B5867
:1053B0007E898C5880898D5881898E5882898F5832
:1053C00083899058848991588589945886899558FD
:1053D0008789965888899758898998588A899B58C7
:1053E0008B899C588C899D588D89A0588E89A1588D
:1053F0008F89A2589089A3589189A4589289A55859
:105400009389A6589489A7589589AA589689AB5824
:105410009789AC589889AD589989AE589A89AF58F0
:105420009B89B0589C89B1589D89B2589E89B358C0
:105430009F89B458A089B558A189B658A289B75890
:10544000A389B858A489B958A589BA58A689BB5860
:10545000A789BD58A889BE58A989BF58AA89C0582C
:10546000AB89C258AC89C358AD89C458AE89C658F7
:10547000AF89C758B089C858B189C958B289CA58C4
:10548000B389CB58B489CC58B589CD58B689CE5894
:10549000B789CF58B889D058B989D258BA89D35862
:1054A000BB89D458BC89D658BD89D758BE89D8582D
:1054B000BF89D958C089DA58C189DB58C289DC58FC
:1054C000C389DD58C489DE58C589DF58C689E058CC
:1054D000C789E158C889E258C989E358CA89E5589B
:1054E000CB89E658CC89E758CD89E858CE89E95868
:1054F000CF89EA58D089ED58D189EF58D289F1582F
:10550000D389F258D489F458D589F558D689F758F3
:10551000D789F858D889FA58D989FB58DA89FC58BC
:10552000DB89FD58DC89FE58DD89FF58DE8900598A
:10553000DF890159E0890359E1890559E289065952
:10554000E3890859E4890959E5890A59E6890B591B
:10555000E7890C59E8890E59E9891059EA891159E6
:10556000EB891259EC891359ED891759EE891859AD
:10557000EF891B59F0891D59F1891E59F28920596B
:10558000F3892159F4892259F5892359F689265935
:10559000F7892859F8892C59F9893059FA893259EB
:1055A000FB893359FC893559FD893659FE893B59A8
:1055B000408A3D59418A3E59428A3F59438A40595F
:1055C000448A4359458A4559468A4659478A4A5921
:1055D000488A4C59498A4D594A8A50594B8A5259DE
:1055E0004C8A53594D8A59594E8A5B594F8A5C5996
:1055F000508A5D59518A5E59528A5F59538A61595E
:10560000548A6359558A6459568A6659578A675924
:10561000588A6859598A69595A8A6A595B8A6B59F2
:105620005C8A6C595D8A6D595E8A6E595F8A6F59C2
:10563000608A7059618A7159628A7259638A755990
:10564000648A7759658A7A59668A7B59678A7C5950
:10565000688A7E59698A7F596A8A80596B8A855916
:105660006C8A89596D8A8B596E8A8C596F8A8E59CA
:10567000708A8F59718A9059728A9159738A945994
:10568000748A9559758A9859768A9A59778A9B5956
:10569000788A9C59798A9D597A8A9F597B8AA05920
:1056A0007C8AA1597D8AA2597E8AA659808AA759E7
:1056B000818AAC59828AAD59838AB059848AB1599A
:1056C000858AB359868AB459878AB559888AB65962
:1056D000898AB7598A8AB8598B8ABA598C8ABC592F
:1056E0008D8ABD598E8ABF598F8AC059908AC159F7
:1056F000918AC259928AC359938AC459948AC559C6
:10570000958AC759968AC859978AC959988ACC598F
:10571000998ACD599A8ACE599B8ACF599C8AD55954
:105720009D8AD6599E8AD9599F8ADB59A08ADE590B
:10573000A18ADF59A28AE059A38AE159A48AE259D1
:10574000A58AE459A68AE659A78AE759A88AE95999
:10575000A98AEA59AA8AEB59AB8AED59AC8AEE5963
:10576000AD8AEF59AE8AF059AF8AF159B08AF25931
:10577000B18AF359B28AF459B38AF559B48AF65901
:10578000B58AF759B68AF859B78AFA59B88AFC59CE
:10579000B98AFD59BA8AFE59BB8A005ABC8A025A94
:1057A000BD8A0A5ABE8A0B5ABF8A0D5AC08A0E5A3F
:1057B000C18A0F5AC28A105AC38A125AC48A145A0A
:1057C000C58A155AC68A165AC78A175AC88A195AD4
:1057D000C98A1A5ACA8A1B5ACB8A1D5ACC8A1E5A9F
:1057E000CD8A215ACE8A225ACF8A245AD08A265A62
:1057F000D18A275AD28A285AD38A2A5AD48A2B5A2B
:10580000D58A2C5AD68A2D5AD78A2E5AD88A2F5AF8
:10581000D98A305ADA8A335ADB8A355ADC8A375ABF
:10582000DD8A385ADE8A395ADF8A3A5AE08A3B5A88
:10583000E18A3D5AE28A3E5AE38A3F5AE48A415A53
:10584000E58A425AE68A435AE78A445AE88A455A20
:10585000E98A475AEA8A485AEB8A4B5AEC8A4C5AE8
:10586000ED8A4D5AEE8A4E5AEF8A4F5AF08A505AB4
:10587000F18A515AF28A525AF38A535AF48A545A84
:10588000F58A565AF68A575AF78A585AF88A595A50
:10589000F98A5B5AFA8A5C5AFB8A5D5AFC8A5E5A1C
:1058A000FD8A5F5AFE8A605A408B615A418B635A67
:1058B000428B645A438B655A448B665A458B685AAF
:1058C000468B695A478B6B5A488B6C5A498B6D5A79
:1058D0004A8B6E5A4B8B6F5A4C8B705A4D8B715A48
:1058E0004E8B725A4F8B735A508B785A518B795A10
:1058F000528B7B5A538B7C5A548B7D5A558B7E5AD4
:10590000568B805A578B815A588B825A598B835A9F
:105910005A8B845A5B8B855A5C8B865A5D8B875A6F
:105920005E8B885A5F8B895A608B8A5A618B8B5A3F
:10593000628B8C5A638B8D5A648B8E5A658B8F5A0F
:10594000668B905A678B915A688B935A698B945ADD
:105950006A8B955A6B8B965A6C8B975A6D8B985AAB
:105960006E8B995A6F8B9C5A708B9D5A718B9E5A75
:10597000728B9F5A738BA05A748BA15A758BA25A43
:10598000768BA35A778BA45A788BA55A798BA65A13
:105990007A8BA75A7B8BA85A7C8BA95A7D8BAB5AE2
:1059A0007E8BAC5A808BAD5A818BAE5A828BAF5AAC
:1059B000838BB05A848BB15A858BB45A868BB65A76
:1059C000878BB75A888BB95A898BBA5A8A8BBB5A3C
:1059D0008B8BBC5A8C8BBD5A8D8BBF5A8E8BC05A09
:1059E0008F8BC35A908BC45A918BC55A928BC65ACF
:1059F000938BC75A948BC85A958BCA5A968BCB5A9D
:105A0000978BCD5A988BCE5A998BCF5A9A8BD05A66
:105A10009B8BD15A9C8BD35A9D8BD55A9E8BD75A30
:105A20009F8BD95AA08BDA5AA18BDB5AA28BDD5AF5
:105A3000A38BDE5AA48BDF5AA58BE25AA68BE45ABD
:105A4000A78BE55AA88BE75AA98BE85AAA8BEA5A82
:105A5000AB8BEC5AAC8BED5AAD8BEE5AAE8BEF5A4A
:105A6000AF8BF05AB08BF25AB18BF35AB28BF45A17
:105A7000B38BF55AB48BF65AB58BF75AB68BF85AE6
:105A8000B78BF95AB88BFA5AB98BFB5ABA8BFC5AB6
:105A9000BB8BFD5ABC8BFE5ABD8BFF5ABE8B005B85
:105AA000BF8B015BC08B025BC18B035BC28B045B52
:105AB000C38B055BC48B065BC58B075BC68B085B22
:105AC000C78B0A5BC88B0B5BC98B0C5BCA8B0D5BEE
:105AD000CB8B0E5BCC8B0F5BCD8B105BCE8B115BBE
:105AE000CF8B125BD08B135BD18B145BD28B155B8E
:105AF000D38B185BD48B195BD58B1A5BD68B1B5B56
:105B0000D78B1C5BD88B1D5BD98B1E5BDA8B1F5B25
:105B1000DB8B205BDC8B215BDD8B225BDE8B235BF5
:105B2000DF8B245BE08B255BE18B265BE28B275BC5
:105B3000E38B285BE48B295BE58B2A5BE68B2B5B95
:105B4000E78B2C5BE88B2D5BE98B2E5BEA8B2F5B65
:105B5000EB8B305BEC8B315BED8B335BEE8B355B32
:105B6000EF8B365BF08B385BF18B395BF28B3A5BFA
:105B7000F38B3B5BF48B3C5BF58B3D5BF68B3E5BC9
:105B8000F78B3F5BF88B415BF98B425BFA8B435B96
:105B9000FB8B445BFC8B455BFD8B465BFE8B475B65
:105BA000408C485B418C495B428C4A5B438C4B5B2D
:105BB000448C4C5B458C4D5B468C4E5B478C4F5BFD
:105BC000488C525B498C565B4A8C5E5B4B8C605BAD
:105BD0004C8C615B4D8C675B4E8C685B4F8C6B5B58
:105BE000508C6D5B518C6E5B528C6F5B538C725B17
:105BF000548C745B558C765B568C775B578C785BDA
:105C0000588C795B598C7B5B5A8C7C5B5B8C7E5BA4
:105C10005C8C7F5B5D8C825B5E8C865B5F8C8A5B61
:105C2000608C8D5B618C8E5B628C905B638C915B16
:105C3000648C925B658C945B668C965B678C9F5BD7
:105C4000688CA75B698CA85B6A8CA95B6B8CAC5B6E
:105C50006C8CAD5B6D8CAE5B6E8CAF5B6F8CB15B37
:105C6000708CB25B718CB75B728CBA5B738CBB5BF4
:105C7000748CBC5B758CC05B768CC15B778CC35BB2
:105C8000788CC85B798CC95B7A8CCA5B7B8CCB5B6C
:105C90007C8CCD5B7D8CCE5B7E8CCF5B808CD15B36
:105CA000818CD45B828CD55B838CD65B848CD75BF8
:105CB000858CD85B868CD95B878CDA5B888CDB5BC8
:105CC000898CDC5B8A8CE05B8B8CE25B8C8CE35B8D
:105CD0008D8CE65B8E8CE75B8F8CE95B908CEA5B4E
:105CE000918CEB5B928CEC5B938CED5B948CEF5B1B
:105CF000958CF15B968CF25B978CF35B988CF45BE4
:105D0000998CF55B9A8CF65B9B8CF75B9C8CFD5BAE
:105D10009D8CFE5B9E8C005C9F8C025CA08C035C67
:105D2000A18C055CA28C075CA38C085CA48C0B5C2A
:105D3000A58C0C5CA68C0D5CA78C0E5CA88C105CF2
:105D4000A98C125CAA8C135CAB8C175CAC8C195CB4
:105D5000AD8C1B5CAE8C1E5CAF8C1F5CB08C205C71
:105D6000B18C215CB28C235CB38C265CB48C285C37
:105D7000B58C295CB68C2A5CB78C2B5CB88C2D5CFE
:105D8000B98C2E5CBA8C2F5CBB8C305CBC8C325CCA
:105D9000BD8C335CBE8C355CBF8C365CC08C375C94
:105DA000C18C435CC28C445CC38C465CC48C475C35
:105DB000C58C4C5CC68C4D5CC78C525CC88C535CEB
:105DC000C98C545CCA8C565CCB8C575CCC8C585CB0
:105DD000CD8C5A5CCE8C5B5CCF8C5C5CD08C5D5C7B
:105DE000D18C5F5CD28C625CD38C645CD48C675C3D
:105DF000D58C685CD68C695CD78C6A5CD88C6B5C03
:105E0000D98C6C5CDA8C6D5CDB8C705CDC8C725CCD
:105E1000DD8C735CDE8C745CDF8C755CE08C765C96
:105E2000E18C775CE28C785CE38C7B5CE48C7C5C62
:105E3000E58C7D5CE68C7E5CE78C805CE88C835C2A
:105E4000E98C845CEA8C855CEB8C865CEC8C875CF2
:105E5000ED8C895CEE8C8A5CEF8C8B5CF08C8E5CBC
:105E6000F18C8F5CF28C925CF38C935CF48C955C7F
:105E7000F58C9D5CF68C9E5CF78C9F5CF88CA05C2E
:105E8000F98CA15CFA8CA45CFB8CA55CFC8CA65CF8
:105E9000FD8CA75CFE8CA85C408DAA5C418DAE5C3D
:105EA000428DAF5C438DB05C448DB25C458DB45C7B
:105EB000468DB65C478DB95C488DBA5C498DBB5C3C
:105EC0004A8DBC5C4B8DBE5C4C8DC05C4D8DC25C04
:105ED0004E8DC35C4F8DC55C508DC65C518DC75CCB
:105EE000528DC85C538DC95C548DCA5C558DCC5C99
:105EF000568DCD5C578DCE5C588DCF5C598DD05C66
:105F00005A8DD15C5B8DD35C5C8DD45C5D8DD55C32
:105F10005E8DD65C5F8DD75C608DD85C618DDA5C00
:105F2000628DDB5C638DDC5C648DDD5C658DDE5CCD
:105F3000668DDF5C678DE05C688DE25C698DE35C9B
:105F40006A8DE75C6B8DE95C6C8DEB5C6D8DEC5C58
:105F50006E8DEE5C6F8DEF5C708DF15C718DF25C1F
:105F6000728DF35C738DF45C748DF55C758DF65CED
:105F7000768DF75C778DF85C788DF95C798DFA5CBD
:105F80007A8DFC5C7B8DFD5C7C8DFE5C7D8DFF5C89
:105F90007E8D005D808D015D818D045D828D055D4E
:105FA000838D085D848D095D858D0A5D868D0B5D11
:105FB000878D0C5D888D0D5D898D0F5D8A8D105DDF
:105FC0008B8D115D8C8D125D8D8D135D8E8D155DAC
:105FD0008F8D175D908D185D918D195D928D1A5D75
:105FE000938D1C5D948D1D5D958D1F5D968D205D3F
:105FF000978D215D988D225D998D235D9A8D255D0C
:106000009B8D285D9C8D2A5D9D8D2B5D9E8D2C5DCD
:106010009F8D2F5DA08D305DA18D315DA28D325D94
:10602000A38D335DA48D355DA58D365DA68D375D61
:10603000A78D385DA88D395DA98D3A5DAA8D3B5D30
:10604000AB8D3C5DAC8D3F5DAD8D405DAE8D415DFA
:10605000AF8D425DB08D435DB18D445DB28D455DC8
:10606000B38D465DB48D485DB58D495DB68D4D5D92
:10607000B78D4E5DB88D4F5DB98D505DBA8D515D58
:10608000BB8D525DBC8D535DBD8D545DBE8D555D28
:10609000BF8D565DC08D575DC18D595DC28D5A5DF6
:1060A000C38D5C5DC48D5E5DC58D5F5DC68D605DBD
:1060B000C78D615DC88D625DC98D635DCA8D645D8C
:1060C000CB8D655DCC8D665DCD8D675DCE8D685D5C
:1060D000CF8D6A5DD08D6D5DD18D6E5DD28D705D21
:1060E000D38D715DD48D725DD58D735DD68D755DEB
:1060F000D78D765DD88D775DD98D785DDA8D795DB8
:10610000DB8D7A5DDC8D7B5DDD8D7C5DDE8D7D5D87
:10611000DF8D7E5DE08D7F5DE18D805DE28D815D57
:10612000E38D835DE48D845DE58D855DE68D865D23
:10613000E78D875DE88D885DE98D895DEA8D8A5DF3
:10614000EB8D8B5DEC8D8C5DED8D8D5DEE8D8E5DC3
:10615000EF8D8F5DF08D905DF18D915DF28D925D93
:10616000F38D935DF48D945DF58D955DF68D965D63
:10617000F78D975DF88D985DF98D9A5DFA8D9B5D31
:10618000FB8D9C5DFC8D9E5DFD8D9F5DFE8DA05DFC
:10619000408EA15D418EA25D428EA35D438EA45DC3
:1061A000448EA55D458EA65D468EA75D478EA85D93
:1061B000488EA95D498EAA5D4A8EAB5D4B8EAC5D63
:1061C0004C8EAD5D4D8EAE5D4E8EAF5D4F8EB05D33
:1061D000508EB15D518EB25D528EB35D538EB45D03
:1061E000548EB55D558EB65D568EB85D578EB95DD1
:1061F000588EBA5D598EBB5D5A8EBC5D5B8EBD5D9F
:106200005C8EBE5D5D8EBF5D5E8EC05D5F8EC15D6E
:10621000608EC25D618EC35D628EC45D638EC65D3D
:10622000648EC75D658EC85D668EC95D678ECA5D0A
:10623000688ECB5D698ECC5D6A8ECE5D6B8ECF5DD8
:106240006C8ED05D6D8ED15D6E8ED25D6F8ED35DA6
:10625000708ED45D718ED55D728ED65D738ED75D76
:10626000748ED85D758ED95D768EDA5D778EDC5D45
:10627000788EDF5D798EE05D7A8EE35D7B8EE45D06
:106280007C8EEA5D7D8EEC5D7E8EED5D808EF05DB8
:10629000818EF55D828EF65D838EF85D848EF95D6C
:1062A000858EFA5D868EFB5D878EFC5D888EFF5D38
:1062B000898E005E8A8E045E8B8E075E8C8E095EF0
:1062C0008D8E0A5E8E8E0B5E8F8E0D5E908E0E5EB4
:1062D000918E125E928E135E938E175E948E1E5E6A
:1062E000958E1F5E968E205E978E215E988E225E22
:1062F000998E235E9A8E245E9B8E255E9C8E285EF0
:106300009D8E295E9E8E2A5E9F8E2B5EA08E2C5EB9
:10631000A18E2F5EA28E305EA38E325EA48E335E7F
:10632000A58E345EA68E355EA78E365EA88E395E4B
:10633000A98E3A5EAA8E3E5EAB8E3F5EAC8E405E0C
:10634000AD8E415EAE8E435EAF8E465EB08E475ED2
:10635000B18E485EB28E495EB38E4A5EB48E4B5E9D
:10636000B58E4D5EB68E4E5EB78E4F5EB88E505E69
:10637000B98E515EBA8E525EBB8E535EBC8E565E37
:10638000BD8E575EBE8E585EBF8E595EC08E5A5E01
:10639000C18E5C5EC28E5D5EC38E5F5EC48E605ECB
:1063A000C58E635EC68E645EC78E655EC88E665E91
:1063B000C98E675ECA8E685ECB8E695ECC8E6A5E61
:1063C000CD8E6B5ECE8E6C5ECF8E6D5ED08E6E5E31
:1063D000D18E6F5ED28E705ED38E715ED48E755EFE
:1063E000D58E775ED68E795ED78E7E5ED88E815EB4
:1063F000D98E825EDA8E835EDB8E855EDC8E885E71
:10640000DD8E895EDE8E8C5EDF8E8D5EE08E8E5E32
:10641000E18E925EE28E985EE38E9B5EE48E9D5EE0
:10642000E58EA15EE68EA25EE78EA35EE88EA45E98
:10643000E98EA85EEA8EA95EEB8EAA5EEC8EAB5E5C
:10644000ED8EAC5EEE8EAE5EEF8EAF5EF08EB05E29
:10645000F18EB15EF28EB25EF38EB45EF48EBA5EF1
:10646000F58EBB5EF68EBC5EF78EBD5EF88EBF5EAF
:10647000F98EC05EFA8EC15EFB8EC25EFC8EC35E7C
:10648000FD8EC45EFE8EC55E408FC65E418FC75EC8
:10649000428FC85E438FCB5E448FCC5E458FCD5E0E
:1064A000468FCE5E478FCF5E488FD05E498FD45ED9
:1064B0004A8FD55E4B8FD75E4C8FD85E4D8FD95E9D
:1064C0004E8FDA5E4F8FDC5E508FDD5E518FDE5E69
:1064D000528FDF5E538FE05E548FE15E558FE25E38
:1064E000568FE35E578FE45E588FE55E598FE65E08
:1064F0005A8FE75E5B8FE95E5C8FEB5E5D8FEC5ED3
:106500005E8FED5E5F8FEE5E608FEF5E618FF05E9F
:10651000628FF15E638FF25E648FF35E658FF55E6E
:10652000668FF85E678FF95E688FFB5E698FFC5E31
:106530006A8FFD5E6B8F055F6C8F065F6D8F075FE7
:106540006E8F095F6F8F0C5F708F0D5F718F0E5FA5
:10655000728F105F738F125F748F145F758F165F69
:10656000768F195F778F1A5F788F1C5F798F1D5F29
:106570007A8F1E5F7B8F215F7C8F225F7D8F235FF1
:106580007E8F245F808F285F818F2B5F828F2C5FAF
:10659000838F2E5F848F305F858F325F868F335F6E
:1065A000878F345F888F355F898F365F8A8F375F3B
:1065B0008B8F385F8C8F3B5F8D8F3D5F8E8F3E5F03
:1065C0008F8F3F5F908F415F918F425F928F435FCC
:1065D000938F445F948F455F958F465F968F475F9B
:1065E000978F485F988F495F998F4A5F9A8F4B5F6B
:1065F0009B8F4C5F9C8F4D5F9D8F4E5F9E8F4F5F3B
:106600009F8F515FA08F545FA18F595FA28F5A5FF8
:10661000A38F5B5FA48F5C5FA58F5E5FA68F5F5FBC
:10662000A78F605FA88F635FA98F655FAA8F675F81
:10663000AB8F685FAC8F6B5FAD8F6E5FAE8F6F5F40
:10664000AF8F725FB08F745FB18F755FB28F765FFF
:10665000B38F785FB48F7A5FB58F7D5FB68F7E5FC3
:10666000B78F7F5FB88F835FB98F865FBA8F8D5F7B
:10667000BB8F8E5FBC8F8F5FBD8F915FBE8F935F2F
:10668000BF8F945FC08F965FC18F9A5FC28F9B5FF1
:10669000C38F9D5FC48F9E5FC58F9F5FC68FA05FB6
:1066A000C78FA25FC88FA35FC98FA45FCA8FA55F82
:1066B000CB8FA65FCC8FA75FCD8FA95FCE8FAB5F4F
:1066C000CF8FAC5FD08FAF5FD18FB05FD28FB15F14
:1066D000D38FB25FD48FB35FD58FB45FD68FB65FE1
:1066E000D78FB85FD88FB95FD98FBA5FDA8FBB5FAA
:1066F000DB8FBE5FDC8FBF5FDD8FC05FDE8FC15F72
:10670000DF8FC25FE08FC75FE18FC85FE28FCA5F34
:10671000E38FCB5FE48FCE5FE58FD35FE68FD45FEF
:10672000E78FD55FE88FDA5FE98FDB5FEA8FDC5FA9
:10673000EB8FDE5FEC8FDF5FED8FE25FEE8FE35F6D
:10674000EF8FE55FF08FE65FF18FE85FF28FE95F33
:10675000F38FEC5FF48FEF5FF58FF05FF68FF25FF2
:10676000F78FF35FF88FF45FF98FF65FFA8FF75FBB
:10677000FB8FF95FFC8FFA5FFD8FFC5FFE8F076078
:10678000409008604190096042900B6043900C601B
:1067900044901060459011604690136047901760D8
:1067A0004890186049901A604A901E604B901F6094
:1067B0004C9022604D9023604E9024604F902C604E
:1067C00050902D6051902E60529030605390316007
:1067D00054903260559033605690346057903660D4
:1067E00058903760599038605A9039605B903A60A1
:1067F0005C903D605D903E605E9040605F90446064
:106800006090456061904660629047606390486028
:106810006490496065904A6066904C6067904E60F5
:1068200068904F60699051606A9053606B905460BB
:106830006C9056606D9057606E9058606F905B6082
:1068400070905C6071905E6072905F607390606049
:1068500074906160759065607690666077906E6008
:1068600078907160799072607A9074607B907560B6
:106870007C9077607D907E607E908060809081606B
:10688000819082608290856083908660849087602A
:106890008590886086908A6087908B6088908E60F3
:1068A00089908F608A9090608B9091608C909360BB
:1068B0008D9095608E9097608F9098609090996081
:1068C00091909C6092909E609390A1609490A26041
:1068D0009590A4609690A5609790A7609890A96005
:1068E0009990AA609A90AE609B90B0609C90B360C3
:1068F0009D90B5609E90B6609F90B760A090B96083
:10690000A190BA60A290BD60A390BE60A490BF6049
:10691000A590C060A690C160A790C260A890C36017
:10692000A990C460AA90C760AB90C860AC90C960E1
:10693000AD90CC60AE90CD60AF90CE60B090CF60A7
:10694000B190D060B290D260B390D360B490D46074
:10695000B590D660B690D760B790D960B890DB603C
:10696000B990DE60BA90E160BB90E260BC90E360F9
:10697000BD90E460BE90E560BF90EA60C090F160B9
:10698000C190F260C290F560C390F760C490F86067
:10699000C590FB60C690FC60C790FD60C890FE602B
:1069A000C990FF60CA900261CB900361CC900461F2
:1069B000CD900561CE900761CF900A61D0900B61B8
:1069C000D1900C61D2901061D3901161D49012617A
:1069D000D5901361D6901461D7901661D890176145
:1069E000D9901861DA901961DB901B61DC901C6111
:1069F000DD901D61DE901E61DF902161E0902261DB
:106A0000E1902561E2902861E3902961E4902A6198
:106A1000E5902C61E6902D61E7902E61E8902F6162
:106A2000E9903061EA903161EB903261EC90336132
:106A3000ED903461EE903561EF903661F090376102
:106A4000F1903861F2903961F3903A61F4903B61D2
:106A5000F5903C61F6903D61F7903E61F8904061A1
:106A6000F9904161FA904261FB904361FC9044616E
:106A7000FD904561FE9046614091476141914961B9
:106A800042914B6143914D6144914F6145915061F9
:106A900046915261479153614891546149915661C1
:106AA0004A9157614B9158614C9159614D915A618E
:106AB0004E915B614F915C6150915E6151915F615C
:106AC0005291606153916161549163615591646128
:106AD00056916561579166615891696159916A61F2
:106AE0005A916B615B916C615C916D615D916E61BE
:106AF0005E916F615F91716160917261619173618B
:106B00006291746163917661649178616591796154
:106B100066917A6167917B6168917C6169917D6121
:106B20006A917E616B917F616C9180616D918161F1
:106B30006E9182616F9183617091846171918561C1
:106B40007291866173918761749188617591896191
:106B500076918A6177918C6178918D6179918F615D
:106B60007A9190617B9191617C9192617D91936129
:106B70007E919561809196618191976182919861F2
:106B80008391996184919A6185919B6186919C61C1
:106B900087919E6188919F618991A0618A91A1618D
:106BA0008B91A2618C91A3618D91A4618E91A5615D
:106BB0008F91A6619091AA619191AB619291AD6123
:106BC0009391AE619491AF619591B0619691B161ED
:106BD0009791B2619891B3619991B4619A91B561BD
:106BE0009B91B6619C91B8619D91B9619E91BA618A
:106BF0009F91BB61A091BC61A191BD61A291BF6158
:106C0000A391C061A491C161A591C361A691C46122
:106C1000A791C561A891C661A991C761AA91C961EF
:106C2000AB91CC61AC91CD61AD91CE61AE91CF61B4
:106C3000AF91D061B091D361B191D561B291D6617C
:106C4000B391D761B491D861B591D961B691DA6148
:106C5000B791DB61B891DC61B991DD61BA91DE6118
:106C6000BB91DF61BC91E061BD91E161BE91E261E8
:106C7000BF91E361C091E461C191E561C291E761B7
:106C8000C391E861C491E961C591EA61C691EB6184
:106C9000C791EC61C891ED61C991EE61CA91EF6154
:106CA000CB91F061CC91F161CD91F261CE91F36124
:106CB000CF91F461D091F661D191F761D291F861F1
:106CC000D391F961D491FA61D591FB61D691FC61C0
:106CD000D791FD61D891FE61D9910062DA9101628C
:106CE000DB910262DC910362DD910462DE91056258
:106CF000DF910762E0910962E1911362E29114620F
:106D0000E3911962E4911C62E5911D62E6911E62B5
:106D1000E7912062E8912362E9912662EA91276275
:106D2000EB912862EC912962ED912B62EE912D623C
:106D3000EF912F62F0913062F1913162F291326203
:106D4000F3913562F4913662F5913862F6913962C9
:106D5000F7913A62F8913B62F9913C62FA91426292
:106D6000FB914462FC914562FD914662FE914A624C
:106D700040924F62419250624292556243925662F3
:106D8000449257624592596246925A6247925C62B7
:106D900048925D6249925E624A925F624B92606283
:106DA0004C9261624D9262624E9264624F92656251
:106DB00050926862519271625292726253927462FE
:106DC00054927562559277625692786257927A62BF
:106DD00058927B6259927D625A9281625B92826282
:106DE0005C9283625D9285625E9286625F92876248
:106DF0006092886261928B6262928C6263928D6211
:106E000064928E6265928F626692906267929462DB
:106E10006892996269929C626A929D626B929E628C
:106E20006C92A3626D92A6626E92A7626F92A96243
:106E30007092AA627192AD627292AE627392AF6208
:106E40007492B0627592B2627692B3627792B462D3
:106E50007892B6627992B7627A92B8627B92BA629D
:106E60007C92BE627D92C0627E92C1628092C36259
:106E70008192CB628292CF628392D1628492D562F8
:106E80008592DD628692DE628792E0628892E1629C
:106E90008992E4628A92EA628B92EB628C92F0624F
:106EA0008D92F2628E92F5628F92F8629092F96200
:106EB0009192FA629292FB629392006394920363BE
:106EC00095920463969205639792066398920A637B
:106ED00099920B639A920C639B920D639C920F6341
:106EE0009D9210639E9212639F921363A09214630B
:106EF000A1921563A2921763A3921863A4921963D7
:106F0000A5921C63A6922663A7922763A892296381
:106F1000A9922C63AA922D63AB922E63AC9230633C
:106F2000AD923163AE923363AF923463B092356306
:106F3000B1923663B2923763B3923863B4923B63D3
:106F4000B5923C63B6923E63B7923F63B89240639A
:106F5000B9924163BA924463BB924763BC9248635F
:106F6000BD924A63BE925163BF925263C092536313
:106F7000C1925463C2925663C3925763C4925863DA
:106F8000C5925963C6925A63C7925B63C8925C63A9
:106F9000C9925D63CA926063CB926463CC9265636D
:106FA000CD926663CE926863CF926A63D0926B6330
:106FB000D1926C63D2926F63D3927063D4927263F6
:106FC000D5927363D6927463D7927563D8927863BF
:106FD000D9927963DA927C63DB927D63DC927E6383
:106FE000DD927F63DE928163DF928363E09284634C
:106FF000E1928563E2928663E3928B63E4928D6310
:10700000E5929163E6929363E7929463E8929563C5
:10701000E9929763EA929963EB929A63EC929B638D
:10702000ED929C63EE929D63EF929E63F0929F635C
:10703000F192A163F292A463F392A663F492AB631C
:10704000F592AF63F692B163F792B263F892B563CB
:10705000F992B663FA92B963FB92BB63FC92BD638B
:10706000FD92BF63FE92C0634093C1634193C263CC
:107070004293C3634393C5634493C7634593C86313
:107080004693CA634793CB634893CC634993D163D8
:107090004A93D3634B93D4634C93D5634D93D76397
:1070A0004E93D8634F93D9635093DA635193DB6364
:1070B0005293DC635393DD635493DF635593E26330
:1070C0005693E4635793E5635893E6635993E763F4
:1070D0005A93E8635B93EB635C93EC635D93EE63BD
:1070E0005E93EF635F93F0636093F1636193F36387
:1070F0006293F5636393F7636493F9636593FA634B
:107100006693FB636793FC636893FE636993036410
:107110006A9304646B9306646C9307646D930864CC
:107120006E9309646F930A6470930D6471930E6497
:107130007293116473931264749315647593166457
:1071400076931764779318647893196479931A6423
:107150007A931D647B931F647C9322647D932364E4
:107160007E932464809325648193276482932864AA
:107170008393296484932B6485932E6486932F6470
:107180008793306488933164899332648A9333643B
:107190008B9335648C9336648D9337648E93386407
:1071A0008F93396490933B6491933C6492933E64D3
:1071B0009393406494934264959343649693496493
:1071C00097934B6498934C6499934D649A934E644F
:1071D0009B934F649C9350649D9351649E9353641E
:1071E0009F935564A0935664A1935764A2935964E6
:1071F000A3935A64A4935B64A5935C64A6935D64B3
:10720000A7935F64A8936064A9936164AA9362647E
:10721000AB936364AC936464AD936564AE9366644E
:10722000AF936864B0936A64B1936B64B2936C6417
:10723000B3936E64B4936F64B5937064B6937164E2
:10724000B7937264B8937364B9937464BA937564B2
:10725000BB937664BC937764BD937B64BE937C647C
:10726000BF937D64C0937E64C1937F64C293806446
:10727000C3938164C4938364C5938664C69388640E
:10728000C7938964C8938A64C9938B64CA938C64D6
:10729000CB938D64CC938E64CD938F64CE939064A6
:1072A000CF939364D0939464D1939764D29398646A
:1072B000D3939A64D4939B64D5939C64D6939D6432
:1072C000D7939F64D893A064D993A164DA93A264FE
:1072D000DB93A364DC93A564DD93A664DE93A764CB
:1072E000DF93A864E093AA64E193AB64E293AF6494
:1072F000E393B164E493B264E593B364E693B46456
:10730000E793B664E893B964E993BB64EA93BD6418
:10731000EB93BE64EC93BF64ED93C164EE93C364DE
:10732000EF93C464F093C664F193C764F293C864A6
:10733000F393C964F493CA64F593CB64F693CC6475
:10734000F793CF64F893D164F993D364FA93D46438
:10735000FB93D564FC93D664FD93D964FE93DA6401
:107360004094DB644194DC644294DD644394DF64C4
:107370004494E0644594E1644694E3644794E5648E
:107380004894E7644994E8644A94E9644B94EA6455
:107390004C94EB644D94EC644E94ED644F94EE6425
:1073A0005094EF645194F0645294F1645394F264F5
:1073B0005494F3645594F4645694F5645794F664C5
:1073C0005894F7645994F8645A94F9645B94FA6495
:1073D0005C94FB645D94FC645E94FD645F94FE6465
:1073E0006094FF646194016562940265639403652F
:1073F00064940465659405656694066567940765FD
:107400006894086569940A656A940B656B940C65C9
:107410006C940D656D940E656E940F656F94106598
:107420007094116571941365729414657394156565
:1074300074941665759417657694196577941A6532
:1074400078941B6579941C657A941D657B941E6500
:107450007C941F657D9420657E94216580942265CF
:10746000819423658294246583942665849427659A
:10747000859428658694296587942A6588942C6567
:1074800089942D658A9430658B9431658C9432652E
:107490008D9433658E9437658F943A6590943C65EE
:1074A00091943D65929440659394416594944265AE
:1074B000959443659694446597944665989447657A
:1074C00099944A659A944B659B944D659C944E653E
:1074D0009D9450659E9452659F945365A094546505
:1074E000A1945765A2945865A3945A65A4945C65C9
:1074F000A5945F65A6946065A7946165A89464658A
:10750000A9946565AA946765AB946865AC94696550
:10751000AD946A65AE946D65AF946E65B0946F6519
:10752000B1947165B2947365B3947565B4947665DE
:10753000B5947865B6947965B7947A65B8947B65A7
:10754000B9947C65BA947D65BB947E65BC947F6577
:10755000BD948065BE948165BF948265C094836547
:10756000C1948465C2948565C3948665C494886516
:10757000C5948965C6948A65C7948D65C8948E65DF
:10758000C9948F65CA949265CB949465CC949565A3
:10759000CD949665CE949865CF949A65D0949D6568
:1075A000D1949E65D294A065D394A265D494A3652A
:1075B000D594A665D694A865D794AA65D894AC65E9
:1075C000D994AE65DA94B165DB94B265DC94B365A9
:1075D000DD94B465DE94B565DF94B665E094B76577
:1075E000E194B865E294BA65E394BB65E494BE6542
:1075F000E594BF65E694C065E794C265E894C76505
:10760000E994C865EA94C965EB94CA65EC94CD65C4
:10761000ED94D065EE94D165EF94D365F094D46584
:10762000F194D565F294D865F394D965F494DA654C
:10763000F594DB65F694DC65F794DD65F894DE651A
:10764000F994DF65FA94E165FB94E365FC94E465E5
:10765000FD94EA65FE94EB654095F2654195F3650E
:107660004295F4654395F5654495F8654595F9654A
:107670004695FB654795FC654895FD654995FE6512
:107680004A95FF654B9501664C9504664D950566D8
:107690004E9507664F9508665095096651950B669D
:1076A00052950D6653951066549511665595126660
:1076B00056951666579517665895186659951A6621
:1076C0005A951B665B951C665C951E665D952166EA
:1076D0005E9522665F9523666095246661952666B1
:1076E0006295296663952A6664952B6665952C6676
:1076F00066952E666795306668953266699533663D
:107700006A9537666B9538666C9539666D953A66FD
:107710006E953B666F953D6670953F6671954066C8
:10772000729542667395446674954566759546668E
:1077300076954766779548667895496679954A665D
:107740007A954D667B954E667C9550667D95516623
:107750007E9558668095596681955B6682955C66D4
:1077600083955D6684955E6685956066869562669E
:107770008795636688956566899567668A95696663
:107780008B956A668C956B668D956C668E956D662D
:107790008F957166909572669195736692957566F0
:1077A000939578669495796695957B6696957C66B3
:1077B00097957D6698957F66999580669A9581667E
:1077C0009B9583669C9585669D9586669E95886645
:1077D0009F958966A0958A66A1958B66A2958D6610
:1077E000A3958E66A4958F66A5959066A6959266DC
:1077F000A7959366A8959466A9959566AA959866A7
:10780000AB959966AC959A66AD959B66AE959C6670
:10781000AF959E66B0959F66B195A066B295A1663C
:10782000B395A266B495A366B595A466B695A5660C
:10783000B795A666B895A966B995AA66BA95AB66D6
:10784000BB95AC66BC95AD66BD95AF66BE95B066A2
:10785000BF95B166C095B266C195B366C295B5666F
:10786000C395B666C495B766C595B866C695BA663B
:10787000C795BB66C895BC66C995BD66CA95BF6607
:10788000CB95C066CC95C166CD95C266CE95C366D4
:10789000CF95C466D095C566D195C666D295C766A4
:1078A000D395C866D495C966D595CA66D695CB6674
:1078B000D795CC66D895CD66D995CE66DA95CF6644
:1078C000DB95D066DC95D166DD95D266DE95D36614
:1078D000DF95D466E095D566E195D666E295D766E4
:1078E000E395D866E495DA66E595DE66E695DF66AB
:1078F000E795E066E895E166E995E266EA95E36674
:10790000EB95E466EC95E566ED95E766EE95E86641
:10791000EF95EA66F095EB66F195EC66F295ED660B
:10792000F395EE66F495EF66F595F166F695F566D6
:10793000F795F666F895F866F995FA66FA95FB6696
:10794000FB95FD66FC950167FD950267FE95036753
:107950004096046741960567429606674396076717
:1079600044960C6745960E6746960F6747961167D3
:1079700048961267499613674A9616674B9618679A
:107980004C9619674D961A674E961C674F961E6760
:107990005096206751962167529622675396236727
:1079A00054962467559625675696276757962967F4
:1079B00058962E67599630675A9632675B963367AA
:1079C0005C9636675D9637675E9638675F9639676F
:1079D00060963B6761963C6762963E6763963F6739
:1079E00064964167659644676696456767964767FC
:1079F00068964A6769964B676A964D676B965267B9
:107A00006C9654676D9655676E9657676F96586774
:107A10007096596771965A6772965B6773965D6741
:107A200074966267759663677696646777966667FD
:107A30007896676779966B677A966C677B966E67C0
:107A40007C9671677D9674677E9676678096786778
:107A50008196796782967A6783967B6784967D673D
:107A600085968067869682678796836788968567FE
:107A7000899686678A9688678B968A678C968C67C4
:107A80008D968D678E968E678F968F67909691678D
:107A90009196926792969367939694679496966759
:107AA0009596996796969B6797969F679896A06715
:107AB0009996A1679A96A4679B96A6679C96A967D4
:107AC0009D96AC679E96AE679F96B167A096B2678B
:107AD000A196B467A296B967A396BA67A496BB6746
:107AE000A596BC67A696BD67A796BE67A896BF6712
:107AF000A996C067AA96C267AB96C567AC96C667DB
:107B0000AD96C767AE96C867AF96C967B096CA67A5
:107B1000B196CB67B296CC67B396CD67B496CE6775
:107B2000B596D567B696D667B796D767B896DB672A
:107B3000B996DF67BA96E167BB96E367BC96E467E0
:107B4000BD96E667BE96E767BF96E867C096EA67A8
:107B5000C196EB67C296ED67C396EE67C496F2676F
:107B6000C596F567C696F667C796F767C896F8672D
:107B7000C996F967CA96FA67CB96FB67CC96FC67FD
:107B8000CD96FE67CE960168CF960268D0960368C0
:107B9000D1960468D2960668D3960D68D49610687C
:107BA000D5961268D6961468D7961568D896186830
:107BB000D9961968DA961A68DB961B68DC961C68F9
:107BC000DD961E68DE961F68DF962068E0962268C4
:107BD000E1962368E2962468E3962568E496266891
:107BE000E5962768E6962868E7962B68E8962C685D
:107BF000E9962D68EA962E68EB962F68EC96306829
:107C0000ED963168EE963468EF963568F0963668F2
:107C1000F1963A68F2963B68F3963F68F4964768A7
:107C2000F5964B68F6964D68F7964F68F896526849
:107C3000F9965668FA965768FB965868FC96596804
:107C4000FD965A68FE965B6840975C6841975D6850
:107C500042975E6843975F6844976A6845976C6887
:107C600046976D6847976E6848976F684997706840
:107C70004A9771684B9772684C9773684D9775680F
:107C80004E9778684F97796850977A6851977B68D4
:107C900052977C6853977D6854977E6855977F68A4
:107CA000569780685797826858978468599787686D
:107CB0005A9788685B9789685C978A685D978B6834
:107CC0005E978C685F978D6860978E686197906803
:107CD00062979168639792686497946865979568CE
:107CE00066979668679798686897996869979A6899
:107CF0006A979B686B979C686C979D686D979E6868
:107D00006E979F686F97A0687097A1687197A36836
:107D10007297A4687397A5687497A9687597AA68FD
:107D20007697AB687797AC687897AE687997B168C3
:107D30007A97B2687B97B4687C97B6687D97B76886
:107D40007E97B8688097B9688197BA688297BB6850
:107D50008397BC688497BD688597BE688697BF681F
:107D60008797C1688897C3688997C4688A97C568E8
:107D70008B97C6688C97C7688D97C8688E97CA68B6
:107D80008F97CC689097CE689197CF689297D0687C
:107D90009397D1689497D3689597D4689697D66847
:107DA0009797D7689897D9689997DB689A97DC680E
:107DB0009B97DD689C97DE689D97DF689E97E168DA
:107DC0009F97E268A097E468A197E568A297E668A4
:107DD000A397E768A497E868A597E968A697EA6873
:107DE000A797EB68A897EC68A997ED68AA97EF6842
:107DF000AB97F268AC97F368AD97F468AE97F66806
:107E0000AF97F768B097F868B197FB68B297FD68CD
:107E1000B397FE68B497FF68B5970069B697026993
:107E2000B7970369B8970469B9970669BA9707695C
:107E3000BB970869BC970969BD970A69BE970C6929
:107E4000BF970F69C0971169C1971369C2971469E9
:107E5000C3971569C4971669C5971769C6971869B6
:107E6000C7971969C8971A69C9971B69CA971C6986
:107E7000CB971D69CC971E69CD972169CE97226952
:107E8000CF972369D0972569D1972669D29727691B
:107E9000D3972869D4972969D5972A69D6972B69EA
:107EA000D7972C69D8972E69D9972F69DA973169B6
:107EB000DB973269DC973369DD973569DE97366980
:107EC000DF973769E0973869E1973A69E2973B694C
:107ED000E3973C69E4973E69E5974069E697416915
:107EE000E7974369E8974469E9974569EA974669DE
:107EF000EB974769EC974869ED974969EE974A69AE
:107F0000EF974B69F0974C69F1974D69F2974E697D
:107F1000F3974F69F4975069F5975169F69752694D
:107F2000F7975369F8975569F9975669FA97586919
:107F3000FB975969FC975B69FD975C69FE975F69E0
:107F4000409861694198626942986469439865699B
:107F500044986769459868694698696947986A6965
:107F600048986C6949986D694A986F694B9870692F
:107F70004C9872694D9873694E9874694F987569F9
:107F80005098766951987A6952987B6953987D69BF
:107F900054987E6955987F69569881695798836986
:107FA0005898856959988A695A988B695B988C6941
:107FB0005C988E695D988F695E9890695F98916909
:107FC00060989269619893696298966963989769D5
:107FD0006498996965989A6966989D6967989E6999
:107FE00068989F696998A0696A98A1696B98A26965
:107FF0006C98A3696D98A4696E98A5696F98A66935
:108000007098A9697198AA697298AC697398AE69F9
:108010007498AF697598B0697698B2697798B369C2
:108020007898B5697998B6697A98B8697B98B9698A
:108030007C98BA697D98BC697E98BD698098BE6954
:108040008198BF698298C0698398C2698498C3691E
:108050008598C4698698C5698798C6698898C769EC
:108060008998C8698A98C9698B98CB698C98CD69B9
:108070008D98CF698E98D1698F98D2699098D3697D
:108080009198D5699298D6699398D7699498D86948
:108090009598D9699698DA699798DC699898DD6916
:1080A0009998DE699A98E1699B98E2699C98E369DE
:1080B0009D98E4699E98E5699F98E669A098E769AC
:1080C000A198E869A298E969A398EA69A498EB697C
:1080D000A598EC69A698EE69A798EF69A898F06949
:1080E000A998F169AA98F369AB98F469AC98F56915
:1080F000AD98F669AE98F769AF98F869B098F969E4
:10810000B198FA69B298FB69B398FC69B498FE69B2
:10811000B598006AB698016AB798026AB898036A77
:10812000B998046ABA98056ABB98066ABC98076A47
:10813000BD98086ABE98096ABF980B6AC0980C6A15
:10814000C1980D6AC2980E6AC3980F6AC498106AE3
:10815000C598116AC698126AC798136AC898146AB3
:10816000C998156ACA98166ACB98196ACC981A6A7F
:10817000CD981B6ACE981C6ACF981D6AD0981E6A4B
:10818000D198206AD298226AD398236AD498246A14
:10819000D598256AD698266AD798276AD898296AE2
:1081A000D9982B6ADA982C6ADB982D6ADC982E6AAB
:1081B000DD98306ADE98326ADF98336AE098346A74
:1081C000E198366AE298376AE398386AE498396A3F
:1081D000E5983A6AE6983B6AE7983C6AE8983F6A0D
:1081E000E998406AEA98416AEB98426AEC98436AD7
:1081F000ED98456AEE98466AEF98486AF098496AA1
:10820000F1984A6AF2984B6AF3984C6AF4984D6A6E
:10821000F5984E6AF6984F6AF798516AF898526A3C
:10822000F998536AFA98546AFB98556AFC98566A0A
:10823000FD98576AFE985A6A40995C6A41995D6A4E
:1082400042995E6A43995F6A4499606A4599626A95
:108250004699636A4799646A4899666A4999676A60
:108260004A99686A4B99696A4C996A6A4D996B6A2E
:108270004E996C6A4F996D6A50996E6A51996F6AFE
:108280005299706A5399726A5499736A5599746ACB
:108290005699756A5799766A5899776A5999786A9A
:1082A0005A997A6A5B997B6A5C997D6A5D997E6A64
:1082B0005E997F6A5F99816A6099826A6199836A2F
:1082C0006299856A6399866A6499876A6599886AFA
:1082D0006699896A67998A6A68998B6A69998C6ACA
:1082E0006A998D6A6B998F6A6C99926A6D99936A93
:1082F0006E99946A6F99956A7099966A7199986A5D
:108300007299996A73999A6A74999B6A75999C6A29
:1083100076999D6A77999E6A78999F6A7999A16AF8
:108320007A99A26A7B99A36A7C99A46A7D99A56AC5
:108330007E99A66A8099A76A8199A86A8299AA6A91
:108340008399AD6A8499AE6A8599AF6A8699B06A55
:108350008799B16A8899B26A8999B36A8A99B46A25
:108360008B99B56A8C99B66A8D99B76A8E99B86AF5
:108370008F99B96A9099BA6A9199BB6A9299BC6AC5
:108380009399BD6A9499BE6A9599BF6A9699C06A95
:108390009799C16A9899C26A9999C36A9A99C46A65
:1083A0009B99C56A9C99C66A9D99C76A9E99C86A35
:1083B0009F99C96AA099CA6AA199CB6AA299CC6A05
:1083C000A399CD6AA499CE6AA599CF6AA699D06AD5
:1083D000A799D16AA899D26AA999D36AAA99D46AA5
:1083E000AB99D56AAC99D66AAD99D76AAE99D86A75
:1083F000AF99D96AB099DA6AB199DB6AB299DC6A45
:10840000B399DD6AB499DE6AB599DF6AB699E06A14
:10841000B799E16AB899E26AB999E36ABA99E46AE4
:10842000BB99E56ABC99E66ABD99E76ABE99E86AB4
:10843000BF99E96AC099EA6AC199EB6AC299EC6A84
:10844000C399ED6AC499EE6AC599EF6AC699F06A54
:10845000C799F16AC899F26AC999F36ACA99F46A24
:10846000CB99F56ACC99F66ACD99F76ACE99F86AF4
:10847000CF99F96AD099FA6AD199FB6AD299FC6AC4
:10848000D399FD6AD499FE6AD599FF6AD699006B93
:10849000D799016BD899026BD999036BDA99046B60
:1084A000DB99056BDC99066BDD99076BDE99086B30
:1084B000DF99096BE0990A6BE1990B6BE2990C6B00
:1084C000E3990D6BE4990E6BE5990F6BE699106BD0
:1084D000E799116BE899126BE999136BEA99146BA0
:1084E000EB99156BEC99166BED99176BEE99186B70
:1084F000EF99196BF0991A6BF1991B6BF2991C6B40
:10850000F3991D6BF4991E6BF5991F6BF699256B0A
:10851000F799266BF899286BF999296BFA992A6BC8
:10852000FB992B6BFC992C6BFD992D6BFE992E6B97
:10853000409A2F6B419A306B429A316B439A336B5E
:10854000449A346B459A356B469A366B479A386B2A
:10855000489A3B6B499A3C6B4A9A3D6B4B9A3F6BEE
:108560004C9A406B4D9A416B4E9A426B4F9A446BBA
:10857000509A456B519A486B529A4A6B539A4B6B7F
:10858000549A4D6B559A4E6B569A4F6B579A506B47
:10859000589A516B599A526B5A9A536B5B9A546B17
:1085A0005C9A556B5D9A566B5E9A576B5F9A586BE7
:1085B000609A5A6B619A5B6B629A5C6B639A5D6BB3
:1085C000649A5E6B659A5F6B669A606B679A616B83
:1085D000689A686B699A696B6A9A6B6B6B9A6C6B39
:1085E0006C9A6D6B6D9A6E6B6E9A6F6B6F9A706B07
:1085F000709A716B719A726B729A736B739A746BD7
:10860000749A756B759A766B769A776B779A786BA6
:10861000789A7A6B799A7D6B7A9A7E6B7B9A7F6B6C
:108620007C9A806B7D9A856B7E9A886B809A8C6B26
:10863000819A8E6B829A8F6B839A906B849A916BDE
:10864000859A946B869A956B879A976B889A986BA4
:10865000899A996B8A9A9C6B8B9A9D6B8C9A9E6B6C
:108660008D9A9F6B8E9AA06B8F9AA26B909AA36B38
:10867000919AA46B929AA56B939AA66B949AA76B06
:10868000959AA86B969AA96B979AAB6B989AAC6BD4
:10869000999AAD6B9A9AAE6B9B9AAF6B9C9AB06BA2
:1086A0009D9AB16B9E9AB26B9F9AB66BA09AB86B6B
:1086B000A19AB96BA29ABA6BA39ABB6BA49ABC6B32
:1086C000A59ABD6BA69ABE6BA79AC06BA89AC36BFE
:1086D000A99AC46BAA9AC66BAB9AC76BAC9AC86BC3
:1086E000AD9AC96BAE9ACA6BAF9ACC6BB09ACE6B8F
:1086F000B19AD06BB29AD16BB39AD86BB49ADA6B49
:10870000B59ADC6BB69ADD6BB79ADE6BB89ADF6B05
:10871000B99AE06BBA9AE26BBB9AE36BBC9AE46BD2
:10872000BD9AE56BBE9AE66BBF9AE76BC09AE86BA1
:10873000C19AE96BC29AEC6BC39AED6BC49AEE6B6B
:10874000C59AF06BC69AF16BC79AF26BC89AF46B34
:10875000C99AF66BCA9AF76BCB9AF86BCC9AFA6BFC
:10876000CD9AFB6BCE9AFC6BCF9AFE6BD09AFF6BC7
:10877000D19A006CD29A016CD39A026CD49A036C91
:10878000D59A046CD69A086CD79A096CD89A0A6C58
:10879000D99A0B6CDA9A0C6CDB9A0E6CDC9A126C20
:1087A000DD9A176CDE9A1C6CDF9A1D6CE09A1E6CC9
:1087B000E19A206CE29A236CE39A256CE49A2B6C84
:1087C000E59A2C6CE69A2D6CE79A316CE89A336C3A
:1087D000E99A366CEA9A376CEB9A396CEC9A3A6CF7
:1087E000ED9A3B6CEE9A3C6CEF9A3E6CF09A3F6CC3
:1087F000F19A436CF29A446CF39A456CF49A486C83
:10880000F59A4B6CF69A4C6CF79A4D6CF89A4E6C44
:10881000F99A4F6CFA9A516CFB9A526CFC9A536C11
:10882000FD9A566CFE9A586C409B596C419B5A6C51
:10883000429B626C439B636C449B656C459B666C7E
:10884000469B676C479B6B6C489B6C6C499B6D6C43
:108850004A9B6E6C4B9B6F6C4C9B716C4D9B736C0D
:108860004E9B756C4F9B776C509B786C519B7A6CD0
:10887000529B7B6C539B7C6C549B7F6C559B806C98
:10888000569B846C579B876C589B8A6C599B8B6C4E
:108890005A9B8D6C5B9B8E6C5C9B916C5D9B926C10
:1088A0005E9B956C5F9B966C609B976C619B986CD4
:1088B000629B9A6C639B9C6C649B9D6C659B9E6C9D
:1088C000669BA06C679BA26C689BA86C699BAC6C58
:1088D0006A9BAF6C6B9BB06C6C9BB46C6D9BB56C06
:1088E0006E9BB66C6F9BB76C709BBA6C719BC06CC7
:1088F000729BC16C739BC26C749BC36C759BC66C82
:10890000769BC76C779BC86C789BCB6C799BCD6C46
:108910007A9BCE6C7B9BCF6C7C9BD16C7D9BD26C0D
:108920007E9BD86C809BD96C819BDA6C829BDC6CC3
:10893000839BDD6C849BDF6C859BE46C869BE66C83
:10894000879BE76C889BE96C899BEC6C8A9BED6C40
:108950008B9BF26C8C9BF46C8D9BF96C8E9BFF6CEB
:108960008F9B006D909B026D919B036D929B056D9B
:10897000939B066D949B086D959B096D969B0A6D64
:10898000979B0D6D989B0F6D999B106D9A9B116D28
:108990009B9B136D9C9B146D9D9B156D9E9B166DF3
:1089A0009F9B186DA09B1C6DA19B1D6DA29B1F6DB5
:1089B000A39B206DA49B216DA59B226DA69B236D7F
:1089C000A79B246DA89B266DA99B286DAA9B296D4A
:1089D000AB9B2C6DAC9B2D6DAD9B2F6DAE9B306D0D
:1089E000AF9B346DB09B366DB19B376DB29B386DCC
:1089F000B39B3A6DB49B3F6DB59B406DB69B426D8A
:108A0000B79B446DB89B496DB99B4C6DBA9B506D3B
:108A1000BB9B556DBC9B566DBD9B576DBE9B586DEA
:108A2000BF9B5B6DC09B5D6DC19B5F6DC29B616DAC
:108A3000C39B626DC49B646DC59B656DC69B676D72
:108A4000C79B686DC89B6B6DC99B6C6DCA9B6D6D38
:108A5000CB9B706DCC9B716DCD9B726DCE9B736DFE
:108A6000CF9B756DD09B766DD19B796DD29B7A6DC6
:108A7000D39B7B6DD49B7D6DD59B7E6DD69B7F6D8F
:108A8000D79B806DD89B816DD99B836DDA9B846D5C
:108A9000DB9B866DDC9B876DDD9B8A6DDE9B8B6D22
:108AA000DF9B8D6DE09B8F6DE19B906DE29B926DE6
:108AB000E39B966DE49B976DE59B986DE69B996DA6
:108AC000E79B9A6DE89B9C6DE99BA26DEA9BA56D67
:108AD000EB9BAC6DEC9BAD6DED9BB06DEE9BB16D0A
:108AE000EF9BB36DF09BB46DF19BB66DF29BB76DD0
:108AF000F39BB96DF49BBA6DF59BBB6DF69BBC6D9A
:108B0000F79BBD6DF89BBE6DF99BC16DFA9BC26D65
:108B1000FB9BC36DFC9BC86DFD9BC96DFE9BCA6D25
:108B2000409CCD6D419CCE6D429CCF6D439CD06DE1
:108B3000449CD26D459CD36D469CD46D479CD56DAD
:108B4000489CD76D499CDA6D4A9CDB6D4B9CDC6D73
:108B50004C9CDF6D4D9CE26D4E9CE36D4F9CE56D32
:108B6000509CE76D519CE86D529CE96D539CEA6DF9
:108B7000549CED6D559CEF6D569CF06D579CF26DBD
:108B8000589CF46D599CF56D5A9CF66D5B9CF86D84
:108B90005C9CFA6D5D9CFD6D5E9CFE6D5F9CFF6D47
:108BA000609C006E619C016E629C026E639C036E11
:108BB000649C046E659C066E669C076E679C086EDE
:108BC000689C096E699C0B6E6A9C0F6E6B9C126EA2
:108BD0006C9C136E6D9C156E6E9C186E6F9C196E5E
:108BE000709C1B6E719C1C6E729C1E6E739C1F6E23
:108BF000749C226E759C266E769C276E779C286EE0
:108C0000789C2A6E799C2C6E7A9C2E6E7B9C306EA2
:108C10007C9C316E7D9C336E7E9C356E809C366E66
:108C2000819C376E829C396E839C3B6E849C3C6E2B
:108C3000859C3D6E869C3E6E879C3F6E889C406EF8
:108C4000899C416E8A9C426E8B9C456E8C9C466EC4
:108C50008D9C476E8E9C486E8F9C496E909C4A6E90
:108C6000919C4B6E929C4C6E939C4F6E949C506E5C
:108C7000959C516E969C526E979C556E989C576E23
:108C8000999C596E9A9C5A6E9B9C5C6E9C9C5D6EE6
:108C90009D9C5E6E9E9C606E9F9C616EA09C626EB1
:108CA000A19C636EA29C646EA39C656EA49C666E80
:108CB000A59C676EA69C686EA79C696EA89C6A6E50
:108CC000A99C6C6EAA9C6D6EAB9C6F6EAC9C706E1A
:108CD000AD9C716EAE9C726EAF9C736EB09C746EE8
:108CE000B19C756EB29C766EB39C776EB49C786EB8
:108CF000B59C796EB69C7A6EB79C7B6EB89C7C6E88
:108D0000B99C7D6EBA9C806EBB9C816EBC9C826E51
:108D1000BD9C846EBE9C876EBF9C886EC09C8A6E14
:108D2000C19C8B6EC29C8C6EC39C8D6EC49C8E6EDF
:108D3000C59C916EC69C926EC79C936EC89C946EA7
:108D4000C99C956ECA9C966ECB9C976ECC9C996E76
:108D5000CD9C9A6ECE9C9B6ECF9C9D6ED09C9E6E41
:108D6000D19CA06ED29CA16ED39CA36ED49CA46E09
:108D7000D59CA66ED69CA86ED79CA96ED89CAB6ECF
:108D8000D99CAC6EDA9CAD6EDB9CAE6EDC9CB06E9A
:108D9000DD9CB36EDE9CB56EDF9CB86EE09CB96E58
:108DA000E19CBC6EE29CBE6EE39CBF6EE49CC06E18
:108DB000E59CC36EE69CC46EE79CC56EE89CC66EDF
:108DC000E99CC86EEA9CC96EEB9CCA6EEC9CCC6EAA
:108DD000ED9CCD6EEE9CCE6EEF9CD06EF09CD26E74
:108DE000F19CD66EF29CD86EF39CD96EF49CDB6E2F
:108DF000F59CDC6EF69CDD6EF79CE36EF89CE76EEE
:108E0000F99CEA6EFA9CEB6EFB9CEC6EFC9CED6EA2
:108E1000FD9CEE6EFE9CEF6E409DF06E419DF16EEE
:108E2000429DF26E439DF36E449DF56E459DF66E38
:108E3000469DF76E479DF86E489DFA6E499DFB6E04
:108E40004A9DFC6E4B9DFD6E4C9DFE6E4D9DFF6ED2
:108E50004E9D006F4F9D016F509D036F519D046F9C
:108E6000529D056F539D076F549D086F559D0A6F66
:108E7000569D0B6F579D0C6F589D0D6F599D0E6F32
:108E80005A9D106F5B9D116F5C9D126F5D9D166FFB
:108E90005E9D176F5F9D186F609D196F619D1A6FC2
:108EA000629D1B6F639D1C6F649D1D6F659D1E6F92
:108EB000669D1F6F679D216F689D226F699D236F5F
:108EC0006A9D256F6B9D266F6C9D276F6D9D286F2A
:108ED0006E9D2C6F6F9D2E6F709D306F719D326FE8
:108EE000729D346F739D356F749D376F759D386FAC
:108EF000769D396F779D3A6F789D3B6F799D3C6F7A
:108F00007A9D3D6F7B9D3F6F7C9D406F7D9D416F46
:108F10007E9D426F809D436F819D446F829D456F12
:108F2000839D486F849D496F859D4A6F869D4C6FD8
:108F3000879D4E6F889D4F6F899D506F8A9D516FA1
:108F40008B9D526F8C9D536F8D9D546F8E9D556F71
:108F50008F9D566F909D576F919D596F929D5A6F3F
:108F6000939D5B6F949D5D6F959D5F6F969D606F08
:108F7000979D616F989D636F999D646F9A9D656FD2
:108F80009B9D676F9C9D686F9D9D696F9E9D6A6F9D
:108F90009F9D6B6FA09D6C6FA19D6F6FA29D706F69
:108FA000A39D716FA49D736FA59D756FA69D766F30
:108FB000A79D776FA89D796FA99D7B6FAA9D7D6FF7
:108FC000AB9D7E6FAC9D7F6FAD9D806FAE9D816FC1
:108FD000AF9D826FB09D836FB19D856FB29D866F8F
:108FE000B39D876FB49D8A6FB59D8B6FB69D8F6F54
:108FF000B79D906FB89D916FB99D926FBA9D936F19
:10900000BB9D946FBC9D956FBD9D966FBE9D976FE8
:10901000BF9D986FC09D996FC19D9A6FC29D9B6FB8
:10902000C39D9D6FC49D9E6FC59D9F6FC69DA06F84
:10903000C79DA26FC89DA36FC99DA46FCA9DA56F50
:10904000CB9DA66FCC9DA86FCD9DA96FCE9DAA6F1D
:10905000CF9DAB6FD09DAC6FD19DAD6FD29DAE6FEC
:10906000D39DAF6FD49DB06FD59DB16FD69DB26FBC
:10907000D79DB46FD89DB56FD99DB76FDA9DB86F86
:10908000DB9DBA6FDC9DBB6FDD9DBC6FDE9DBD6F50
:10909000DF9DBE6FE09DBF6FE19DC16FE29DC36F1D
:1090A000E39DC46FE49DC56FE59DC66FE69DC76FE8
:1090B000E79DC86FE89DCA6FE99DCB6FEA9DCC6FB5
:1090C000EB9DCD6FEC9DCE6FED9DCF6FEE9DD06F84
:1090D000EF9DD36FF09DD46FF19DD56FF29DD66F4C
:1090E000F39DD76FF49DD86FF59DD96FF69DDA6F1C
:1090F000F79DDB6FF89DDC6FF99DDD6FFA9DDF6FEB
:10910000FB9DE26FFC9DE36FFD9DE46FFE9DE56FAF
:10911000409EE66F419EE76F429EE86F439EE96F77
:10912000449EEA6F459EEB6F469EEC6F479EED6F47
:10913000489EF06F499EF16F4A9EF26F4B9EF36F0F
:109140004C9EF46F4D9EF56F4E9EF66F4F9EF76FDF
:10915000509EF86F519EF96F529EFA6F539EFB6FAF
:10916000549EFC6F559EFD6F569EFE6F579EFF6F7F
:10917000589E0070599E01705A9E02705B9E03704B
:109180005C9E04705D9E05705E9E06705F9E07701B
:10919000609E0870619E0970629E0A70639E0B70EB
:1091A000649E0C70659E0D70669E0E70679E0F70BB
:1091B000689E1070699E12706A9E13706B9E147088
:1091C0006C9E15706D9E16706E9E17706F9E187057
:1091D000709E1970719E1C70729E1D70739E1E7021
:1091E000749E1F70759E2070769E2170779E2270EF
:1091F000789E2470799E25707A9E26707B9E2770BB
:109200007C9E28707D9E29707E9E2A70809E2B7089
:10921000819E2C70829E2D70839E2E70849E2F7056
:10922000859E3070869E3170879E3270889E337026
:10923000899E34708A9E36708B9E37708C9E3870F3
:109240008D9E3A708E9E3B708F9E3C70909E3D70BE
:10925000919E3E70929E3F70939E4070949E41708E
:10926000959E4270969E4370979E4470989E45705E
:10927000999E46709A9E47709B9E48709C9E49702E
:109280009D9E4A709E9E4B709F9E4D70A09E4E70FC
:10929000A19E5070A29E5170A39E5270A49E5370C6
:1092A000A59E5470A69E5570A79E5670A89E577096
:1092B000A99E5870AA9E5970AB9E5A70AC9E5B7066
:1092C000AD9E5C70AE9E5D70AF9E5F70B09E607034
:1092D000B19E6170B29E6270B39E6370B49E647002
:1092E000B59E6570B69E6670B79E6770B89E6870D2
:1092F000B99E6970BA9E6A70BB9E6E70BC9E71709A
:10930000BD9E7270BE9E7370BF9E7470C09E77705B
:10931000C19E7970C29E7A70C39E7B70C49E7D7020
:10932000C59E8170C69E8270C79E8370C89E8470E1
:10933000C99E8670CA9E8770CB9E8870CC9E8B70AB
:10934000CD9E8C70CE9E8D70CF9E8F70D09E907073
:10935000D19E9170D29E9370D39E9770D49E987038
:10936000D59E9A70D69E9B70D79E9E70D89E9F70F9
:10937000D99EA070DA9EA170DB9EA270DC9EA370C5
:10938000DD9EA470DE9EA570DF9EA670E09EA77095
:10939000E19EA870E29EA970E39EAA70E49EB07060
:1093A000E59EB270E69EB470E79EB570E89EB6701A
:1093B000E99EBA70EA9EBE70EB9EBF70EC9EC470D0
:1093C000ED9EC570EE9EC670EF9EC770F09EC97090
:1093D000F19ECB70F29ECC70F39ECD70F49ECE7059
:1093E000F59ECF70F69ED070F79ED170F89ED27029
:1093F000F99ED370FA9ED470FB9ED570FC9ED670F9
:10940000FD9ED770FE9EDA70409FDC70419FDD703C
:10941000429FDE70439FE070449FE170459FE27081
:10942000469FE370479FE570489FEA70499FEE7042
:109430004A9FF0704B9FF1704C9FF2704D9FF370FC
:109440004E9FF4704F9FF570509FF670519FF870CB
:10945000529FFA70539FFB70549FFC70559FFE7093
:10946000569FFF70579F0071589F0171599F02715D
:109470005A9F03715B9F04715C9F05715D9F06712C
:109480005E9F07715F9F0871609F0B71619F0C71F8
:10949000629F0D71639F0E71649F0F71659F1171C3
:1094A000669F1271679F1471689F1771699F1B7186
:1094B0006A9F1C716B9F1D716C9F1E716D9F1F7148
:1094C0006E9F20716F9F2171709F2271719F237118
:1094D000729F2471739F2571749F2771759F2871E6
:1094E000769F2971779F2A71789F2B71799F2C71B4
:1094F0007A9F2D717B9F2E717C9F32717D9F33717E
:109500007E9F3471809F3571819F3771829F387142
:10951000839F3971849F3A71859F3B71869F3C710F
:10952000879F3D71889F3E71899F3F718A9F4071DF
:109530008B9F41718C9F42718D9F43718E9F4471AF
:109540008F9F4671909F4771919F4871929F49717B
:10955000939F4B71949F4D71959F4F71969F507142
:10956000979F5171989F5271999F53719A9F54710F
:109570009B9F55719C9F56719D9F57719E9F5871DF
:109580009F9F5971A09F5A71A19F5B71A29F5D71AE
:10959000A39F5F71A49F6071A59F6171A69F627177
:1095A000A79F6371A89F6571A99F6971AA9F6A713E
:1095B000AB9F6B71AC9F6C71AD9F6D71AE9F6F7106
:1095C000AF9F7071B09F7171B19F7471B29F7571CF
:1095D000B39F7671B49F7771B59F7971B69F7B7198
:1095E000B79F7C71B89F7E71B99F7F71BA9F807160
:1095F000BB9F8171BC9F8271BD9F8371BE9F85712E
:10960000BF9F8671C09F8771C19F8871C29F8971FA
:10961000C39F8B71C49F8C71C59F8D71C69F8E71C6
:10962000C79F9071C89F9171C99F9271CA9F937192
:10963000CB9F9571CC9F9671CD9F9771CE9F9A715C
:10964000CF9F9B71D09F9C71D19F9D71D29F9E7126
:10965000D39FA171D49FA271D59FA371D69FA471EE
:10966000D79FA571D89FA671D99FA771DA9FA971BD
:10967000DB9FAA71DC9FAB71DD9FAD71DE9FAE7188
:10968000DF9FAF71E09FB071E19FB171E29FB27156
:10969000E39FB471E49FB671E59FB771E69FB8711F
:1096A000E79FBA71E89FBB71E99FBC71EA9FBD71EA
:1096B000EB9FBE71EC9FBF71ED9FC071EE9FC171BA
:1096C000EF9FC271F09FC471F19FC571F29FC67187
:1096D000F39FC771F49FC871F59FC971F69FCA7156
:1096E000F79FCB71F89FCC71F99FCD71FA9FCF7125
:1096F000FB9FD071FC9FD171FD9FD271FE9FD371F2
:1097000040A0D67141A0D77142A0D87143A0D971B1
:1097100044A0DA7145A0DB7146A0DC7147A0DD7181
:1097200048A0DE7149A0DF714AA0E1714BA0E2714F
:109730004CA0E3714DA0E4714EA0E6714FA0E8711A
:1097400050A0E97151A0EA7152A0EB7153A0EC71E5
:1097500054A0ED7155A0EF7156A0F07157A0F171B2
:1097600058A0F27159A0F3715AA0F4715BA0F57181
:109770005CA0F6715DA0F7715EA0F8715FA0FA7150
:1097800060A0FB7161A0FC7162A0FD7163A0FE711D
:1097900064A0FF7165A0007266A0017267A00272EA
:1097A00068A0037269A004726AA005726BA00772B8
:1097B0006CA008726DA009726EA00A726FA00B7285
:1097C00070A00C7271A00D7272A00E7273A00F7255
:1097D00074A0107275A0117276A0127277A0137225
:1097E00078A0147279A015727AA016727BA01772F5
:1097F0007CA018727DA019727EA01A7280A01B72C4
:1098000081A01C7282A01E7283A01F7284A020728D
:1098100085A0217286A0227287A0237288A024725C
:1098200089A025728AA026728BA027728CA029722B
:109830008DA02B728EA02D728FA02E7290A02F72F1
:1098400091A0327292A0337293A0347294A03A72B3
:1098500095A03C7296A03E7297A0407298A041726B
:1098600099A042729AA043729BA044729CA0457238
:109870009DA046729EA049729FA04A72A0A04B7202
:10988000A1A04E72A2A04F72A3A05072A4A05172C8
:10989000A5A05372A6A05472A7A05572A8A0577293
:1098A000A9A05872AAA05A72ABA05C72ACA05E725A
:1098B000ADA06072AEA06372AFA06472B0A065721A
:1098C000B1A06872B2A06A72B3A06B72B4A06C72DD
:1098D000B5A06D72B6A07072B7A07172B8A07372A5
:1098E000B9A07472BAA07672BBA07772BCA078726D
:1098F000BDA07B72BEA07C72BFA07D72C0A0827230
:10990000C1A08372C2A08572C3A08672C4A08772F0
:10991000C5A08872C6A08972C7A08C72C8A08E72BA
:10992000C9A09072CAA09172CBA09372CCA094727D
:10993000CDA09572CEA09672CFA09772D0A098724B
:10994000D1A09972D2A09A72D3A09B72D4A09C721B
:10995000D5A09D72D6A09E72D7A0A072D8A0A172E9
:10996000D9A0A272DAA0A372DBA0A472DCA0A572B7
:10997000DDA0A672DEA0A772DFA0A872E0A0A97287
:10998000E1A0AA72E2A0AB72E3A0AE72E4A0B17251
:10999000E5A0B272E6A0B372E7A0B572E8A0BA7211
:1099A000E9A0BB72EAA0BC72EBA0BD72ECA0BE72D3
:1099B000EDA0BF72EEA0C072EFA0C572F0A0C6729B
:1099C000F1A0C772F2A0C972F3A0CA72F4A0CB7260
:1099D000F5A0CC72F6A0CF72F7A0D172F8A0D37226
:1099E000F9A0D472FAA0D572FBA0D672FCA0D872EE
:1099F000FDA0DA72FEA0DB72A1A10030A2A10130AD
:109A0000A3A10230A4A1B700A5A1C902A6A1C702C3
:109A1000A7A1A800A8A10330A9A10530AAA11420DC
:109A2000ABA15EFFACA11620ADA12620AEA11820EF
:109A3000AFA11920B0A11C20B1A11D20B2A11430EA
:109A4000B3A11530B4A10830B5A10930B6A10A30D0
:109A5000B7A10B30B8A10C30B9A10D30BAA10E30AE
:109A6000BBA10F30BCA11630BDA11730BEA1103074
:109A7000BFA11130C0A1B100C1A1D700C2A1F700A0
:109A8000C3A13622C4A12722C5A12822C6A1112222
:109A9000C7A10F22C8A12A22C9A12922CAA108222E
:109AA000CBA13722CCA11A22CDA1A522CEA125225D
:109AB000CFA12022D0A11223D1A19922D2A12B2261
:109AC000D3A12E22D4A16122D5A14C22D6A1482215
:109AD000D7A13D22D8A11D22D9A16022DAA16E22F0
:109AE000DBA16F22DCA16422DDA16522DEA11E22A2
:109AF000DFA13522E0A13422E1A14226E2A14026E5
:109B0000E3A1B000E4A13220E5A13320E6A10321C6
:109B1000E7A104FFE8A1A400E9A1E0FFEAA1E1FFB9
:109B2000EBA13020ECA1A700EDA11621EEA10626A5
:109B3000EFA10526F0A1CB25F1A1CF25F2A1CE25DD
:109B4000F3A1C725F4A1C625F5A1A125F6A1A0255D
:109B5000F7A1B325F8A1B225F9A13B20FAA19221E2
:109B6000FBA19021FCA19121FDA19321FEA1133025
:109B7000A1A27021A2A27121A3A27221A4A2732189
:109B8000A5A27421A6A27521A7A27621A8A2772159
:109B9000A9A27821AAA27921B1A28824B2A28924FB
:109BA000B3A28A24B4A28B24B5A28C24B6A28D249D
:109BB000B7A28E24B8A28F24B9A29024BAA291246D
:109BC000BBA29224BCA29324BDA29424BEA295243D
:109BD000BFA29624C0A29724C1A29824C2A299240D
:109BE000C3A29A24C4A29B24C5A27424C6A275242D
:109BF000C7A27624C8A27724C9A27824CAA279244D
:109C0000CBA27A24CCA27B24CDA27C24CEA27D241C
:109C1000CFA27E24D0A27F24D1A28024D2A28124EC
:109C2000D3A28224D4A28324D5A28424D6A28524BC
:109C3000D7A28624D8A28724D9A26024DAA26124DC
:109C4000DBA26224DCA26324DDA26424DEA26524FC
:109C5000DFA26624E0A26724E1A26824E2A26924CC
:109C6000E5A22032E6A22132E7A22232E8A2233284
:109C7000E9A22432EAA22532EBA22632ECA2273254
:109C8000EDA22832EEA22932F1A26021F2A26121D6
:109C9000F3A26221F4A26321F5A26421F6A2652158
:109CA000F7A26621F8A26721F9A26821FAA2692128
:109CB000FBA26A21FCA26B21A1A301FFA2A302FFC8
:109CC000A3A303FFA4A3E5FFA5A305FFA6A306FF87
:109CD000A7A307FFA8A308FFA9A309FFAAA30AFF38
:109CE000ABA30BFFACA30CFFADA30DFFAEA30EFF08
:109CF000AFA30FFFB0A310FFB1A311FFB2A312FFD8
:109D0000B3A313FFB4A314FFB5A315FFB6A316FFA7
:109D1000B7A317FFB8A318FFB9A319FFBAA31AFF77
:109D2000BBA31BFFBCA31CFFBDA31DFFBEA31EFF47
:109D3000BFA31FFFC0A320FFC1A321FFC2A322FF17
:109D4000C3A323FFC4A324FFC5A325FFC6A326FFE7
:109D5000C7A327FFC8A328FFC9A329FFCAA32AFFB7
:109D6000CBA32BFFCCA32CFFCDA32DFFCEA32EFF87
:109D7000CFA32FFFD0A330FFD1A331FFD2A332FF57
:109D8000D3A333FFD4A334FFD5A335FFD6A336FF27
:109D9000D7A337FFD8A338FFD9A339FFDAA33AFFF7
:109DA000DBA33BFFDCA33CFFDDA33DFFDEA33EFFC7
:109DB000DFA33FFFE0A340FFE1A341FFE2A342FF97
:109DC000E3A343FFE4A344FFE5A345FFE6A346FF67
:109DD000E7A347FFE8A348FFE9A349FFEAA34AFF37
:109DE000EBA34BFFECA34CFFEDA34DFFEEA34EFF07
:109DF000EFA34FFFF0A350FFF1A351FFF2A352FFD7
:109E0000F3A353FFF4A354FFF5A355FFF6A356FFA6
:109E1000F7A357FFF8A358FFF9A359FFFAA35AFF76
:109E2000FBA35BFFFCA35CFFFDA35DFFFEA3E3FFC1
:109E3000A1A44130A2A44230A3A44330A4A444303E
:109E4000A5A44530A6A44630A7A44730A8A448300E
:109E5000A9A44930AAA44A30ABA44B30ACA44C30DE
:109E6000ADA44D30AEA44E30AFA44F30B0A45030AE
:109E7000B1A45130B2A45230B3A45330B4A454307E
:109E8000B5A45530B6A45630B7A45730B8A458304E
:109E9000B9A45930BAA45A30BBA45B30BCA45C301E
:109EA000BDA45D30BEA45E30BFA45F30C0A46030EE
:109EB000C1A46130C2A46230C3A46330C4A46430BE
:109EC000C5A46530C6A46630C7A46730C8A468308E
:109ED000C9A46930CAA46A30CBA46B30CCA46C305E
:109EE000CDA46D30CEA46E30CFA46F30D0A470302E
:109EF000D1A47130D2A47230D3A47330D4A47430FE
:109F0000D5A47530D6A47630D7A47730D8A47830CD
:109F1000D9A47930DAA47A30DBA47B30DCA47C309D
:109F2000DDA47D30DEA47E30DFA47F30E0A480306D
:109F3000E1A48130E2A48230E3A48330E4A484303D
:109F4000E5A48530E6A48630E7A48730E8A488300D
:109F5000E9A48930EAA48A30EBA48B30ECA48C30DD
:109F6000EDA48D30EEA48E30EFA48F30F0A49030AD
:109F7000F1A49130F2A49230F3A49330A1A5A130C2
:109F8000A2A5A230A3A5A330A4A5A430A5A5A53061
:109F9000A6A5A630A7A5A730A8A5A830A9A5A93031
:109FA000AAA5AA30ABA5AB30ACA5AC30ADA5AD3001
:109FB000AEA5AE30AFA5AF30B0A5B030B1A5B130D1
:109FC000B2A5B230B3A5B330B4A5B430B5A5B530A1
:109FD000B6A5B630B7A5B730B8A5B830B9A5B93071
:109FE000BAA5BA30BBA5BB30BCA5BC30BDA5BD3041
:109FF000BEA5BE30BFA5BF30C0A5C030C1A5C13011
:10A00000C2A5C230C3A5C330C4A5C430C5A5C530E0
:10A01000C6A5C630C7A5C730C8A5C830C9A5C930B0
:10A02000CAA5CA30CBA5CB30CCA5CC30CDA5CD3080
:10A03000CEA5CE30CFA5CF30D0A5D030D1A5D13050
:10A04000D2A5D230D3A5D330D4A5D430D5A5D53020
:10A05000D6A5D630D7A5D730D8A5D830D9A5D930F0
:10A06000DAA5DA30DBA5DB30DCA5DC30DDA5DD30C0
:10A07000DEA5DE30DFA5DF30E0A5E030E1A5E13090
:10A08000E2A5E230E3A5E330E4A5E430E5A5E53060
:10A09000E6A5E630E7A5E730E8A5E830E9A5E93030
:10A0A000EAA5EA30EBA5EB30ECA5EC30EDA5ED3000
:10A0B000EEA5EE30EFA5EF30F0A5F030F1A5F130D0
:10A0C000F2A5F230F3A5F330F4A5F430F5A5F530A0
:10A0D000F6A5F630A1A69103A2A69203A3A6930328
:10A0E000A4A69403A5A69503A6A69603A7A69703E0
:10A0F000A8A69803A9A69903AAA69A03ABA69B03B0
:10A10000ACA69C03ADA69D03AEA69E03AFA69F037F
:10A11000B0A6A003B1A6A103B2A6A303B3A6A4034D
:10A12000B4A6A503B5A6A603B6A6A703B7A6A8031B
:10A13000B8A6A903C1A6B103C2A6B203C3A6B303BE
:10A14000C4A6B403C5A6B503C6A6B603C7A6B7037F
:10A15000C8A6B803C9A6B903CAA6BA03CBA6BB034F
:10A16000CCA6BC03CDA6BD03CEA6BE03CFA6BF031F
:10A17000D0A6C003D1A6C103D2A6C303D3A6C403ED
:10A18000D4A6C503D5A6C603D6A6C703D7A6C803BB
:10A19000D8A6C903E0A635FEE1A636FEE2A639FE42
:10A1A000E3A63AFEE4A63FFEE5A640FEE6A63DFE97
:10A1B000E7A63EFEE8A641FEE9A642FEEAA643FE69
:10A1C000EBA644FEEEA63BFEEFA63CFEF0A637FE55
:10A1D000F1A638FEF2A631FEF4A633FEF5A634FE53
:10A1E000A1A71004A2A71104A3A71204A4A71304F3
:10A1F000A5A71404A6A71504A7A70104A8A71604D9
:10A20000A9A71704AAA71804ABA71904ACA71A0496
:10A21000ADA71B04AEA71C04AFA71D04B0A71E0466
:10A22000B1A71F04B2A72004B3A72104B4A7220436
:10A23000B5A72304B6A72404B7A72504B8A7260406
:10A24000B9A72704BAA72804BBA72904BCA72A04D6
:10A25000BDA72B04BEA72C04BFA72D04C0A72E04A6
:10A26000C1A72F04D1A73004D2A73104D3A7320449
:10A27000D4A73304D5A73404D6A73504D7A75104EF
:10A28000D8A73604D9A73704DAA73804DBA73904DE
:10A29000DCA73A04DDA73B04DEA73C04DFA73D04AE
:10A2A000E0A73E04E1A73F04E2A74004E3A741047E
:10A2B000E4A74204E5A74304E6A74404E7A745044E
:10A2C000E8A74604E9A74704EAA74804EBA749041E
:10A2D000ECA74A04EDA74B04EEA74C04EFA74D04EE
:10A2E000F0A74E04F1A74F0440A8CA0241A8CB0230
:10A2F00042A8D90243A8132044A8152045A8252028
:10A3000046A8352047A8052148A8092149A8962133
:10A310004AA897214BA898214CA899214DA815220D
:10A320004EA81F224FA8232250A8522251A86622CD
:10A3300052A8672253A8BF2254A8502555A85125DA
:10A3400056A8522557A8532558A8542559A855252D
:10A350005AA856255BA857255CA858255DA85925FD
:10A360005EA85A255FA85B2560A85C2561A85D25CD
:10A3700062A85E2563A85F2564A8602565A861259D
:10A3800066A8622567A8632568A8642569A865256D
:10A390006AA866256BA867256CA868256DA869253D
:10A3A0006EA86A256FA86B2570A86C2571A86D250D
:10A3B00072A86E2573A86F2574A8702575A87125DD
:10A3C00076A8722577A8732578A8812579A8822593
:10A3D0007AA883257BA884257CA885257DA8862549
:10A3E0007EA8872580A8882581A8892582A88A2516
:10A3F00083A88B2584A88C2585A88D2586A88E25E5
:10A4000087A88F2588A8932589A894258AA89525AB
:10A410008BA8BC258CA8BD258DA8E2258EA8E32598
:10A420008FA8E42590A8E52591A8092692A8952251
:10A4300093A8123094A81D3095A81E30A1A8010140
:10A44000A2A8E100A3A8CE01A4A8E000A5A813013A
:10A45000A6A8E900A7A81B01A8A8E800A9A82B01A5
:10A46000AAA8ED00ABA8D001ACA8EC00ADA84D01A6
:10A47000AEA8F300AFA8D201B0A8F200B1A86B015A
:10A48000B2A8FA00B3A8D401B4A8F900B5A8D601BF
:10A49000B6A8D801B7A8DA01B8A8DC01B9A8FC00B1
:10A4A000BAA8EA00BBA85102BDA84401BEA8480151
:10A4B000C0A86102C5A80531C6A80631C7A80731E2
:10A4C000C8A80831C9A80931CAA80A31CBA80B31DC
:10A4D000CCA80C31CDA80D31CEA80E31CFA80F31AC
:10A4E000D0A81031D1A81131D2A81231D3A813317C
:10A4F000D4A81431D5A81531D6A81631D7A817314C
:10A50000D8A81831D9A81931DAA81A31DBA81B311B
:10A51000DCA81C31DDA81D31DEA81E31DFA81F31EB
:10A52000E0A82031E1A82131E2A82231E3A82331BB
:10A53000E4A82431E5A82531E6A82631E7A827318B
:10A54000E8A82831E9A8293140A9213041A92230C1
:10A5500042A9233043A9243044A9253045A92630F7
:10A5600046A9273047A9283048A9293049A9A3324C
:10A570004AA98E334BA98F334CA99C334DA99D33E7
:10A580004EA99E334FA9A13350A9C43351A9CE334C
:10A5900052A9D13353A9D23354A9D53355A930FE8A
:10A5A00056A9E2FF57A9E4FF59A921215AA931323E
:10A5B0005CA9102060A9FC3061A99B3062A99C3085
:10A5C00063A9FD3064A9FE3065A9063066A99D30F7
:10A5D00067A99E3068A949FE69A94AFE6AA94BFE8F
:10A5E0006BA94CFE6CA94DFE6DA94EFE6EA94FFEE7
:10A5F0006FA950FE70A951FE71A952FE72A954FEB6
:10A6000073A955FE74A956FE75A957FE76A959FE81
:10A6100077A95AFE78A95BFE79A95CFE7AA95DFE4E
:10A620007BA95EFE7CA95FFE7DA960FE7EA961FE1E
:10A6300080A962FE81A963FE82A964FE83A965FEEA
:10A6400084A966FE85A968FE86A969FE87A96AFEB7
:10A6500088A96BFE96A90730A4A90025A5A9012504
:10A66000A6A90225A7A90325A8A90425A9A9052506
:10A67000AAA90625ABA90725ACA90825ADA90925D6
:10A68000AEA90A25AFA90B25B0A90C25B1A90D25A6
:10A69000B2A90E25B3A90F25B4A91025B5A9112576
:10A6A000B6A91225B7A91325B8A91425B9A9152546
:10A6B000BAA91625BBA91725BCA91825BDA9192516
:10A6C000BEA91A25BFA91B25C0A91C25C1A91D25E6
:10A6D000C2A91E25C3A91F25C4A92025C5A92125B6
:10A6E000C6A92225C7A92325C8A92425C9A9252586
:10A6F000CAA92625CBA92725CCA92825CDA9292556
:10A70000CEA92A25CFA92B25D0A92C25D1A92D2525
:10A71000D2A92E25D3A92F25D4A93025D5A93125F5
:10A72000D6A93225D7A93325D8A93425D9A93525C5
:10A73000DAA93625DBA93725DCA93825DDA9392595
:10A74000DEA93A25DFA93B25E0A93C25E1A93D2565
:10A75000E2A93E25E3A93F25E4A94025E5A9412535
:10A76000E6A94225E7A94325E8A94425E9A9452505
:10A77000EAA94625EBA94725ECA94825EDA94925D5
:10A78000EEA94A25EFA94B2540AADC7241AADD7249
:10A7900042AADF7243AAE27244AAE37245AAE472B3
:10A7A00046AAE57247AAE67248AAE77249AAEA727F
:10A7B0004AAAEB724BAAF5724CAAF6724DAAF9722C
:10A7C0004EAAFD724FAAFE7250AAFF7251AA0073E0
:10A7D00052AA027353AA047354AA057355AA0673A6
:10A7E00056AA077357AA087358AA097359AA0B7374
:10A7F0005AAA0C735BAA0D735CAA0F735DAA10733F
:10A800005EAA11735FAA127360AA147361AA187307
:10A8100062AA197363AA1A7364AA1F7365AA2073C4
:10A8200066AA237367AA247368AA267369AA277382
:10A830006AAA28736BAA2D736CAA2F736DAA307342
:10A840006EAA32736FAA337370AA357371AA367306
:10A8500072AA3A7373AA3B7374AA3C7375AA3D73C8
:10A8600076AA407377AA417378AA427379AA437390
:10A870007AAA44737BAA45737CAA46737DAA477360
:10A880007EAA487380AA497381AA4A7382AA4B732D
:10A8900083AA4C7384AA4E7385AA4F7386AA5173F8
:10A8A00087AA537388AA547389AA55738AAA5673C0
:10A8B0008BAA58738CAA59738DAA5A738EAA5B738C
:10A8C0008FAA5C7390AA5D7391AA5E7392AA5F735C
:10A8D00093AA617394AA627395AA637396AA647328
:10A8E00097AA657398AA667399AA67739AAA6873F8
:10A8F0009BAA69739CAA6A739DAA6B739EAA6E73C6
:10A900009FAA7073A0AA717340AB727341AB73734B
:10A9100042AB747343AB757344AB767345AB7773DB
:10A9200046AB787347AB797348AB7A7349AB7B73AB
:10A930004AAB7C734BAB7D734CAB7F734DAB807379
:10A940004EAB81734FAB827350AB837351AB857346
:10A9500052AB867353AB887354AB8A7355AB8C730D
:10A9600056AB8D7357AB8F7358AB907359AB9273D3
:10A970005AAB93735BAB94735CAB95735DAB97739E
:10A980005EAB98735FAB997360AB9A7361AB9C736A
:10A9900062AB9D7363AB9E7364ABA07365ABA17335
:10A9A00066ABA37367ABA47368ABA57369ABA673FF
:10A9B0006AABA7736BABA8736CABAA736DABAC73CC
:10A9C0006EABAD736FABB17370ABB47371ABB5738A
:10A9D00072ABB67373ABB87374ABB97375ABBC734E
:10A9E00076ABBD7377ABBE7378ABBF7379ABC17316
:10A9F0007AABC3737BABC4737CABC5737DABC673DF
:10AA00007EABC77380ABCB7381ABCC7382ABCE73A1
:10AA100083ABD27384ABD37385ABD47386ABD5735E
:10AA200087ABD67388ABD77389ABD8738AABDA732D
:10AA30008BABDB738CABDC738DABDD738EABDF73F9
:10AA40008FABE17390ABE27391ABE37392ABE473C2
:10AA500093ABE67394ABE87395ABEA7396ABEB7389
:10AA600097ABEC7398ABEE7399ABEF739AABF07353
:10AA70009BABF1739CABF3739DABF4739EABF5731F
:10AA80009FABF673A0ABF77340ACF87341ACF973AE
:10AA900042ACFA7343ACFB7344ACFC7345ACFD733E
:10AAA00046ACFE7347ACFF7348AC007449AC01740C
:10AAB0004AAC02744BAC04744CAC07744DAC0874D3
:10AAC0004EAC0B744FAC0C7450AC0D7451AC0E7496
:10AAD00052AC117453AC127454AC137455AC14745E
:10AAE00056AC157457AC167458AC177459AC18742E
:10AAF0005AAC19745BAC1C745CAC1D745DAC1E74F8
:10AB00005EAC1F745FAC207460AC217461AC2374C4
:10AB100062AC247463AC277464AC297465AC2B7488
:10AB200066AC2D7467AC2F7468AC317469AC327448
:10AB30006AAC37746BAC38746CAC39746DAC3A7405
:10AB40006EAC3B746FAC3D7470AC3E7471AC3F74D2
:10AB500072AC407473AC427474AC437475AC44749E
:10AB600076AC457477AC467478AC477479AC48746D
:10AB70007AAC49747BAC4A747CAC4B747DAC4C743D
:10AB80007EAC4D7480AC4E7481AC4F7482AC50740A
:10AB900083AC517484AC527485AC537486AC5474D9
:10ABA00087AC567488AC587489AC5D748AAC607498
:10ABB0008BAC61748CAC62748DAC63748EAC647459
:10ABC0008FAC657490AC667491AC677492AC687429
:10ABD00093AC697494AC6A7495AC6B7496AC6C74F9
:10ABE00097AC6E7498AC6F7499AC71749AAC7274C3
:10ABF0009BAC73749CAC74749DAC75749EAC78748F
:10AC00009FAC7974A0AC7A7440AD7B7441AD7C7418
:10AC100042AD7D7443AD7F7444AD827445AD8474A0
:10AC200046AD857447AD867448AD887449AD897466
:10AC30004AAD8A744BAD8C744CAD8D744DAD8F7430
:10AC40004EAD91744FAD927450AD937451AD9474F8
:10AC500052AD957453AD967454AD977455AD9874C8
:10AC600056AD997457AD9A7458AD9B7459AD9D7497
:10AC70005AAD9F745BADA0745CADA1745DADA27460
:10AC80005EADA3745FADA47460ADA57461ADA67430
:10AC900062ADAA7463ADAB7464ADAC7465ADAD74F4
:10ACA00066ADAE7467ADAF7468ADB07469ADB174C4
:10ACB0006AADB2746BADB3746CADB4746DADB57494
:10ACC0006EADB6746FADB77470ADB87471ADB97464
:10ACD00072ADBB7473ADBC7474ADBD7475ADBE7430
:10ACE00076ADBF7477ADC07478ADC17479ADC27400
:10ACF0007AADC3747BADC4747CADC5747DADC674D0
:10AD00007EADC77480ADC87481ADC97482ADCA749C
:10AD100083ADCB7484ADCC7485ADCD7486ADCE746B
:10AD200087ADCF7488ADD07489ADD1748AADD3743A
:10AD30008BADD4748CADD5748DADD6748EADD77407
:10AD40008FADD87490ADD97491ADDA7492ADDB74D7
:10AD500093ADDD7494ADDF7495ADE17496ADE5749B
:10AD600097ADE77498ADE87499ADE9749AADEA745B
:10AD70009BADEB749CADEC749DADED749EADF07429
:10AD80009FADF174A0ADF27440AEF37441AEF574B2
:10AD900042AEF87443AEF97444AEFA7445AEFB7437
:10ADA00046AEFC7447AEFD7448AEFE7449AE007505
:10ADB0004AAE01754BAE02754CAE03754DAE0575CE
:10ADC0004EAE06754FAE077550AE087551AE09759B
:10ADD00052AE0A7553AE0B7554AE0C7555AE0E756A
:10ADE00056AE107557AE127558AE147559AE15752E
:10ADF0005AAE16755BAE17755CAE1B755DAE1D75F4
:10AE00005EAE1E755FAE207560AE217561AE2275B7
:10AE100062AE237563AE247564AE267565AE277584
:10AE200066AE2A7567AE2E7568AE347569AE367536
:10AE30006AAE39756BAE3C756CAE3D756DAE3F75E7
:10AE40006EAE41756FAE427570AE437571AE4475AE
:10AE500072AE467573AE477574AE497575AE4A7578
:10AE600076AE4D7577AE507578AE517579AE527538
:10AE70007AAE53757BAE55757CAE56757DAE577503
:10AE80007EAE587580AE5D7581AE5E7582AE5F75C3
:10AE900083AE607584AE617585AE627586AE63758E
:10AEA00087AE647588AE677589AE68758AAE697558
:10AEB0008BAE6B758CAE6C758DAE6D758EAE6E7522
:10AEC0008FAE6F7590AE707591AE717592AE7375F1
:10AED00093AE757594AE767595AE777596AE7A75B8
:10AEE00097AE7B7598AE7C7599AE7D759AAE7E7582
:10AEF0009BAE80759CAE81759DAE82759EAE84754D
:10AF00009FAE8575A0AE877540AF887541AF8975D6
:10AF100042AF8A7543AF8C7544AF8D7545AF8E7562
:10AF200046AF907547AF937548AF957549AF987523
:10AF30004AAF9B754BAF9C754CAF9E754DAFA275DC
:10AF40004EAFA6754FAFA77550AFA87551AFA97595
:10AF500052AFAA7553AFAD7554AFB67555AFB7754F
:10AF600056AFBA7557AFBB7558AFBF7559AFC075FF
:10AF70005AAFC1755BAFC6755CAFCB755DAFCC75B5
:10AF80005EAFCE755FAFCF7560AFD07561AFD17575
:10AF900062AFD37563AFD77564AFD97565AFDA7536
:10AFA00066AFDC7567AFDD7568AFDF7569AFE075FB
:10AFB0006AAFE1756BAFE5756CAFE9756DAFEC75B8
:10AFC0006EAFED756FAFEE7570AFEF7571AFF27577
:10AFD00072AFF37573AFF57574AFF67575AFF7753E
:10AFE00076AFF87577AFFA7578AFFB7579AFFD7509
:10AFF0007AAFFE757BAF02767CAF04767DAF0676C6
:10B000007EAF077680AF087681AF097682AF0B7688
:10B0100083AF0D7684AF0E7685AF0F7686AF11764F
:10B0200087AF127688AF137689AF14768AAF16761B
:10B030008BAF1A768CAF1C768DAF1D768EAF1E76D9
:10B040008FAF217690AF237691AF277692AF287697
:10B0500093AF2C7694AF2E7695AF2F7696AF317650
:10B0600097AF327698AF367699AF37769AAF397612
:10B070009BAF3A769CAF3B769DAF3D769EAF4176D7
:10B080009FAF4276A0AF447640B0457641B0467659
:10B0900042B0477643B0487644B0497645B04A76E8
:10B0A00046B04B7647B04E7648B04F7649B05076B2
:10B0B0004AB051764BB052764CB053764DB055767F
:10B0C0004EB057764FB0587650B0597651B05A7648
:10B0D00052B05B7653B05D7654B05F7655B0607613
:10B0E00056B0617657B0627658B0647659B06576DE
:10B0F0005AB066765BB067765CB068765DB06976AC
:10B100005EB06A765FB06C7660B06D7661B06E7678
:10B1100062B0707663B0717664B0727665B0737643
:10B1200066B0747667B0757668B0767669B0777613
:10B130006AB079766BB07A766CB07C766DB07F76DB
:10B140006EB080766FB0817670B0837671B08576A0
:10B1500072B0897673B08A7674B08C7675B08D765D
:10B1600076B08F7677B0907678B0927679B0947624
:10B170007AB095767BB097767CB098767DB09A76EB
:10B180007EB09B7680B09C7681B09D7682B09E76B4
:10B1900083B09F7684B0A07685B0A17686B0A27683
:10B1A00087B0A37688B0A57689B0A6768AB0A77650
:10B1B0008BB0A8768CB0A9768DB0AA768EB0AB761F
:10B1C0008FB0AC7690B0AD7691B0AF7692B0B076ED
:10B1D00093B0B37694B0B57695B0B67696B0B776B0
:10B1E00097B0B87698B0B97699B0BA769AB0BB767F
:10B1F0009BB0BC769CB0BD769DB0BE769EB0C0764E
:10B200009FB0C176A0B0C376A1B04A55A2B03F9618
:10B21000A3B0C357A4B02863A5B0CE54A6B00955B7
:10B22000A7B0C054A8B09176A9B04C76AAB03C851E
:10B23000ABB0EE77ACB07E82ADB08D78AEB031728F
:10B24000AFB09896B0B08D97B1B0286CB2B0895BB2
:10B25000B3B0FA4FB4B00963B5B09766B6B0B85C96
:10B26000B7B0FA80B8B04868B9B0AE80BAB002667C
:10B27000BBB0CE76BCB0F951BDB05665BEB0AC71B6
:10B28000BFB0F17FC0B08488C1B0B250C2B06559C0
:10B29000C3B0CA61C4B0B36FC5B0AD82C6B04C63B1
:10B2A000C7B05262C8B0ED53C9B02754CAB0067BCC
:10B2B000CBB06B51CCB0A475CDB0F45DCEB0D46240
:10B2C000CFB0CB8DD0B07697D1B08A62D2B0198092
:10B2D000D3B05D57D4B03897D5B0627FD6B038724E
:10B2E000D7B07D76D8B0CF67D9B07E76DAB0466475
:10B2F000DBB0704FDCB0258DDDB0DC62DEB0177ADC
:10B30000DFB09165E0B0ED73E1B02C64E2B0736240
:10B31000E3B02C82E4B08198E5B07F67E6B0487274
:10B32000E7B06E62E8B0CC62E9B0344FEAB0E374E3
:10B33000EBB04A53ECB09E52EDB0CA7EEEB0A69090
:10B34000EFB02E5EF0B08668F1B09C69F2B08081FB
:10B35000F3B0D17EF4B0D268F5B0C578F6B08C8683
:10B36000F7B05195F8B08D50F9B0248CFAB0DE8268
:10B37000FBB0DE80FCB00553FDB01289FEB0655213
:10B3800040B1C47641B1C77642B1C97643B1CB76FC
:10B3900044B1CC7645B1D37646B1D57647B1D976AE
:10B3A00048B1DA7649B1DC764AB1DD764BB1DE766A
:10B3B0004CB1E0764DB1E1764EB1E2764FB1E37635
:10B3C00050B1E47651B1E67652B1E77653B1E87602
:10B3D00054B1E97655B1EA7656B1EB7657B1EC76D1
:10B3E00058B1ED7659B1F0765AB1F3765BB1F57696
:10B3F0005CB1F6765DB1F7765EB1FA765FB1FB7659
:10B4000060B1FD7661B1FF7662B1007763B102771A
:10B4100064B1037765B1057766B1067767B10A77DE
:10B4200068B10C7769B10E776AB10F776BB110779D
:10B430006CB111776DB112776EB113776FB114776C
:10B4400070B1157771B1167772B1177773B118773C
:10B4500074B11B7775B11C7776B11D7777B11E7704
:10B4600078B1217779B123777AB124777BB12577C9
:10B470007CB127777DB12A777EB12B7780B12C778D
:10B4800081B12E7782B1307783B1317784B1327751
:10B4900085B1337786B1347787B1397788B13B7717
:10B4A00089B13D778AB13E778BB13F778CB14277D6
:10B4B0008DB144778EB145778FB1467790B148779B
:10B4C00091B1497792B14A7793B14B7794B14C7768
:10B4D00095B14D7796B14E7797B14F7798B1527736
:10B4E00099B153779AB154779BB155779CB1567700
:10B4F0009DB157779EB158779FB15977A0B15C77CE
:10B50000A1B18485A2B1F996A3B1DD4FA4B12158B0
:10B51000A5B17199A6B19D5BA7B1B162A8B1A562B1
:10B52000A9B1B466AAB1798CABB18D9CACB10672ED
:10B53000ADB16F67AEB19178AFB1B260B0B15153F8
:10B54000B1B11753B2B1888FB3B1CC80B4B11D8DF6
:10B55000B5B1A194B6B10D50B7B1C872B8B1075921
:10B56000B9B1EB60BAB11971BBB1AB88BCB1545978
:10B57000BDB1EF82BEB12C67BFB1287BC0B1295DE0
:10B58000C1B1F77EC2B12D75C3B1F56CC4B1668E81
:10B59000C5B1F88FC6B13C90C7B13B9FC8B1D46B61
:10B5A000C9B11991CAB1147BCBB17C5FCCB1A7787A
:10B5B000CDB1D684CEB13D85CFB1D56BD0B1D96BED
:10B5C000D1B1D66BD2B1015ED3B1875ED4B1F9757A
:10B5D000D5B1ED95D6B15D65D7B10A5FD8B1C55F7C
:10B5E000D9B19F8FDAB1C158DBB1C281DCB17F9094
:10B5F000DDB15B96DEB1AD97DFB1B98FE0B1167FFB
:10B60000E1B12C8DE2B14162E3B1BF4FE4B1D85357
:10B61000E5B15E53E6B1A88FE7B1A98FE8B1AB8F72
:10B62000E9B14D90EAB10768EBB16A5FECB198817E
:10B63000EDB16888EEB1D69CEFB18B61F0B12B52C1
:10B64000F1B12A76F2B16C5FF3B18C65F4B1D26FCF
:10B65000F5B1E86EF6B1BE5BF7B14864F8B175516B
:10B66000F9B1B051FAB1C467FBB1194EFCB1C97957
:10B67000FDB17C99FEB1B37040B25D7741B25E77A7
:10B6800042B25F7743B2607744B2647745B267777E
:10B6900046B2697747B26A7748B26D7749B26E773A
:10B6A0004AB26F774BB270774CB271774DB2727706
:10B6B0004EB273774FB2747750B2757751B27677D6
:10B6C00052B2777753B2787754B27A7755B27B77A4
:10B6D00056B27C7757B2817758B2827759B2837766
:10B6E0005AB286775BB287775CB288775DB289772A
:10B6F0005EB28A775FB28B7760B28F7761B29077F4
:10B7000062B2937763B2947764B2957765B29677B5
:10B7100066B2977767B2987768B2997769B29A7785
:10B720006AB29B776BB29C776CB29D776DB29E7755
:10B730006EB2A1776FB2A37770B2A47771B2A67719
:10B7400072B2A87773B2AB7774B2AD7775B2AE77D9
:10B7500076B2AF7777B2B17778B2B27779B2B477A1
:10B760007AB2B6777BB2B7777CB2B8777DB2B97769
:10B770007EB2BA7780B2BC7781B2BE7782B2C07730
:10B7800083B2C17784B2C27785B2C37786B2C477F9
:10B7900087B2C57788B2C67789B2C7778AB2C877C9
:10B7A0008BB2C9778CB2CA778DB2CB778EB2CC7799
:10B7B0008FB2CE7790B2CF7791B2D07792B2D17765
:10B7C00093B2D27794B2D37795B2D47796B2D57735
:10B7D00097B2D67798B2D87799B2D9779AB2DA7702
:10B7E0009BB2DD779CB2DE779DB2DF779EB2E077C9
:10B7F0009FB2E177A0B2E477A1B2C575A2B2765E3E
:10B80000A3B2BB73A4B2E083A5B2AD64A6B2E862F2
:10B81000A7B2B594A8B2E26CA9B25A53AAB2C35265
:10B82000ABB20F64ACB2C294ADB2947BAEB22F4F48
:10B83000AFB21B5EB0B23682B1B21681B2B28A81AB
:10B84000B3B2246EB4B2CA6CB5B2739AB6B25563D1
:10B85000B7B25C53B8B2FA54B9B26588BAB2E0571D
:10B86000BBB20D4EBCB2035EBDB2656BBEB23F7CD7
:10B87000BFB2E890C0B21660C1B2E664C2B21C7337
:10B88000C3B2C188C4B25067C5B24D62C6B2228D80
:10B89000C7B26C77C8B2298EC9B2C791CAB2695F04
:10B8A000CBB2DC83CCB22185CDB21099CEB2C253DB
:10B8B000CFB29586D0B28B6BD1B2ED60D2B2E860D8
:10B8C000D3B27F70D4B2CD82D5B23182D6B2D34E4C
:10B8D000D7B2A76CD8B2CF85D9B2CD64DAB2D97C51
:10B8E000DBB2FD69DCB2F966DDB24983DEB29553A5
:10B8F000DFB2567BE0B2A74FE1B28C51E2B24B6DA2
:10B90000E3B2425CE4B26D8EE5B2D263E6B2C953F3
:10B91000E7B22C83E8B23683E9B2E567EAB2B478DD
:10B92000EBB23D64ECB2DF5BEDB2945CEEB2EE5D87
:10B93000EFB2E78BF0B2C662F1B2F467F2B27A8C82
:10B94000F3B20064F4B2BA63F5B24987F6B28B99E8
:10B95000F7B2178CF8B2207FF9B2F294FAB2A74E80
:10B96000FBB21096FCB2A498FDB20C66FEB2167340
:10B9700040B3E67741B3E87742B3EA7743B3EF7772
:10B9800044B3F07745B3F17746B3F27747B3F47732
:10B9900048B3F57749B3F7774AB3F9774BB3FA77FA
:10B9A0004CB3FB774DB3FC774EB303784FB30478B9
:10B9B00050B3057851B3067852B3077853B308787B
:10B9C00054B30A7855B30B7856B30E7857B30F7843
:10B9D00058B3107859B313785AB315785BB3197804
:10B9E0005CB31B785DB31E785EB320785FB32178BB
:10B9F00060B3227861B3247862B3287863B32A787D
:10BA000064B32B7865B32E7866B32F7867B331783B
:10BA100068B3327869B333786AB335786BB3367804
:10BA20006CB33D786DB33F786EB341786FB34278B5
:10BA300070B3437871B3447872B3467873B348787F
:10BA400074B3497875B34A7876B34B7877B34D7849
:10BA500078B34F7879B351787AB353787BB354780D
:10BA60007CB358787DB359787EB35A7880B35B78CD
:10BA700081B35C7882B35E7883B35F7884B3607897
:10BA800085B3617886B3627887B3637888B3647866
:10BA900089B365788AB366788BB367788CB3687836
:10BAA0008DB369788EB36F788FB3707890B37178F7
:10BAB00091B3727892B3737893B3747894B37578C2
:10BAC00095B3767896B3787897B3797898B37A788F
:10BAD00099B37B789AB37D789BB37E789CB37F785B
:10BAE0009DB380789EB381789FB38278A0B383782A
:10BAF000A1B33A57A2B31D5CA3B3385EA4B37F953C
:10BB0000A5B37F50A6B3A080A7B38253A8B35E6548
:10BB1000A9B34575AAB33155ABB32150ACB3858DEC
:10BB2000ADB38462AEB39E94AFB31D67B0B332566B
:10BB3000B1B36E6FB2B3E25DB3B33554B4B39270C8
:10BB4000B5B3668FB6B36F62B7B3A464B8B3A3637B
:10BB5000B9B37B5FBAB3886FBBB3F490BCB3E38176
:10BB6000BDB3B08FBEB3185CBFB36866C0B3F15F3E
:10BB7000C1B3896CC2B34896C3B3818DC4B36C881A
:10BB8000C5B39164C6B3F079C7B3CE57C8B3596A89
:10BB9000C9B31062CAB34854CBB3584ECCB30B7A76
:10BBA000CDB3E960CEB3846FCFB3DA8BD0B37F620D
:10BBB000D1B31E90D2B38B9AD3B3E479D4B30354E8
:10BBC000D5B3F475D6B30163D7B31953D8B3606C4A
:10BBD000D9B3DF8FDAB31B5FDBB3709ADCB33B8082
:10BBE000DDB37F9FDEB3884FDFB33A5CE0B3648D93
:10BBF000E1B3C57FE2B3A565E3B3BD70E4B34551DE
:10BC0000E5B3B251E6B36B86E7B3075DE8B3A05B7B
:10BC1000E9B3BD62EAB36C91EBB37475ECB30C8E0F
:10BC2000EDB3207AEEB30161EFB3797BF0B3C74E89
:10BC3000F1B3F87EF2B38577F3B3114EF4B3ED812F
:10BC4000F5B31D52F6B3FA51F7B3716AF8B3A853BE
:10BC5000F9B3878EFAB30495FBB3CF96FCB3C16EEC
:10BC6000FDB36496FEB35A6940B4847841B48578D4
:10BC700042B4867843B4887844B48A7845B48B78E3
:10BC800046B48F7847B4907848B4927849B49478A1
:10BC90004AB495784BB496784CB499784DB49D7865
:10BCA0004EB49E784FB4A07850B4A27851B4A47822
:10BCB00052B4A67853B4A87854B4A97855B4AA78E5
:10BCC00056B4AB7857B4AC7858B4AD7859B4AE78B4
:10BCD0005AB4AF785BB4B5785CB4B6785DB4B77875
:10BCE0005EB4B8785FB4BA7860B4BB7861B4BC783D
:10BCF00062B4BD7863B4BF7864B4C07865B4C27808
:10BD000066B4C37867B4C47868B4C67869B4C778D1
:10BD10006AB4C8786BB4CC786CB4CD786DB4CE7896
:10BD20006EB4CF786FB4D17870B4D27871B4D37860
:10BD300072B4D67873B4D77874B4D87875B4DA7826
:10BD400076B4DB7877B4DC7878B4DD7879B4DE78F3
:10BD50007AB4DF787BB4E0787CB4E1787DB4E278C3
:10BD60007EB4E37880B4E47881B4E57882B4E67890
:10BD700083B4E77884B4E97885B4EA7886B4EB785C
:10BD800087B4ED7888B4EE7889B4EF788AB4F07827
:10BD90008BB4F1788CB4F3788DB4F5788EB4F678F2
:10BDA0008FB4F87890B4F97891B4FB7892B4FC78B9
:10BDB00093B4FD7894B4FE7895B4FF7896B4007986
:10BDC00097B4027998B4037999B404799AB406794E
:10BDD0009BB407799CB408799DB409799EB40A791B
:10BDE0009FB40B79A0B40C79A1B44078A2B4A85048
:10BDF000A3B4D777A4B41064A5B4E689A6B4045953
:10BE0000A7B4E363A8B4DD5DA9B47F7AAAB43D69A1
:10BE1000ABB4204FACB43982ADB49855AEB4324E09
:10BE2000AFB4AE75B0B4977AB1B4625EB2B48A5EA4
:10BE3000B3B4EF95B4B41B52B5B43954B6B48A70E8
:10BE4000B7B47663B8B42495B9B48257BAB425664A
:10BE5000BBB43F69BCB48791BDB40755BEB4F36DA4
:10BE6000BFB4AF7EC0B42288C1B43362C2B4F07E26
:10BE7000C3B4B575C4B42883C5B4C178C6B4CC9670
:10BE8000C7B49E8FC8B44861C9B4F774CAB4CD8B27
:10BE9000CBB4646BCCB43A52CDB4508DCEB4216BDC
:10BEA000CFB46A80D0B47184D1B4F156D2B4065301
:10BEB000D3B4CE4ED4B41B4ED5B4D151D6B4977CA6
:10BEC000D7B48B91D8B4077CD9B4C34FDAB47F8E82
:10BED000DBB4E17BDCB49C7ADDB46764DEB4145D72
:10BEE000DFB4AC50E0B40681E1B40176E2B4B97CD1
:10BEF000E3B4EC6DE4B4E07FE5B45167E6B4585BBD
:10BF0000E7B4F85BE8B4CB78E9B4AE64EAB41364A0
:10BF1000EBB4AA63ECB42B63EDB41995EEB42D64C5
:10BF2000EFB4BE8FF0B4547BF1B42976F2B453620F
:10BF3000F3B42759F4B44654F5B4796BF6B4A3506E
:10BF4000F7B43462F8B4265EF9B4866BFAB4E34E03
:10BF5000FBB4378DFCB48B88FDB4855FFEB42E90A6
:10BF600040B50D7941B50E7942B50F7943B51079D9
:10BF700044B5117945B5127946B5147947B51579A7
:10BF800048B5167949B517794AB518794BB5197975
:10BF90004CB51A794DB51B794EB51C794FB51D7945
:10BFA00050B51F7951B5207952B5217953B5227911
:10BFB00054B5237955B5257956B5267957B52779DE
:10BFC00058B5287959B529795AB52A795BB52B79AD
:10BFD0005CB52C795DB52D795EB52E795FB52F797D
:10BFE00060B5307961B5317962B5327963B533794D
:10BFF00064B5357965B5367966B5377967B5387919
:10C0000068B5397969B53D796AB53F796BB54279DB
:10C010006CB543796DB544796EB545796FB547799F
:10C0200070B54A7971B54B7972B54C7973B54D7964
:10C0300074B54E7975B54F7976B5507977B5517934
:10C0400078B5527979B554797AB555797BB55879FF
:10C050007CB559797DB561797EB5637980B56479B0
:10C0600081B5667982B5697983B56A7984B56B796A
:10C0700085B56C7986B56E7987B5707988B5717933
:10C0800089B572798AB573798BB574798CB5757900
:10C090008DB576798EB579798FB57B7990B57C79C8
:10C0A00091B57D7992B57E7993B57F7994B5827992
:10C0B00095B5837996B5867997B5877998B5887956
:10C0C00099B589799AB58B799BB58C799CB58D7921
:10C0D0009DB58E799EB590799FB59179A0B59279ED
:10C0E000A1B52060A2B53D80A3B5C562A4B5394E07
:10C0F000A5B55553A6B5F890A7B5B863A8B5C68041
:10C10000A9B5E665AAB52E6CABB5464FACB5EE60E9
:10C11000ADB5E16DAEB5DE8BAFB5395FB0B5CB86F1
:10C12000B1B5535FB2B52163B3B55A51B4B56183AC
:10C13000B5B56368B6B50052B7B56363B8B5488E98
:10C14000B9B51250BAB59B5CBBB57779BCB5FC5B91
:10C15000BDB53052BEB53B7ABFB5BC60C0B55390DB
:10C16000C1B5D776C2B5B75FC3B5975FC4B584769E
:10C17000C5B56C8EC6B56F70C7B57B76C8B5497B43
:10C18000C9B5AA77CAB5F351CBB59390CCB52458AD
:10C19000CDB54E4FCEB5F46ECFB5EA8FD0B54C6568
:10C1A000D1B51B7BD2B5C472D3B5A46DD4B5DF7F36
:10C1B000D5B5E15AD6B5B562D7B5955ED8B5305785
:10C1C000D9B58284DAB52C7BDBB51D5EDCB51F5F8B
:10C1D000DDB51290DEB5147FDFB5A098E0B58263BF
:10C1E000E1B5C76EE2B59878E3B5B970E4B57851BA
:10C1F000E5B55B97E6B5AB57E7B53575E8B5434FA1
:10C20000E9B53875EAB5975EEBB5E660ECB560590F
:10C21000EDB5C06DEEB5BF6BEFB58978F0B5FC53E9
:10C22000F1B5D596F2B5CB51F3B50152F4B58963AA
:10C23000F5B50A54F6B59394F7B5038CF8B5CC8DE3
:10C24000F9B53972FAB59F78FBB57687FCB5ED8FF5
:10C25000FDB50D8CFEB5E05340B6937941B69479A7
:10C2600042B6957943B6967944B6977945B69879AA
:10C2700046B6997947B69B7948B69C7949B69D7977
:10C280004AB69E794BB69F794CB6A0794DB6A17946
:10C290004EB6A2794FB6A37950B6A47951B6A57916
:10C2A00052B6A67953B6A87954B6A97955B6AA79E3
:10C2B00056B6AB7957B6AC7958B6AD7959B6AE79B2
:10C2C0005AB6AF795BB6B0795CB6B1795DB6B27982
:10C2D0005EB6B4795FB6B57960B6B67961B6B7794E
:10C2E00062B6B87963B6BC7964B6BF7965B6C2790F
:10C2F00066B6C47967B6C57968B6C77969B6C879CC
:10C300006AB6CA796BB6CC796CB6CE796DB6CF7990
:10C310006EB6D0796FB6D37970B6D47971B6D67956
:10C3200072B6D77973B6D97974B6DA7975B6DB791E
:10C3300076B6DC7977B6DD7978B6DE7979B6E079EC
:10C340007AB6E1797BB6E2797CB6E5797DB6E879B3
:10C350007EB6EA7980B6EC7981B6EE7982B6F1796B
:10C3600083B6F27984B6F37985B6F47986B6F57931
:10C3700087B6F67988B6F77989B6F9798AB6FA79FF
:10C380008BB6FC798CB6FE798DB6FF798EB6017AC4
:10C390008FB6047A90B6057A91B6077A92B6087A83
:10C3A00093B6097A94B60A7A95B60C7A96B60F7A4D
:10C3B00097B6107A98B6117A99B6127A9AB6137A15
:10C3C0009BB6157A9CB6167A9DB6187A9EB6197ADF
:10C3D0009FB61B7AA0B61C7AA1B6014EA2B6EF7624
:10C3E000A3B6EE53A4B68994A5B67698A6B60E9FCA
:10C3F000A7B62D95A8B69A5BA9B6A28BAAB6224E6F
:10C40000ABB61C4EACB6AC51ADB66384AEB6C26131
:10C41000AFB6A852B0B60B68B1B6974FB2B66B6064
:10C42000B3B6BB51B4B61E6DB5B65C51B6B6966226
:10C43000B7B69765B8B66196B9B6468CBAB61790D6
:10C44000BBB6D875BCB6FD90BDB66377BEB6D26B31
:10C45000BFB68A72C0B6EC72C1B6FB8BC2B6355895
:10C46000C3B67977C4B64C8DC5B65C67C6B6409581
:10C47000C7B69A80C8B6A65EC9B6216ECAB692592A
:10C48000CBB6EF7ACCB6ED77CDB63B95CEB6B56BE5
:10C49000CFB6AD65D0B60E7FD1B60658D2B65151E3
:10C4A000D3B61F96D4B6F95BD5B6A958D6B62854DC
:10C4B000D7B6728ED8B66665D9B67F98DAB6E45626
:10C4C000DBB69D94DCB6FE76DDB64190DEB68763C2
:10C4D000DFB6C654E0B61A59E1B63A59E2B69B57F0
:10C4E000E3B6B28EE4B63567E5B6FA8DE6B63582C8
:10C4F000E7B64152E8B6F060E9B61558EAB6FE86EE
:10C50000EBB6E85CECB6459EEDB6C44FEEB69D9832
:10C51000EFB6B98BF0B6255AF1B67660F2B6845311
:10C52000F3B67C62F4B64F90F5B60291F6B67F99F9
:10C53000F7B66960F8B60C80F9B63F51FAB63380A9
:10C54000FBB6145CFCB67599FDB6316DFEB68C4E2B
:10C5500040B71D7A41B71F7A42B7217A43B7227A92
:10C5600044B7247A45B7257A46B7267A47B7277A5B
:10C5700048B7287A49B7297A4AB72A7A4BB72B7A2B
:10C580004CB72C7A4DB72D7A4EB72E7A4FB72F7AFB
:10C5900050B7307A51B7317A52B7327A53B7347ACA
:10C5A00054B7357A55B7367A56B7387A57B73A7A94
:10C5B00058B73E7A59B7407A5AB7417A5BB7427A50
:10C5C0005CB7437A5DB7447A5EB7457A5FB7477A1E
:10C5D00060B7487A61B7497A62B74A7A63B74B7AEB
:10C5E00064B74C7A65B74D7A66B74E7A67B74F7ABB
:10C5F00068B7507A69B7527A6AB7537A6BB7547A88
:10C600006CB7557A6DB7567A6EB7587A6FB7597A54
:10C6100070B75A7A71B75B7A72B75C7A73B75D7A22
:10C6200074B75E7A75B75F7A76B7607A77B7617AF2
:10C6300078B7627A79B7637A7AB7647A7BB7657AC2
:10C640007CB7667A7DB7677A7EB7687A80B7697A91
:10C6500081B76A7A82B76B7A83B76C7A84B76D7A5E
:10C6600085B76E7A86B76F7A87B7717A88B7727A2C
:10C6700089B7737A8AB7757A8BB77B7A8CB77C7AED
:10C680008DB77D7A8EB77E7A8FB7827A90B7857AAA
:10C6900091B7877A92B7897A93B78A7A94B78B7A67
:10C6A00095B78C7A96B78E7A97B78F7A98B7907A33
:10C6B00099B7937A9AB7947A9BB7997A9CB79A7AF2
:10C6C0009DB79B7A9EB79E7A9FB7A17AA0B7A27AB0
:10C6D000A1B7308DA2B7D153A3B75A7FA4B74F7B70
:10C6E000A5B7104FA6B74F4EA7B70096A8B7D56C01
:10C6F000A9B7D073AAB7E985ABB7065EACB76A75C0
:10C70000ADB7FB7FAEB70A6AAFB7FE77B0B792940A
:10C71000B1B7417EB2B7E151B3B7E670B4B7CD530C
:10C72000B5B7D48FB6B70383B7B7298DB8B7AF7293
:10C73000B9B76D99BAB7DB6CBBB74A57BCB7B38210
:10C74000BDB7B965BEB7AA80BFB73F62C0B7329662
:10C75000C1B7A859C2B7FF4EC3B7BF8BC4B7BA7E23
:10C76000C5B73E65C6B7F283C7B75E97C8B7615510
:10C77000C9B7DE98CAB7A580CBB72A53CCB7FD8B13
:10C78000CDB72054CEB7BA80CFB79F5ED0B7B86CC4
:10C79000D1B7398DD2B7AC82D3B75A91D4B7295417
:10C7A000D5B71B6CD6B70652D7B7B77ED8B75F5789
:10C7B000D9B71A71DAB77E6CDBB7897CDCB74B5915
:10C7C000DDB7FD4EDEB7FF5FDFB72461E0B7AA7CBF
:10C7D000E1B7304EE2B7015CE3B7AB67E4B702877D
:10C7E000E5B7F05CE6B70B95E7B7CE98E8B7AF755D
:10C7F000E9B7FD70EAB72290EBB7AF51ECB71D7FF8
:10C80000EDB7BD8BEEB74959EFB7E451F0B75B4FC9
:10C81000F1B72654F2B72B59F3B77765F4B7A48074
:10C82000F5B7755BF6B77662F7B7C262F8B7908F67
:10C83000F9B7455EFAB71F6CFBB7267BFCB70F4F05
:10C84000FDB7D84FFEB70D6740B8A37A41B8A47AB8
:10C8500042B8A77A43B8A97A44B8AA7A45B8AB7A5D
:10C8600046B8AE7A47B8AF7A48B8B07A49B8B17A24
:10C870004AB8B27A4BB8B47A4CB8B57A4DB8B67AF1
:10C880004EB8B77A4FB8B87A50B8B97A51B8BA7AC0
:10C8900052B8BB7A53B8BC7A54B8BD7A55B8BE7A90
:10C8A00056B8C07A57B8C17A58B8C27A59B8C37A5C
:10C8B0005AB8C47A5BB8C57A5CB8C67A5DB8C77A2C
:10C8C0005EB8C87A5FB8C97A60B8CA7A61B8CC7AFB
:10C8D00062B8CD7A63B8CE7A64B8CF7A65B8D07AC8
:10C8E00066B8D17A67B8D27A68B8D37A69B8D47A98
:10C8F0006AB8D57A6BB8D77A6CB8D87A6DB8DA7A64
:10C900006EB8DB7A6FB8DC7A70B8DD7A71B8E17A2C
:10C9100072B8E27A73B8E47A74B8E77A75B8E87AEC
:10C9200076B8E97A77B8EA7A78B8EB7A79B8EC7AB7
:10C930007AB8EE7A7BB8F07A7CB8F17A7DB8F27A80
:10C940007EB8F37A80B8F47A81B8F57A82B8F67A4C
:10C9500083B8F77A84B8F87A85B8FB7A86B8FC7A17
:10C9600087B8FE7A88B8007B89B8017B8AB8027BD9
:10C970008BB8057B8CB8077B8DB8097B8EB80C7B98
:10C980008FB80D7B90B80E7B91B8107B92B8127B5C
:10C9900093B8137B94B8167B95B8177B96B8187B21
:10C9A00097B81A7B98B81C7B99B81D7B9AB81F7BE7
:10C9B0009BB8217B9CB8227B9DB8237B9EB8277BAC
:10C9C0009FB8297BA0B82D7BA1B86E6DA2B8AA6DC7
:10C9D000A3B88F79A4B8B188A5B8175FA6B82B758E
:10C9E000A7B89A62A8B8858FA9B8EF4FAAB8DC910A
:10C9F000ABB8A765ACB82F81ADB85181AEB89C5E1D
:10CA0000AFB85081B0B8748DB1B86F52B2B88689E2
:10CA1000B3B84B8DB4B80D59B5B88550B6B8D84E2B
:10CA2000B7B81C96B8B83672B9B87981BAB81F8D44
:10CA3000BBB8CC5BBCB8A38BBDB84496BEB8875915
:10CA4000BFB81A7FC0B89054C1B87656C2B80E5657
:10CA5000C3B8E58BC4B83965C5B88269C6B89994BE
:10CA6000C7B8D676C8B8896EC9B8725ECAB8187524
:10CA7000CBB84667CCB8D167CDB8FF7ACEB89D8029
:10CA8000CFB8768DD0B81F61D1B8C679D2B86265FB
:10CA9000D3B8638DD4B88851D5B81A52D6B8A294F9
:10CAA000D7B8387FD8B89B80D9B8B27EDAB8975C4F
:10CAB000DBB82F6EDCB86067DDB8D97BDEB88B766B
:10CAC000DFB8D89AE0B88F81E1B8947FE2B8D57C1E
:10CAD000E3B81E64E4B85095E5B83F7AE6B84A5426
:10CAE000E7B8E554E8B84C6BE9B80164EAB8086205
:10CAF000EBB83D9EECB8F380EDB89975EEB8725284
:10CB0000EFB86997F0B85B84F1B83C68F2B8E48696
:10CB1000F3B80196F4B89496F5B8EC94F6B82A4EAA
:10CB2000F7B80454F8B8D97EF9B83968FAB8DF8D87
:10CB3000FBB81580FCB8F466FDB89A5EFEB8B97F04
:10CB400040B92F7B41B9307B42B9327B43B9347B4A
:10CB500044B9357B45B9367B46B9377B47B9397B14
:10CB600048B93B7B49B93D7B4AB93F7B4BB9407BD8
:10CB70004CB9417B4DB9427B4EB9437B4FB9447BA5
:10CB800050B9467B51B9487B52B94A7B53B94D7B6A
:10CB900054B94E7B55B9537B56B9557B57B9577B22
:10CBA00058B9597B59B95C7B5AB95E7B5BB95F7BDD
:10CBB0005CB9617B5DB9637B5EB9647B5FB9657BA2
:10CBC00060B9667B61B9677B62B9687B63B9697B71
:10CBD00064B96A7B65B96B7B66B96C7B67B96D7B41
:10CBE00068B96F7B69B9707B6AB9737B6BB9747B09
:10CBF0006CB9767B6DB9787B6EB97A7B6FB97C7BCB
:10CC000070B97D7B71B97F7B72B9817B73B9827B8F
:10CC100074B9837B75B9847B76B9867B77B9877B5A
:10CC200078B9887B79B9897B7AB98A7B7BB98B7B28
:10CC30007CB98C7B7DB98E7B7EB98F7B80B9917BF3
:10CC400081B9927B82B9937B83B9967B84B9987BB7
:10CC500085B9997B86B99A7B87B99B7B88B99E7B7E
:10CC600089B99F7B8AB9A07B8BB9A37B8CB9A47B44
:10CC70008DB9A57B8EB9AE7B8FB9AF7B90B9B07BF8
:10CC800091B9B27B92B9B37B93B9B57B94B9B67BBA
:10CC900095B9B77B96B9B97B97B9BA7B98B9BB7B85
:10CCA00099B9BC7B9AB9BD7B9BB9BE7B9CB9BF7B54
:10CCB0009DB9C07B9EB9C27B9FB9C37BA0B9C47B21
:10CCC000A1B9C257A2B93F80A3B99768A4B9E55DDD
:10CCD000A5B93B65A6B99F52A7B96D60A8B99A9F3F
:10CCE000A9B99B4FAAB9AC8EABB96C51ACB9AB5BCF
:10CCF000ADB9135FAEB9E95DAFB95E6CB0B9F162C1
:10CD0000B1B9218DB2B97151B3B9A994B4B9FE5278
:10CD1000B5B99F6CB6B9DF82B7B9D772B8B9A257A7
:10CD2000B9B98467BAB92D8DBBB91F59BCB99C8FED
:10CD3000BDB9C783BEB99554BFB98D7BC0B9304F5B
:10CD4000C1B9BD6CC2B9645BC3B9D159C4B9139F31
:10CD5000C5B9E453C6B9CA86C7B9A89AC8B9378C49
:10CD6000C9B9A180CAB94565CBB97E98CCB9FA5684
:10CD7000CDB9C796CEB92E52CFB9DC74D0B95052C6
:10CD8000D1B9E15BD2B90263D3B90289D4B9564EA5
:10CD9000D5B9D062D6B92A60D7B9FA68D8B9735173
:10CDA000D9B9985BDAB9A051DBB9C289DCB9A17BEA
:10CDB000DDB98699DEB9507FDFB9EF60E0B94C701C
:10CDC000E1B92F8DE2B94951E3B97F5EE4B91B9017
:10CDD000E5B97074E6B9C489E7B92D57E8B9457863
:10CDE000E9B9525FEAB99F9FEBB9FA95ECB9688F40
:10CDF000EDB93C9BEEB9E18BEFB97876F0B94268BA
:10CE0000F1B9DC67F2B9EA8DF3B9358DF4B93D5269
:10CE1000F5B98A8FF6B9DA6EF7B9CD68F8B9059524
:10CE2000F9B9ED90FAB9FD56FBB99C67FCB9F988E0
:10CE3000FDB9C78FFEB9C85440BAC57B41BAC87B9B
:10CE400042BAC97B43BACA7B44BACB7B45BACD7BD5
:10CE500046BACE7B47BACF7B48BAD07B49BAD27BA1
:10CE60004ABAD47B4BBAD57B4CBAD67B4DBAD77B6A
:10CE70004EBAD87B4FBADB7B50BADC7B51BADE7B33
:10CE800052BADF7B53BAE07B54BAE27B55BAE37BFC
:10CE900056BAE47B57BAE77B58BAE87B59BAE97BC4
:10CEA0005ABAEB7B5BBAEC7B5CBAED7B5DBAEF7B8D
:10CEB0005EBAF07B5FBAF27B60BAF37B61BAF47B57
:10CEC00062BAF57B63BAF67B64BAF87B65BAF97B24
:10CED00066BAFA7B67BAFB7B68BAFD7B69BAFF7BEF
:10CEE0006ABA007C6BBA017C6CBA027C6DBA037CB6
:10CEF0006EBA047C6FBA057C70BA067C71BA087C85
:10CF000072BA097C73BA0A7C74BA0D7C75BA0E7C4D
:10CF100076BA107C77BA117C78BA127C79BA137C15
:10CF20007ABA147C7BBA157C7CBA177C7DBA187CE3
:10CF30007EBA197C80BA1A7C81BA1B7C82BA1C7CAE
:10CF400083BA1D7C84BA1E7C85BA207C86BA217C7B
:10CF500087BA227C88BA237C89BA247C8ABA257C49
:10CF60008BBA287C8CBA297C8DBA2B7C8EBA2C7C0F
:10CF70008FBA2D7C90BA2E7C91BA2F7C92BA307CDD
:10CF800093BA317C94BA327C95BA337C96BA347CAD
:10CF900097BA357C98BA367C99BA377C9ABA397C7C
:10CFA0009BBA3A7C9CBA3B7C9DBA3C7C9EBA3D7C49
:10CFB0009FBA3E7CA0BA427CA1BAB89AA2BA695B79
:10CFC000A3BA776DA4BA266CA5BAA54EA6BAB35B70
:10CFD000A7BA879AA8BA6391A9BAA861AABAAF906A
:10CFE000ABBAE997ACBA2B54ADBAB56DAEBAD25B59
:10CFF000AFBAFD51B0BA8A55B1BA557FB2BAF07F17
:10D00000B3BABC64B4BA4D63B5BAF165B6BABE6121
:10D01000B7BA8D60B8BA0A71B9BA576CBABA496C66
:10D02000BBBA2F59BCBA6D67BDBA2A82BEBAD558F1
:10D03000BFBA8E56C0BA6A8CC1BAEB6BC2BADD9069
:10D04000C3BA7D59C4BA1780C5BAF753C6BA696D59
:10D05000C7BA7554C8BA9D55C9BA7783CABACF83BF
:10D06000CBBA3868CCBABE79CDBA8C54CEBA554F4B
:10D07000CFBA0854D0BAD276D1BA898CD2BA029635
:10D08000D3BAB36CD4BAB86DD5BA6B8DD6BA108991
:10D09000D7BA649ED8BA3A8DD9BA3F56DABAD19E79
:10D0A000DBBAD575DCBA885FDDBAE072DEBA6860DB
:10D0B000DFBAFC54E0BAA84EE1BA2A6AE2BA618843
:10D0C000E3BA5260E4BA708FE5BAC454E6BAD870D5
:10D0D000E7BA7986E8BA3F9EE9BA2A6DEABA8F5B69
:10D0E000EBBA185FECBAA27EEDBA8955EEBAAF4F33
:10D0F000EFBA3473F0BA3C54F1BA9A53F2BA1950F9
:10D10000F3BA0E54F4BA7C54F5BA4E4EF6BAFD5F3B
:10D11000F7BA5A74F8BAF658F9BA6B84FABAE180D9
:10D12000FBBA7487FCBAD072FDBACA7CFEBA566EDE
:10D1300040BB437C41BB447C42BB457C43BB467CFB
:10D1400044BB477C45BB487C46BB497C47BB4A7CCB
:10D1500048BB4B7C49BB4C7C4ABB4E7C4BBB4F7C99
:10D160004CBB507C4DBB517C4EBB527C4FBB537C67
:10D1700050BB547C51BB557C52BB567C53BB577C37
:10D1800054BB587C55BB597C56BB5A7C57BB5B7C07
:10D1900058BB5C7C59BB5D7C5ABB5E7C5BBB5F7CD7
:10D1A0005CBB607C5DBB617C5EBB627C5FBB637CA7
:10D1B00060BB647C61BB657C62BB667C63BB677C77
:10D1C00064BB687C65BB697C66BB6A7C67BB6B7C47
:10D1D00068BB6C7C69BB6D7C6ABB6E7C6BBB6F7C17
:10D1E0006CBB707C6DBB717C6EBB727C6FBB757CE5
:10D1F00070BB767C71BB777C72BB787C73BB797CAF
:10D2000074BB7A7C75BB7E7C76BB7F7C77BB807C75
:10D2100078BB817C79BB827C7ABB837C7BBB847C42
:10D220007CBB857C7DBB867C7EBB877C80BB887C11
:10D2300081BB8A7C82BB8B7C83BB8C7C84BB8D7CDA
:10D2400085BB8E7C86BB8F7C87BB907C88BB937CA8
:10D2500089BB947C8ABB967C8BBB997C8CBB9A7C6B
:10D260008DBB9B7C8EBBA07C8FBBA17C90BBA37C29
:10D2700091BBA67C92BBA77C93BBA87C94BBA97CEA
:10D2800095BBAB7C96BBAC7C97BBAD7C98BBAF7CB5
:10D2900099BBB07C9ABBB47C9BBBB57C9CBBB67C79
:10D2A0009DBBB77C9EBBB87C9FBBBA7CA0BBBB7C44
:10D2B000A1BB275FA2BB4E86A3BB2C55A4BBA46217
:10D2C000A5BB924EA6BBAA6CA7BB3762A8BBB18216
:10D2D000A9BBD754AABB4E53ABBB3E73ACBBD16EFC
:10D2E000ADBB3B75AEBB1252AFBB1653B0BBDD8BB3
:10D2F000B1BBD069B2BB8A5FB3BB0060B4BBEE6D9B
:10D30000B5BB4F57B6BB226BB7BBAF73B8BB536847
:10D31000B9BBD88FBABB137FBBBB6263BCBBA36076
:10D32000BDBB2455BEBBEA75BFBB628CC0BB1571CB
:10D33000C1BBA36DC2BBA65BC3BB7B5EC4BB528338
:10D34000C5BB4C61C6BBC49EC7BBFA78C8BB578778
:10D35000C9BB277CCABB8776CBBBF051CCBBF66080
:10D36000CDBB4C71CEBB4366CFBB4C5ED0BB4D60DA
:10D37000D1BB0E8CD2BB7070D3BB2563D4BB898F5D
:10D38000D5BBBD5FD6BB6260D7BBD486D8BBDE56EB
:10D39000D9BBC16BDABB9460DBBB6761DCBB4953B3
:10D3A000DDBBE060DEBB6666DFBB3F8DE0BBFD79C9
:10D3B000E1BB1A4FE2BBE970E3BB476CE4BBB38B44
:10D3C000E5BBF28BE6BBD87EE7BB6483E8BB0F66A8
:10D3D000E9BB5A5AEABB429BEBBB516DECBBF76D04
:10D3E000EDBB418CEEBB3B6DEFBB194FF0BB6B70DF
:10D3F000F1BBB783F2BB1662F3BBD160F4BB0D97F0
:10D40000F5BB278DF6BB7879F7BBFB51F8BB3E57D0
:10D41000F9BBFA57FABB3A67FBBB7875FCBB3D7AA0
:10D42000FDBBEF79FEBB957B40BCBF7C41BCC07CA3
:10D4300042BCC27C43BCC37C44BCC47C45BCC67CEF
:10D4400046BCC97C47BCCB7C48BCCE7C49BCCF7CAD
:10D450004ABCD07C4BBCD17C4CBCD27C4DBCD37C78
:10D460004EBCD47C4FBCD87C50BCDA7C51BCDB7C3D
:10D4700052BCDD7C53BCDE7C54BCE17C55BCE27C00
:10D4800056BCE37C57BCE47C58BCE57C59BCE67CCC
:10D490005ABCE77C5BBCE97C5CBCEA7C5DBCEB7C99
:10D4A0005EBCEC7C5FBCED7C60BCEE7C61BCF07C67
:10D4B00062BCF17C63BCF27C64BCF37C65BCF47C34
:10D4C00066BCF57C67BCF67C68BCF77C69BCF97C03
:10D4D0006ABCFA7C6BBCFC7C6CBCFD7C6DBCFE7CCD
:10D4E0006EBCFF7C6FBC007D70BC017D71BC027D99
:10D4F00072BC037D73BC047D74BC057D75BC067D68
:10D5000076BC077D77BC087D78BC097D79BC0B7D36
:10D510007ABC0C7D7BBC0D7D7CBC0E7D7DBC0F7D03
:10D520007EBC107D80BC117D81BC127D82BC137DD0
:10D5300083BC147D84BC157D85BC167D86BC177D9F
:10D5400087BC187D88BC197D89BC1A7D8ABC1B7D6F
:10D550008BBC1C7D8CBC1D7D8DBC1E7D8EBC1F7D3F
:10D560008FBC217D90BC237D91BC247D92BC257D08
:10D5700093BC267D94BC287D95BC297D96BC2A7DD4
:10D5800097BC2C7D98BC2D7D99BC2E7D9ABC307D9E
:10D590009BBC317D9CBC327D9DBC337D9EBC347D6B
:10D5A0009FBC357DA0BC367DA1BC8C80A2BC65999A
:10D5B000A3BCF98FA4BCC06FA5BCA58BA6BC219E43
:10D5C000A7BCEC59A8BCE97EA9BC097FAABC095438
:10D5D000ABBC8167ACBCD868ADBC918FAEBC4D7C98
:10D5E000AFBCC696B0BCCA53B1BC2560B2BCBE7558
:10D5F000B3BC726CB4BC7353B5BCC95AB6BCA77E7D
:10D60000B7BC2463B8BCE051B9BC0A81BABCF15DB7
:10D61000BBBCDF84BCBC8062BDBC8051BEBC635B54
:10D62000BFBC0E4FC0BC6D79C1BC4252C2BCB86019
:10D63000C3BC4E6DC4BCC45BC5BCC25BC6BCA18BC5
:10D64000C7BCB08BC8BCE265C9BCCC5FCABC459640
:10D65000CBBC9359CCBCE77ECDBCAA7ECEBC0956D0
:10D66000CFBCB767D0BC3959D1BC734FD2BCB65B05
:10D67000D3BCA052D4BC5A83D5BC8A98D6BC3E8DAC
:10D68000D7BC3275D8BCBE94D9BC4750DABC3C7A02
:10D69000DBBCF74EDCBCB667DDBC7E9ADEBCC15A93
:10D6A000DFBC7C6BE0BCD176E1BC5A57E2BC165CB7
:10D6B000E3BC3A7BE4BCF495E5BC4E71E6BC7C511E
:10D6C000E7BCA980E8BC7082E9BC7859EABC047F59
:10D6D000EBBC2783ECBCC068EDBCEC67EEBCB1785A
:10D6E000EFBC7778F0BCE362F1BC6163F2BC807B95
:10D6F000F3BCED4FF4BC6A52F5BCCF51F6BC50837D
:10D70000F7BCDB69F8BC7492F9BCF58DFABC318DBD
:10D71000FBBCC189FCBC2E95FDBCAD7BFEBCF64EAE
:10D7200040BD377D41BD387D42BD397D43BD3A7D29
:10D7300044BD3B7D45BD3C7D46BD3D7D47BD3E7DF9
:10D7400048BD3F7D49BD407D4ABD417D4BBD427DC9
:10D750004CBD437D4DBD447D4EBD457D4FBD467D99
:10D7600050BD477D51BD487D52BD497D53BD4A7D69
:10D7700054BD4B7D55BD4C7D56BD4D7D57BD4E7D39
:10D7800058BD4F7D59BD507D5ABD517D5BBD527D09
:10D790005CBD537D5DBD547D5EBD557D5FBD567DD9
:10D7A00060BD577D61BD587D62BD597D63BD5A7DA9
:10D7B00064BD5B7D65BD5C7D66BD5D7D67BD5E7D79
:10D7C00068BD5F7D69BD607D6ABD617D6BBD627D49
:10D7D0006CBD637D6DBD647D6EBD657D6FBD667D19
:10D7E00070BD677D71BD687D72BD697D73BD6A7DE9
:10D7F00074BD6B7D75BD6C7D76BD6D7D77BD6F7DB8
:10D8000078BD707D79BD717D7ABD727D7BBD737D84
:10D810007CBD747D7DBD757D7EBD767D80BD787D52
:10D8200081BD797D82BD7A7D83BD7B7D84BD7C7D1C
:10D8300085BD7D7D86BD7E7D87BD7F7D88BD807DEC
:10D8400089BD817D8ABD827D8BBD837D8CBD847DBC
:10D850008DBD857D8EBD867D8FBD877D90BD887D8C
:10D8600091BD897D92BD8A7D93BD8B7D94BD8C7D5C
:10D8700095BD8D7D96BD8E7D97BD8F7D98BD907D2C
:10D8800099BD917D9ABD927D9BBD937D9CBD947DFC
:10D890009DBD957D9EBD967D9FBD977DA0BD987DCC
:10D8A000A1BD6550A2BD3082A3BD5152A4BD6F99E8
:10D8B000A5BD106EA6BD856EA7BDA76DA8BDFA5EFD
:10D8C000A9BDF550AABDDC59ABBD065CACBD466D2B
:10D8D000ADBD5F6CAEBD8675AFBD8B84B0BD6868F5
:10D8E000B1BD5659B2BDB28BB3BD2053B4BD719119
:10D8F000B5BD4D96B6BD4985B7BD1269B8BD0179B4
:10D90000B9BD2671BABDF680BBBDA44EBCBDCA90E0
:10D91000BDBD476DBEBD849ABFBD075AC0BDBC56D4
:10D92000C1BD0564C2BDF094C3BDEB77C4BDA54FB6
:10D93000C5BD1A81C6BDE172C7BDD289C8BD7A997D
:10D94000C9BD347FCABDDE7ECBBD7F52CCBD59651B
:10D95000CDBD7591CEBD7F8FCFBD838FD0BDEB5335
:10D96000D1BD967AD2BDED63D3BDA563D4BD867615
:10D97000D5BDF879D6BD5788D7BD3696D8BD2A62B1
:10D98000D9BDAB52DABD8282DBBD5468DCBD7067A5
:10D99000DDBD7763DEBD6B77DFBDED7AE0BD016D88
:10D9A000E1BDD37EE2BDE389E3BDD059E4BD12629F
:10D9B000E5BDC985E6BDA582E7BD4C75E8BD1F5034
:10D9C000E9BDCB4EEABDA575EBBDEB8BECBD4A5C6A
:10D9D000EDBDFE5DEEBD4B7BEFBDA465F0BDD1910D
:10D9E000F1BDCA4EF2BD256DF3BD5F89F4BD277D43
:10D9F000F5BD2695F6BDC54EF7BD288CF8BDDB8F6D
:10DA0000F9BD7397FABD4B66FBBD8179FCBDD18F23
:10DA1000FDBDEC70FEBD786D40BE997D41BE9A7D26
:10DA200042BE9B7D43BE9C7D44BE9D7D45BE9E7D8A
:10DA300046BE9F7D47BEA07D48BEA17D49BEA27D5A
:10DA40004ABEA37D4BBEA47D4CBEA57D4DBEA77D29
:10DA50004EBEA87D4FBEA97D50BEAA7D51BEAB7DF6
:10DA600052BEAC7D53BEAD7D54BEAF7D55BEB07DC4
:10DA700056BEB17D57BEB27D58BEB37D59BEB47D92
:10DA80005ABEB57D5BBEB67D5CBEB77D5DBEB87D62
:10DA90005EBEB97D5FBEBA7D60BEBB7D61BEBC7D32
:10DAA00062BEBD7D63BEBE7D64BEBF7D65BEC07D02
:10DAB00066BEC17D67BEC27D68BEC37D69BEC47DD2
:10DAC0006ABEC57D6BBEC67D6CBEC77D6DBEC87DA2
:10DAD0006EBEC97D6FBECA7D70BECB7D71BECC7D72
:10DAE00072BECD7D73BECE7D74BECF7D75BED07D42
:10DAF00076BED17D77BED27D78BED37D79BED47D12
:10DB00007ABED57D7BBED67D7CBED77D7DBED87DE1
:10DB10007EBED97D80BEDA7D81BEDB7D82BEDC7DAE
:10DB200083BEDD7D84BEDE7D85BEDF7D86BEE07D7D
:10DB300087BEE17D88BEE27D89BEE37D8ABEE47D4D
:10DB40008BBEE57D8CBEE67D8DBEE77D8EBEE87D1D
:10DB50008FBEE97D90BEEA7D91BEEB7D92BEEC7DED
:10DB600093BEED7D94BEEE7D95BEEF7D96BEF07DBD
:10DB700097BEF17D98BEF27D99BEF37D9ABEF47D8D
:10DB80009BBEF57D9CBEF67D9DBEF77D9EBEF87D5D
:10DB90009FBEF97DA0BEFA7DA1BE3D5CA2BEB25281
:10DBA000A3BE4683A4BE6251A5BE0E83A6BE5B770C
:10DBB000A7BE7666A8BEB89CA9BEAC4EAABECA6077
:10DBC000ABBEBE7CACBEB37CADBECF7EAEBE954E12
:10DBD000AFBE668BB0BE6F66B1BE8898B2BE5997B5
:10DBE000B3BE8358B4BE6C65B5BE5C95B6BE845FEB
:10DBF000B7BEC975B8BE5697B9BEDF7ABABEDE7A6F
:10DC0000BBBEC051BCBEAF70BDBE987ABEBEEA639B
:10DC1000BFBE767AC0BEA07EC1BE9673C2BEED976F
:10DC2000C3BE454EC4BE7870C5BE5D4EC6BE5291E1
:10DC3000C7BEA953C8BE5165C9BEE765CABEFC814F
:10DC4000CBBE0582CCBE8E54CDBE315CCEBE9A75A5
:10DC5000CFBEA097D0BED862D1BED972D2BEBD759C
:10DC6000D3BE455CD4BE799AD5BECA83D6BE405CCD
:10DC7000D7BE8054D8BEE977D9BE3E4EDABEAE6C70
:10DC8000DBBE5A80DCBED262DDBE6E63DEBEE85D06
:10DC9000DFBE7751E0BEDD8DE1BE1E8EE2BE2F9568
:10DCA000E3BEF14FE4BEE553E5BEE760E6BEAC700F
:10DCB000E7BE6752E8BE5063E9BE439EEABE1F5A04
:10DCC000EBBE2650ECBE3777EDBE7753EEBEE27E5C
:10DCD000EFBE8564F0BE2B65F1BE8962F2BE98632B
:10DCE000F3BE1450F4BE3572F5BEC989F6BEB35109
:10DCF000F7BEC08BF8BEDD7EF9BE4757FABECC83B7
:10DD0000FBBEA794FCBE9B51FDBE1B54FEBEFB5C3C
:10DD100040BFFB7D41BFFC7D42BFFD7D43BFFE7D1B
:10DD200044BFFF7D45BF007E46BF017E47BF027EE8
:10DD300048BF037E49BF047E4ABF057E4BBF067EB7
:10DD40004CBF077E4DBF087E4EBF097E4FBF0A7E87
:10DD500050BF0B7E51BF0C7E52BF0D7E53BF0E7E57
:10DD600054BF0F7E55BF107E56BF117E57BF127E27
:10DD700058BF137E59BF147E5ABF157E5BBF167EF7
:10DD80005CBF177E5DBF187E5EBF197E5FBF1A7EC7
:10DD900060BF1B7E61BF1C7E62BF1D7E63BF1E7E97
:10DDA00064BF1F7E65BF207E66BF217E67BF227E67
:10DDB00068BF237E69BF247E6ABF257E6BBF267E37
:10DDC0006CBF277E6DBF287E6EBF297E6FBF2A7E07
:10DDD00070BF2B7E71BF2C7E72BF2D7E73BF2E7ED7
:10DDE00074BF2F7E75BF307E76BF317E77BF327EA7
:10DDF00078BF337E79BF347E7ABF357E7BBF367E77
:10DE00007CBF377E7DBF387E7EBF397E80BF3A7E45
:10DE100081BF3C7E82BF3D7E83BF3E7E84BF3F7E0E
:10DE200085BF407E86BF427E87BF437E88BF447EDB
:10DE300089BF457E8ABF467E8BBF487E8CBF497EA8
:10DE40008DBF4A7E8EBF4B7E8FBF4C7E90BF4D7E76
:10DE500091BF4E7E92BF4F7E93BF507E94BF517E46
:10DE600095BF527E96BF537E97BF547E98BF557E16
:10DE700099BF567E9ABF577E9BBF587E9CBF597EE6
:10DE80009DBF5A7E9EBF5B7E9FBF5C7EA0BF5D7EB6
:10DE9000A1BFCA4FA2BFE37AA3BF5A6DA4BFE1904E
:10DEA000A5BF8F9AA6BF8055A7BF9654A8BF615340
:10DEB000A9BFAF54AABF005FABBFE963ACBF77692E
:10DEC000ADBFEF51AEBF6861AFBF0A52B0BF2A58B5
:10DED000B1BFD852B2BF4E57B3BF0D78B4BF0B77A6
:10DEE000B5BFB75EB6BF7761B7BFE07CB8BF5B6256
:10DEF000B9BF9762BABFA24EBBBF9570BCBF0380CB
:10DF0000BDBFF762BEBFE470BFBF6097C0BF7757A9
:10DF1000C1BFDB82C2BFEF67C3BFF568C4BFD5789E
:10DF2000C5BF9798C6BFD179C7BFF358C8BFB35410
:10DF3000C9BFEF53CABF346ECBBF4B51CCBF3B52AE
:10DF4000CDBFA25BCEBFFE8BCFBFAF80D0BF43554E
:10DF5000D1BFA657D2BF7360D3BF5157D4BF2D5482
:10DF6000D5BF7A7AD6BF5060D7BF545BD8BFA763FE
:10DF7000D9BFA062DABFE353DBBF6362DCBFC75B1C
:10DF8000DDBFAF67DEBFED54DFBF9F7AE0BFE68243
:10DF9000E1BF7791E2BF935EE3BFE488E4BF385905
:10DFA000E5BFAE57E6BF0E63E7BFE88DE8BFEF8081
:10DFB000E9BF5757EABF777BEBBFA94FECBFEB5FD9
:10DFC000EDBFBD5BEEBF3E6BEFBF2153F0BF507B9B
:10DFD000F1BFC272F2BF4668F3BFFF77F4BF367776
:10DFE000F5BFF765F6BFB551F7BF8F4EF8BFD476D2
:10DFF000F9BFBF5CFABFA57AFBBF7584FCBF4E5961
:10E00000FDBF419BFEBF805040C05E7E41C05F7E31
:10E0100042C0607E43C0617E44C0627E45C0637E74
:10E0200046C0647E47C0657E48C0667E49C0677E44
:10E030004AC0687E4BC0697E4CC06A7E4DC06B7E14
:10E040004EC06C7E4FC06D7E50C06E7E51C06F7EE4
:10E0500052C0707E53C0717E54C0727E55C0737EB4
:10E0600056C0747E57C0757E58C0767E59C0777E84
:10E070005AC0787E5BC0797E5CC07A7E5DC07B7E54
:10E080005EC07C7E5FC07D7E60C07E7E61C07F7E24
:10E0900062C0807E63C0817E64C0837E65C0847EF2
:10E0A00066C0857E67C0867E68C0877E69C0887EC0
:10E0B0006AC0897E6BC08A7E6CC08B7E6DC08C7E90
:10E0C0006EC08D7E6FC08E7E70C08F7E71C0907E60
:10E0D00072C0917E73C0927E74C0937E75C0947E30
:10E0E00076C0957E77C0967E78C0977E79C0987E00
:10E0F0007AC0997E7BC09A7E7CC09C7E7DC09D7ECE
:10E100007EC09E7E80C0AE7E81C0B47E82C0BB7E5B
:10E1100083C0BC7E84C0D67E85C0E47E86C0EC7E93
:10E1200087C0F97E88C00A7F89C0107F8AC01E7FA1
:10E130008BC0377F8CC0397F8DC03B7F8EC03C7FCA
:10E140008FC03D7F90C03E7F91C03F7F92C0407F97
:10E1500093C0417F94C0437F95C0467F96C0477F60
:10E1600097C0487F98C0497F99C04A7F9AC04B7F2B
:10E170009BC04C7F9CC04D7F9DC04E7F9EC04F7FFB
:10E180009FC0527FA0C0537FA1C08899A2C02761C1
:10E19000A3C0836EA4C06457A5C00666A6C046632C
:10E1A000A7C0F056A8C0EC62A9C06962AAC0D35E3D
:10E1B000ABC01496ACC08357ADC0C962AEC0875522
:10E1C000AFC02187B0C04A81B1C0A38FB2C066552D
:10E1D000B3C0B183B4C06567B5C0568DB6C0DD8429
:10E1E000B7C06A5AB8C00F68B9C0E662BAC0EE7B61
:10E1F000BBC01196BCC07051BDC09C6FBEC0308CFE
:10E20000BFC0FD63C0C0C889C1C0D261C2C0067FA3
:10E21000C3C0C270C4C0E56EC5C00574C6C09469F1
:10E22000C7C0FC72C8C0CA5EC9C0CE90CAC017675A
:10E23000CBC06A6DCCC05E63CDC0B352CEC062723B
:10E24000CFC00180D0C06C4FD1C0E559D2C06A9117
:10E25000D3C0D970D4C09D6DD5C0D252D6C0504E57
:10E26000D7C0F796D8C06D95D9C07E85DAC0CA7878
:10E27000DBC02F7DDCC02151DDC09257DEC0C264FF
:10E28000DFC08B80E0C07B7CE1C0EA6CE2C0F1685B
:10E29000E3C05E69E4C0B751E5C09853E6C0A86822
:10E2A000E7C08172E8C0CE9EE9C0F17BEAC0F87297
:10E2B000EBC0BB79ECC0136FEDC00674EEC04E67C7
:10E2C000EFC0CC91F0C0A49CF1C03C79F2C089832E
:10E2D000F3C05483F4C00F54F5C01768F6C03D4E28
:10E2E000F7C08953F8C0B152F9C03E78FAC08653DE
:10E2F000FBC02952FCC08850FDC08B4FFEC0D04FE0
:10E3000040C1567F41C1597F42C15B7F43C15C7FA1
:10E3100044C15D7F45C15E7F46C1607F47C1637F69
:10E3200048C1647F49C1657F4AC1667F4BC1677F31
:10E330004CC16B7F4DC16C7F4EC16D7F4FC16F7FF4
:10E3400050C1707F51C1737F52C1757F53C1767FB9
:10E3500054C1777F55C1787F56C17A7F57C17B7F83
:10E3600058C17C7F59C17D7F5AC17F7F5BC1807F4F
:10E370005CC1827F5DC1837F5EC1847F5FC1857F19
:10E3800060C1867F61C1877F62C1887F63C1897FE9
:10E3900064C18B7F65C18D7F66C18F7F67C1907FB0
:10E3A00068C1917F69C1927F6AC1937F6BC1957F7C
:10E3B0006CC1967F6DC1977F6EC1987F6FC1997F49
:10E3C00070C19B7F71C19C7F72C1A07F73C1A27F0E
:10E3D00074C1A37F75C1A57F76C1A67F77C1A87FD1
:10E3E00078C1A97F79C1AA7F7AC1AB7F7BC1AC7F9D
:10E3F0007CC1AD7F7DC1AE7F7EC1B17F80C1B37F67
:10E4000081C1B47F82C1B57F83C1B67F84C1B77F2C
:10E4100085C1BA7F86C1BB7F87C1BE7F88C1C07FEF
:10E4200089C1C27F8AC1C37F8BC1C47F8CC1C67FB3
:10E430008DC1C77F8EC1C87F8FC1C97F90C1CB7F7F
:10E4400091C1CD7F92C1CF7F93C1D07F94C1D17F45
:10E4500095C1D27F96C1D37F97C1D67F98C1D77F10
:10E4600099C1D97F9AC1DA7F9BC1DB7F9CC1DC7FD8
:10E470009DC1DD7F9EC1DE7F9FC1E27FA0C1E37FA2
:10E48000A1C1E275A2C1CB7AA3C1927CA4C1A56C43
:10E49000A5C1B696A6C19B52A7C18374A8C1E95471
:10E4A000A9C1E94FAAC15480ABC1B283ACC1DE8F10
:10E4B000ADC17095AEC1C95EAFC11C60B0C19F6DEA
:10E4C000B1C1185EB2C15B65B3C13881B4C1FE94FD
:10E4D000B5C14B60B6C1BC70B7C1C37EB8C1AE7C1C
:10E4E000B9C1C951BAC18168BBC1B17CBCC16F821D
:10E4F000BDC1244EBEC1868FBFC1CF91C0C17E6653
:10E50000C1C1AE4EC2C1058CC3C1A964C4C14A8099
:10E51000C5C1DA50C6C19775C7C1CE71C8C1E55B28
:10E52000C9C1BD8FCAC1666FCBC1864ECCC18264E2
:10E53000CDC16395CEC1D65ECFC19965D0C117520A
:10E54000D1C1C288D2C1C870D3C1A352D4C10E7385
:10E55000D5C13374D6C19767D7C1F778D8C116979C
:10E56000D9C1344EDAC1BB90DBC1DE9CDCC1CB6DBE
:10E57000DDC1DB51DEC1418DDFC11D54E0C1CE6282
:10E58000E1C1B273E2C1F183E3C1F696E4C1849FB5
:10E59000E5C1C394E6C1364FE7C19A7FE8C1CC51CB
:10E5A000E9C17570EAC17596EBC1AD5CECC18698A6
:10E5B000EDC1E653EEC1E44EEFC19C6EF0C10974AB
:10E5C000F1C1B469F2C16B78F3C18F99F4C1597587
:10E5D000F5C11852F6C12476F7C1416DF8C1F36751
:10E5E000F9C16D51FAC1999FFBC14B80FCC199548F
:10E5F000FDC13C7BFEC1BF7A40C2E47F41C2E77FE0
:10E6000042C2E87F43C2EA7F44C2EB7F45C2EC7F4F
:10E6100046C2ED7F47C2EF7F48C2F27F49C2F47F16
:10E620004AC2F57F4BC2F67F4CC2F77F4DC2F87FDE
:10E630004EC2F97F4FC2FA7F50C2FD7F51C2FE7FAA
:10E6400052C2FF7F53C2028054C2078055C2088065
:10E6500056C2098057C20A8058C20E8059C20F8024
:10E660005AC211805BC213805CC21A805DC21B80DB
:10E670005EC21D805FC21E8060C21F8061C2218099
:10E6800062C2238063C2248064C22B8065C22C8056
:10E6900066C22D8067C22E8068C22F8069C230801A
:10E6A0006AC232806BC234806CC239806DC23A80DB
:10E6B0006EC23C806FC23E8070C2408071C2418099
:10E6C00072C2448073C2458074C2478075C248805C
:10E6D00076C2498077C24E8078C24F8079C250801E
:10E6E0007AC251807BC253807CC255807DC25680E5
:10E6F0007EC2578080C2598081C25B8082C25C80AA
:10E7000083C25D8084C25E8085C25F8086C2608075
:10E7100087C2618088C2628089C263808AC2648045
:10E720008BC265808CC266808DC267808EC2688015
:10E730008FC26B8090C26C8091C26D8092C26E80DD
:10E7400093C26F8094C2708095C2728096C27380AB
:10E7500097C2748098C2758099C276809AC2778079
:10E760009BC278809CC279809DC27A809EC27B8049
:10E770009FC27C80A0C27D80A1C28696A2C284571F
:10E78000A3C2E262A4C24796A5C27C69A6C2045A8B
:10E79000A7C20264A8C2D37BA9C20F6FAAC24B96BC
:10E7A000ABC2A682ACC26253ADC28598AEC2905EC7
:10E7B000AFC28970B0C2B363B1C26453B2C24F86F4
:10E7C000B3C2819CB4C2939EB5C28C78B6C2329754
:10E7D000B7C2EF8DB8C2428DB9C27F9EBAC25E6F1A
:10E7E000BBC28479BCC2555FBDC24696BEC22E6212
:10E7F000BFC2749AC0C21554C1C2DD94C2C2A34F35
:10E80000C3C2C565C4C2655CC5C2615CC6C2157FB2
:10E81000C7C25186C8C22F6CC9C28B5FCAC2877378
:10E82000CBC2E46ECCC2FF7ECDC2E65CCEC21B631F
:10E83000CFC26A5BD0C2E66ED1C27553D2C2714EEE
:10E84000D3C2A063D4C26575D5C2A162D6C26E8F91
:10E85000D7C2264FD8C2D14ED9C2A66CDAC2B67E74
:10E86000DBC2BA8BDCC21D84DDC2BA87DEC2577F31
:10E87000DFC23B90E0C22395E1C2A97BE2C2A19A2C
:10E88000E3C2F888E4C23D84E5C21B6DE6C2869A05
:10E89000E7C2DC7EE8C28859E9C2BB9EEAC29B732C
:10E8A000EBC20178ECC28286EDC26C9AEEC2829A0B
:10E8B000EFC21B56F0C21754F1C2CB57F2C2704ED2
:10E8C000F3C2A69EF4C25653F5C2C88FF6C20981A0
:10E8D000F7C29277F8C29299F9C2EE86FAC2E16E57
:10E8E000FBC21385FCC2FC66FDC26261FEC22B6FD7
:10E8F00040C37E8041C3818042C3828043C3858000
:10E9000044C3888045C38A8046C38D8047C38E80B8
:10E9100048C38F8049C390804AC391804BC3928083
:10E920004CC394804DC395804EC397804FC399804C
:10E9300050C39E8051C3A38052C3A68053C3A780F7
:10E9400054C3A88055C3AC8056C3B08057C3B380AE
:10E9500058C3B58059C3B6805AC3B8805BC3B98069
:10E960005CC3BB805DC3C5805EC3C7805FC3C88016
:10E9700060C3C98061C3CA8062C3CB8063C3CF80D8
:10E9800064C3D08065C3D18066C3D28067C3D3809F
:10E9900068C3D48069C3D5806AC3D8806BC3DF8065
:10E9A0006CC3E0806DC3E2806EC3E3806FC3E6801A
:10E9B00070C3EE8071C3F58072C3F78073C3F980B2
:10E9C00074C3FB8075C3FE8076C3FF8077C300816C
:10E9D00078C3018179C303817AC304817BC3058134
:10E9E0007CC307817DC308817EC30B8180C30C81FA
:10E9F00081C3158182C3178183C3198184C31B819D
:10EA000085C31C8186C31D8187C31F8188C3208164
:10EA100089C321818AC322818BC323818CC3248132
:10EA20008DC325818EC326818FC3278190C3288102
:10EA300091C3298192C32A8193C32B8194C32D81D1
:10EA400095C32E8196C3308197C3338198C3348197
:10EA500099C335819AC337819BC339819CC33A815D
:10EA60009DC33B819EC33C819FC33D81A0C33F8129
:10EA7000A1C3298CA2C39282A3C32B83A4C3F27621
:10EA8000A5C3136CA6C3D95FA7C3BD83A8C32B734B
:10EA9000A9C30583AAC31A95ABC3DB6BACC3DB77F1
:10EAA000ADC3C694AEC36F53AFC30283B0C392511C
:10EAB000B1C33D5EB2C38C8CB3C3388DB4C3484E72
:10EAC000B5C3AB73B6C39A67B7C38568B8C376914D
:10EAD000B9C30997BAC36471BBC3A16CBCC309773E
:10EAE000BDC3925ABEC34195BFC3CF6BC0C38E7F17
:10EAF000C1C32766C2C3D05BC3C3B959C4C39A5A42
:10EB0000C5C3E895C6C3F795C7C3EC4EC8C30C840C
:10EB1000C9C39984CAC3AC6ACBC3DF76CCC3309572
:10EB2000CDC31B73CEC3A668CFC35F5BD0C32F77A3
:10EB3000D1C39A91D2C36197D3C3DC7CD4C3F78F7E
:10EB4000D5C31C8CD6C3255FD7C3737CD8C3D879F3
:10EB5000D9C3C589DAC3CC6CDBC31C87DCC3C65BF5
:10EB6000DDC3425EDEC3C968DFC32077E0C3F57E44
:10EB7000E1C39551E2C34D51E3C3C952E4C3295ADD
:10EB8000E5C3057FE6C36297E7C3D782E8C3CF63D7
:10EB9000E9C38477EAC3D085EBC3D279ECC33A6E7C
:10EBA000EDC3995EEEC39959EFC31185F0C36D7043
:10EBB000F1C3116CF2C3BF62F3C3BF76F4C34F65F8
:10EBC000F5C3AF60F6C3FD95F7C30E66F8C39F8724
:10EBD000F9C3239EFAC3ED94FBC30D54FCC37D54CB
:10EBE000FDC32C8CFEC3786440C4408141C4418184
:10EBF00042C4428143C4438144C4448145C44581E5
:10EC000046C4478147C4498148C44D8149C44E81A7
:10EC10004AC44F814BC452814CC456814DC4578164
:10EC20004EC458814FC45B8150C45C8151C45D8126
:10EC300052C45E8153C45F8154C4618155C46281F2
:10EC400056C4638157C4648158C4668159C46881BD
:10EC50005AC46A815BC46B815CC46C815DC46F8182
:10EC60005EC472815FC4738160C4758161C4768142
:10EC700062C4778163C4788164C4818165C48381FF
:10EC800066C4848167C4858168C4868169C48781BC
:10EC90006AC489816BC48B816CC48C816DC48D8185
:10ECA0006EC48E816FC4908170C4928171C493814F
:10ECB00072C4948173C4958174C4968175C497811C
:10ECC00076C4998177C49A8178C49E8179C49F81E2
:10ECD0007AC4A0817BC4A1817CC4A2817DC4A481AB
:10ECE0007EC4A58180C4A78181C4A98182C4AB816F
:10ECF00083C4AC8184C4AD8185C4AE8186C4AF8138
:10ED000087C4B08188C4B18189C4B2818AC4B48106
:10ED10008BC4B5818CC4B6818DC4B7818EC4B881D3
:10ED20008FC4B98190C4BC8191C4BD8192C4BE819D
:10ED300093C4BF8194C4C48195C4C58196C4C7815E
:10ED400097C4C88198C4C98199C4CB819AC4CD8124
:10ED50009BC4CE819CC4CF819DC4D0819EC4D181EF
:10ED60009FC4D281A0C4D381A1C47964A2C41186F6
:10ED7000A3C4216AA4C49C81A5C4E878A6C469641C
:10ED8000A7C4549BA8C4B962A9C42B67AAC4AB8307
:10ED9000ABC4A858ACC4D89EADC4AB6CAEC4206F95
:10EDA000AFC4DE5BB0C44C96B1C40B8CB2C45F720E
:10EDB000B3C4D067B4C4C762B5C46172B6C4A94E47
:10EDC000B7C4C659B8C4CD6BB9C49358BAC4AE66FB
:10EDD000BBC4555EBCC4DF52BDC45561BEC4286708
:10EDE000BFC4EE76C0C46677C1C46772C2C4467A37
:10EDF000C3C4FF62C4C4EA54C5C45054C6C4A0947A
:10EE0000C7C4A390C8C41C5AC9C4B37ECAC4166C74
:10EE1000CBC4434ECCC47659CDC41080CEC448591F
:10EE2000CFC45753D0C43775D1C4BE96D2C4CA56C6
:10EE3000D3C42063D4C41181D5C47C60D6C4F995F1
:10EE4000D7C4D66DD8C46254D9C48199DAC4855167
:10EE5000DBC4E95ADCC4FD80DDC4AE59DEC41397BF
:10EE6000DFC42A50E0C4E56CE1C43C5CE2C4DF626C
:10EE7000E3C4604FE4C43F53E5C47B81E6C406901D
:10EE8000E7C4BA6EE8C42B85E9C4C862EAC4745EFC
:10EE9000EBC4BE78ECC4B564EDC47B63EEC4F55F2F
:10EEA000EFC4185AF0C47F91F1C41F9EF2C43F5CB6
:10EEB000F3C44F63F4C44280F5C47D5BF6C46E5561
:10EEC000F7C44A95F8C44D95F9C4856DFAC4A86095
:10EED000FBC4E067FCC4DE72FDC4DD51FEC4815B8F
:10EEE00040C5D48141C5D58142C5D68143C5D781AE
:10EEF00044C5D88145C5D98146C5DA8147C5DB817E
:10EF000048C5DC8149C5DD814AC5DE814BC5DF814D
:10EF10004CC5E0814DC5E1814EC5E2814FC5E4811C
:10EF200050C5E58151C5E68152C5E88153C5E981E7
:10EF300054C5EB8155C5EE8156C5EF8157C5F081AB
:10EF400058C5F18159C5F2815AC5F5815BC5F68175
:10EF50005CC5F7815DC5F8815EC5F9815FC5FA8141
:10EF600060C5FD8161C5FF8162C5038263C50782FB
:10EF700064C5088265C5098266C50A8267C50B82B9
:10EF800068C50E8269C50F826AC511826BC513827E
:10EF90006CC515826DC516826EC517826FC5188245
:10EFA00070C5198271C51A8272C51D8273C520820F
:10EFB00074C5248275C5258276C5268277C52782C9
:10EFC00078C5298279C52E827AC532827BC53A827C
:10EFD0007CC53C827DC53D827EC53F8280C5408226
:10EFE00081C5418282C5428283C5438284C54582F0
:10EFF00085C5468286C5488287C54A8288C54C82B7
:10F0000089C54D828AC54E828BC550828CC551827E
:10F010008DC552828EC553828FC5548290C555824C
:10F0200091C5568292C5578293C5598294C55B8219
:10F0300095C55C8296C55D8297C55E8298C56082E3
:10F0400099C561829AC562829BC563829CC56482B0
:10F050009DC565829EC566829FC56782A0C569827F
:10F06000A1C5E762A2C5DE6CA3C55B72A4C56D62D3
:10F07000A5C5AE94A6C5BD7EA7C51381A8C5536D11
:10F08000A9C59C51AAC5045FABC57459ACC5AA52A9
:10F09000ADC51260AEC57359AFC59666B0C5508692
:10F0A000B1C59F75B2C52A63B3C5E661B4C5EF7C2F
:10F0B000B5C5FA8BB6C5E654B7C5276BB8C5259E4E
:10F0C000B9C5B46BBAC5D585BBC55554BCC576505A
:10F0D000BDC5A46CBEC56A55BFC5B48DC0C52C7274
:10F0E000C1C5155EC2C51560C3C53674C4C5CD6241
:10F0F000C5C59263C6C54C72C7C5985FC8C5436E87
:10F10000C9C53E6DCAC50065CBC5586FCCC5D8769C
:10F11000CDC5D078CEC5FC76CFC55475D0C52452A8
:10F12000D1C5DB53D2C5534ED3C59E5ED4C5C16590
:10F13000D5C52A80D6C5D680D7C59B62D8C586548A
:10F14000D9C52852DAC5AE70DBC58D88DCC5D18D36
:10F15000DDC5E16CDEC57854DFC5DA80E0C5F9575E
:10F16000E1C5F488E2C5548DE3C56A96E4C54D91C6
:10F17000E5C5694FE6C59B6CE7C5B755E8C5C676DA
:10F18000E9C53078EAC5A862EBC5F970ECC58E6FA9
:10F19000EDC56D5FEEC5EC84EFC5DA68F0C57C782F
:10F1A000F1C5F77BF2C5A881F3C50B67F4C54F9E87
:10F1B000F5C56763F6C5B078F7C56F57F8C512781F
:10F1C000F9C53997FAC57962FBC5AB62FCC58852AF
:10F1D000FDC53574FEC5D76B40C66A8241C66B82D9
:10F1E00042C66C8243C66D8244C6718245C6758232
:10F1F00046C6768247C6778248C6788249C67B82F1
:10F200004AC67C824BC680824CC681824DC68382B0
:10F210004EC685824FC6868250C6878251C6898275
:10F2200052C68C8253C6908254C6938255C694822D
:10F2300056C6958257C6968258C69A8259C69B82F0
:10F240005AC69E825BC6A0825CC6A2825DC6A382AD
:10F250005EC6A7825FC6B28260C6B58261C6B6824C
:10F2600062C6BA8263C6BB8264C6BC8265C6BF8200
:10F2700066C6C08267C6C28268C6C38269C6C582C6
:10F280006AC6C6826BC6C9826CC6D0826DC6D6827B
:10F290006EC6D9826FC6DA8270C6DD8271C6E2821E
:10F2A00072C6E78273C6E88274C6E98275C6EA82CE
:10F2B00076C6EC8277C6ED8278C6EE8279C6F08299
:10F2C0007AC6F2827BC6F3827CC6F5827DC6F68260
:10F2D0007EC6F88280C6FA8281C6FC8282C6FD8222
:10F2E00083C6FE8284C6FF8285C6008386C60A83E3
:10F2F00087C60B8388C60D8389C610838AC612838E
:10F300008BC613838CC616838DC618838EC619834D
:10F310008FC61D8390C61E8391C61F8392C620830D
:10F3200093C6218394C6228395C6238396C62483DD
:10F3300097C6258398C6268399C629839AC62A83A9
:10F340009BC62E839CC630839DC632839EC6378360
:10F350009FC63B83A0C63D83A1C66455A2C63E811D
:10F36000A3C6B275A4C6AE76A5C63953A6C6DE75C9
:10F37000A7C6FB50A8C6415CA9C66C8BAAC6C77BB2
:10F38000ABC64F50ACC64772ADC6979AAEC6D898BA
:10F39000AFC6026FB0C6E274B1C66879B2C6876400
:10F3A000B3C6A577B4C6FC62B5C69198B6C62B8D18
:10F3B000B7C6C154B8C65880B9C6524EBAC66A5705
:10F3C000BBC6F982BCC60D84BDC6735EBEC6ED5118
:10F3D000BFC6F674C0C6C48BC1C64F5CC2C66157F7
:10F3E000C3C6FC6CC4C68798C5C6465AC6C6347820
:10F3F000C7C6449BC8C6EB8FC9C6957CCAC65652C1
:10F40000CBC65162CCC6FA94CDC6C64ECEC6868354
:10F41000CFC66184D0C6E983D1C6B284D2C6D457E0
:10F42000D3C63467D4C60357D5C66E66D6C6666DD6
:10F43000D7C6318CD8C6DD66D9C61170DAC61F674B
:10F44000DBC63A6BDCC61668DDC61A62DEC6BB597F
:10F45000DFC6034EE0C6C451E1C6066FE2C6D267FE
:10F46000E3C68F6CE4C67651E5C6CB68E6C647595D
:10F47000E7C6676BE8C66675E9C60E5DEAC6108129
:10F48000EBC6509FECC6D765EDC64879EEC641790C
:10F49000EFC6919AF0C6778DF1C6825CF2C65E4ED9
:10F4A000F3C6014FF4C62F54F5C65159F6C60C7871
:10F4B000F7C66856F8C6146CF9C6C48FFAC6035F5F
:10F4C000FBC67D6CFCC6E36CFDC6AB8BFEC69063D1
:10F4D00040C73E8341C73F8342C7418343C74283FE
:10F4E00044C7448345C7458346C7488347C74A83C3
:10F4F00048C74B8349C74C834AC74D834BC74E838C
:10F500004CC753834DC755834EC756834FC7578348
:10F5100050C7588351C7598352C75D8353C762830D
:10F5200054C7708355C7718356C7728357C7738397
:10F5300058C7748359C775835AC776835BC7798365
:10F540005CC77A835DC77E835EC77F835FC7808326
:10F5500060C7818361C7828362C7838363C78483F3
:10F5600064C7878365C7888366C78A8367C78B83B9
:10F5700068C78C8369C78D836AC78F836BC7908385
:10F580006CC791836DC794836EC795836FC796834D
:10F5900070C7978371C7998372C79A8373C79D8316
:10F5A00074C79F8375C7A18376C7A28377C7A383D8
:10F5B00078C7A48379C7A5837AC7A6837BC7A783A7
:10F5C0007CC7AC837DC7AD837EC7AE8380C7AF8366
:10F5D00081C7B58382C7BB8383C7BE8384C7BF830C
:10F5E00085C7C28386C7C38387C7C48388C7C683CA
:10F5F00089C7C8838AC7C9838BC7CB838CC7CD8390
:10F600008DC7CE838EC7D0838FC7D18390C7D28357
:10F6100091C7D38392C7D58393C7D78394C7D98320
:10F6200095C7DA8396C7DB8397C7DE8398C7E283E3
:10F6300099C7E3839AC7E4839BC7E6839CC7E783A4
:10F640009DC7E8839EC7EB839FC7EC83A0C7ED836C
:10F65000A1C77060A2C73D6DA3C77572A4C76662DB
:10F66000A5C78E94A6C7C594A7C74353A8C7C18F83
:10F67000A9C77E7BAAC7DF4EABC7268CACC77E4E20
:10F68000ADC7D49EAEC7B194AFC7B394B0C74D5207
:10F69000B1C75C6FB2C76390B3C7456DB4C7348C54
:10F6A000B5C71158B6C74C5DB7C7206BB8C7496B13
:10F6B000B9C7AA67BAC75B54BBC75481BCC78C7FA4
:10F6C000BDC79958BEC73785BFC73A5FC0C7A262DA
:10F6D000C1C7476AC2C73995C3C77265C4C78460CA
:10F6E000C5C76568C6C7A777C7C7544EC8C7A84F60
:10F6F000C9C7E75DCAC79897CBC7AC64CCC7D87FEA
:10F70000CDC7ED5CCEC7CF4FCFC78D7AD0C70752DC
:10F71000D1C70483D2C7144ED3C72F60D4C7837A0E
:10F72000D5C7A694D6C7B54FD7C7B24ED8C7E679C6
:10F73000D9C73474DAC7E452DBC7B982DCC7D264F4
:10F74000DDC7BD79DEC7DD5BDFC7816CE0C75297DF
:10F75000E1C77B8FE2C7226CE3C73E50E4C77F530B
:10F76000E5C7056EE6C7CE64E7C77466E8C7306CC8
:10F77000E9C7C560EAC77798EBC7F78BECC7865E29
:10F78000EDC73C74EEC7777AEFC7CB79F0C7184E58
:10F79000F1C7B190F2C70374F3C7426CF4C7DA56ED
:10F7A000F5C74B91F6C7C56CF7C78B8DF8C73A53B1
:10F7B000F9C7C686FAC7F266FBC7AF8EFCC7485CBE
:10F7C000FDC7719AFEC7206E40C8EE8341C8EF8323
:10F7D00042C8F38343C8F48344C8F58345C8F6831D
:10F7E00046C8F78347C8FA8348C8FB8349C8FC83E7
:10F7F0004AC8FE834BC8FF834CC800844DC80284AE
:10F800004EC805844FC8078450C8088451C809846D
:10F8100052C80A8453C8108454C8128455C813842B
:10F8200056C8148457C8158458C8168459C81784F4
:10F830005AC819845BC81A845CC81B845DC81E84BE
:10F840005EC81F845FC8208460C8218461C8228488
:10F8500062C8238463C8298464C82A8465C82B8449
:10F8600066C82C8467C82D8468C82E8469C82F8414
:10F870006AC830846BC832846CC833846DC83484E1
:10F880006EC835846FC8368470C8378471C83984AF
:10F8900072C83A8473C83B8474C83E8475C83F8478
:10F8A00076C8408477C8418478C8428479C8438444
:10F8B0007AC844847BC845847CC847847DC8488412
:10F8C0007EC8498480C84A8481C84B8482C84C84DD
:10F8D00083C84D8484C84E8485C84F8486C85084AC
:10F8E00087C8528488C8538489C854848AC8558478
:10F8F0008BC856848CC858848DC85D848EC85E843D
:10F900008FC85F8490C8608491C8628492C8648400
:10F9100093C8658494C8668495C8678496C86884CB
:10F9200097C86A8498C86E8499C86F849AC870848E
:10F930009BC872849CC874849DC877849EC879844F
:10F940009FC87B84A0C87C84A1C8D653A2C8365A5D
:10F95000A3C88B9FA4C8A38DA5C8BB53A6C808572E
:10F96000A7C8A798A8C84367A9C89B91AAC8C96C8B
:10F97000ABC86851ACC8CA75ADC8F362AEC8AC724A
:10F98000AFC83852B0C89D52B1C83A7FB2C894705F
:10F99000B3C83876B4C87453B5C84A9EB6C8B769F8
:10F9A000B7C86E78B8C8C096B9C8D988BAC8A47F95
:10F9B000BBC83671BCC8C371BDC88951BEC8D36746
:10F9C000BFC8E474C0C8E458C1C81865C2C8B756F7
:10F9D000C3C8A98BC4C87699C5C87062C6C8D57E8D
:10F9E000C7C8F960C8C8ED70C9C8EC58CAC8C14ECC
:10F9F000CBC8BA4ECCC8CD5FCDC8E797CEC8FB4EBA
:10FA0000CFC8A48BD0C80352D1C88A59D2C8AB7E04
:10FA1000D3C85462D4C8CD4ED5C8E565D6C80E62E9
:10FA2000D7C83883D8C8C984D9C86383DAC88D8752
:10FA3000DBC89471DCC8B66EDDC8B95BDEC8D27EA7
:10FA4000DFC89751E0C8C963E1C8D467E2C88980BC
:10FA5000E3C83983E4C81588E5C81251E6C87A5B63
:10FA6000E7C88259E8C8B18FE9C8734EEAC85D6C2F
:10FA7000EBC86551ECC82589EDC86F8FEEC82E968E
:10FA8000EFC84A85F0C85E74F1C81095F2C8F095C9
:10FA9000F3C8A66DF4C8E582F5C8315FF6C8926474
:10FAA000F7C8126DF8C82884F9C86E81FAC8C39CDB
:10FAB000FBC85E58FCC85B8DFDC8094EFEC8C1532B
:10FAC00040C97D8441C97E8442C97F8443C9808402
:10FAD00044C9818445C9838446C9848447C98584CF
:10FAE00048C9868449C98A844AC98D844BC98F8490
:10FAF0004CC990844DC991844EC992844FC9938456
:10FB000050C9948451C9958452C9968453C9988424
:10FB100054C99A8455C99B8456C99D8457C99E84EB
:10FB200058C99F8459C9A0845AC9A2845BC9A384B7
:10FB30005CC9A4845DC9A5845EC9A6845FC9A78485
:10FB400060C9A88461C9A98462C9AA8463C9AB8455
:10FB500064C9AC8465C9AD8466C9AE8467C9B08424
:10FB600068C9B18469C9B3846AC9B5846BC9B684EC
:10FB70006CC9B7846DC9BB846EC9BC846FC9BE84AF
:10FB800070C9C08471C9C28472C9C38473C9C58471
:10FB900074C9C68475C9C78476C9C88477C9CB843B
:10FBA00078C9CC8479C9CE847AC9CF847BC9D28400
:10FBB0007CC9D4847DC9D5847EC9D78480C9D884C2
:10FBC00081C9D98482C9DA8483C9DB8484C9DC848D
:10FBD00085C9DE8486C9E18487C9E28488C9E48452
:10FBE00089C9E7848AC9E8848BC9E9848CC9EA8415
:10FBF0008DC9EB848EC9ED848FC9EE8490C9EF84E2
:10FC000091C9F18492C9F28493C9F38494C9F484AC
:10FC100095C9F58496C9F68497C9F78498C9F8847C
:10FC200099C9F9849AC9FA849BC9FB849CC9FD844B
:10FC30009DC9FE849EC900859FC90185A0C9028512
:10FC4000A1C91E4FA2C96365A3C95168A4C9D355F0
:10FC5000A5C9274EA6C91464A7C99A9AA8C96B62F8
:10FC6000A9C9C25AAAC95F74ABC97282ACC9A96DCD
:10FC7000ADC9EE68AEC9E750AFC98E83B0C902788E
:10FC8000B1C94067B2C93952B3C9996CB4C9B17E20
:10FC9000B5C9BB50B6C96555B7C95E71B8C95B7BFC
:10FCA000B9C95266BAC9CA73BBC9EB82BCC9496734
:10FCB000BDC9715CBEC92052BFC97D71C0C96B8806
:10FCC000C1C9EA95C2C95596C3C9C564C4C9618D85
:10FCD000C5C9B381C6C98455C7C9556CC8C947626F
:10FCE000C9C92E7FCAC99258CBC9244FCCC9465521
:10FCF000CDC94F8DCEC94C66CFC90A4ED0C91A5C4A
:10FD0000D1C9F388D2C9A268D3C94E63D4C90D7AC8
:10FD1000D5C9E770D6C98D82D7C9FA52D8C9F69726
:10FD2000D9C9115CDAC9E854DBC9B590DCC9CD7E0C
:10FD3000DDC96259DEC94A8DDFC9C786E0C90C82B8
:10FD4000E1C90D82E2C9668DE3C94464E4C9045C7B
:10FD5000E5C95161E6C9896DE7C93E79E8C9BE8B3D
:10FD6000E9C93778EAC93375EBC97B54ECC9384F18
:10FD7000EDC9AB8EEEC9F16DEFC9205AF0C9C57E51
:10FD8000F1C95E79F2C9886CF3C9A15BF4C9765AEE
:10FD9000F5C91A75F6C9BE80F7C94E61F8C9176E64
:10FDA000F9C9F058FAC91F75FBC92575FCC97272EB
:10FDB000FDC94753FEC9F37E40CA038541CA048585
:10FDC00042CA058543CA068544CA078545CA0885CF
:10FDD00046CA098547CA0A8548CA0B8549CA0D859E
:10FDE0004ACA0E854BCA0F854CCA10854DCA12856A
:10FDF0004ECA14854FCA158550CA168551CA188532
:10FE000052CA198553CA1B8554CA1C8555CA1D85FB
:10FE100056CA1E8557CA208558CA228559CA2385C5
:10FE20005ACA24855BCA25855CCA26855DCA278592
:10FE30005ECA28855FCA298560CA2A8561CA2D8560
:10FE400062CA2E8563CA2F8564CA308565CA31852A
:10FE500066CA328567CA338568CA348569CA3585FA
:10FE60006ACA36856BCA3E856CCA3F856DCA4085B5
:10FE70006ECA41856FCA428570CA448571CA45857C
:10FE800072CA468573CA478574CA4B8575CA4C8544
:10FE900076CA4D8577CA4E8578CA4F8579CA50850E
:10FEA0007ACA51857BCA52857CCA53857DCA5485DE
:10FEB0007ECA558580CA578581CA588582CA5A85A7
:10FEC00083CA5B8584CA5C8585CA5D8586CA5F8571
:10FED00087CA608588CA618589CA62858ACA63853E
:10FEE0008BCA65858CCA66858DCA67858ECA698509
:10FEF0008FCA6A8590CA6B8591CA6C8592CA6D85D6
:10FF000093CA6E8594CA6F8595CA708596CA7185A5
:10FF100097CA738598CA758599CA76859ACA77856E
:10FF20009BCA78859CCA7C859DCA7D859ECA7F8533
:10FF30009FCA8085A0CA8185A1CA0177A2CADB7643
:10FF4000A3CA6952A4CADC80A5CA2357A6CA085E00
:10FF5000A7CA3159A8CAEE72A9CABD65AACA7F6EDE
:10FF6000ABCAD78BACCA385CADCA7186AECA415336
:10FF7000AFCAF377B0CAFE62B1CAF665B2CAC04E64
:10FF8000B3CADF98B4CA8086B5CA9E5BB6CAC68BB0
:10FF9000B7CAF253B8CAE277B9CA7F4FBACA4E5C41
:10FFA000BBCA769ABCCACB59BDCA0F5FBECA3A79E2
:10FFB000BFCAEB58C0CA164EC1CAFF67C2CA8B4E31
:10FFC000C3CAED62C4CA938AC5CA1D90C6CABF52CD
:10FFD000C7CA2F66C8CADC55C9CA6C56CACA0290BD
:10FFE000CBCAD54ECCCA8D4FCDCACA91CECA709954
:10FFF000CFCA0F6CD0CA025ED1CA4360D2CAA45B1A
:020000040803EF
:10000000D3CAC689D4CAD58BD5CA3665D6CA4B627F
:10001000D7CA9699D8CA885BD9CAFF5BDACA8863FF
:10002000DBCA2E55DCCAD753DDCA2676DECA7D511F
:10003000DFCA2C85E0CAA267E1CAB368E2CA8A6B4C
:10004000E3CA9262E4CA938FE5CAD453E6CA128225
:10005000E7CAD16DE8CA8F75E9CA664EEACA4E8D05
:10006000EBCA705BECCA9F71EDCAAF85EECA9166B0
:10007000EFCAD966F0CA727FF1CA0087F2CACD9E74
:10008000F3CA209FF4CA5E5CF5CA2F67F6CAF08FE8
:10009000F7CA1168F8CA5F67F9CA0D62FACAD67A58
:1000A000FBCA8558FCCAB65EFDCA7065FECA316FD0
:1000B00040CB828541CB838542CB868543CB8885E7
:1000C00044CB898545CB8A8546CB8B8547CB8C85B0
:1000D00048CB8D8549CB8E854ACB90854BCB91857E
:1000E0004CCB92854DCB93854ECB94854FCB95854C
:1000F00050CB968551CB978552CB988553CB99851C
:1001000054CB9A8555CB9D8556CB9E8557CB9F85E5
:1001100058CBA08559CBA1855ACBA2855BCBA385B3
:100120005CCBA5855DCBA6855ECBA7855FCBA9857E
:1001300060CBAB8561CBAC8562CBAD8563CBB18544
:1001400064CBB28565CBB38566CBB48567CBB5850B
:1001500068CBB68569CBB8856ACBBA856BCBBB85D6
:100160006CCBBC856DCBBD856ECBBE856FCBBF85A3
:1001700070CBC08571CBC28572CBC38573CBC48570
:1001800074CBC58575CBC68576CBC78577CBC8853F
:1001900078CBCA8579CBCB857ACBCC857BCBCD850B
:1001A0007CCBCE857DCBD1857ECBD28580CBD485D3
:1001B00081CBD68582CBD78583CBD88584CBD98597
:1001C00085CBDA8586CBDB8587CBDD8588CBDE8565
:1001D00089CBDF858ACBE0858BCBE1858CCBE28533
:1001E0008DCBE3858ECBE5858FCBE68590CBE78500
:1001F00091CBE88592CBEA8593CBEB8594CBEC85CC
:1002000095CBED8596CBEE8597CBEF8598CBF0859A
:1002100099CBF1859ACBF2859BCBF3859CCBF4856A
:100220009DCBF5859ECBF6859FCBF785A0CBF8853A
:10023000A1CB5560A2CB3752A3CB0D80A4CB546485
:10024000A5CB7088A6CB2975A7CB055EA8CB136874
:10025000A9CBF462AACB1C97ABCBCC53ACCB3D72F1
:10026000ADCB018CAECB346CAFCB6177B0CB0E7A1B
:10027000B1CB2E54B2CBAC77B3CB7A98B4CB1C8233
:10028000B5CBF48BB6CB5578B7CB1467B8CBC17070
:10029000B9CBAF65BACB9564BBCB3656BCCB1D6032
:1002A000BDCBC179BECBF853BFCB1D4EC0CB7B6B52
:1002B000C1CB8680C2CBFA5BC3CBE355C4CBDB5644
:1002C000C5CB3A4FC6CB3C4FC7CB7299C8CBF35D79
:1002D000C9CB7E67CACB3880CBCB0260CCCB8298AF
:1002E000CDCB0190CECB8B5BCFCBBC8BD0CBF58B6A
:1002F000D1CB1C64D2CB5882D3CBDE64D4CBFD559A
:10030000D5CBCF82D6CB6591D7CBD74FD8CB207D5D
:10031000D9CB1F90DACB9F7CDBCBF350DCCB515891
:10032000DDCBAF6EDECBBF5BDFCBC98BE0CB838099
:10033000E1CB7891E2CB9C84E3CB977BE4CB7D86C9
:10034000E5CB8B96E6CB8F96E7CBE57EE8CBD39AD1
:10035000E9CB8E78EACB815CEBCB577AECCB429041
:10036000EDCBA796EECB5F79EFCB595BF0CB5F631C
:10037000F1CB0B7BF2CBD184F3CBAD68F4CB06553C
:10038000F5CB297FF6CB1074F7CB227DF8CB019506
:10039000F9CB4062FACB4C58FBCBD64EFCCB835BFF
:1003A000FDCB7959FECB545840CCF98541CCFA8528
:1003B00042CCFC8543CCFD8544CCFE8545CC0086F3
:1003C00046CC018647CC028648CC038649CC0486BD
:1003D0004ACC06864BCC07864CCC08864DCC098689
:1003E0004ECC0A864FCC0B8650CC0C8651CC0D8659
:1003F00052CC0E8653CC0F8654CC108655CC128628
:1004000056CC138657CC148658CC158659CC1786F3
:100410005ACC18865BCC19865CCC1A865DCC1B86C0
:100420005ECC1C865FCC1D8660CC1E8661CC1F8690
:1004300062CC208663CC218664CC228665CC238660
:1004400066CC248667CC258668CC268669CC28862F
:100450006ACC2A866BCC2B866CCC2C866DCC2D86F8
:100460006ECC2E866FCC2F8670CC308671CC3186C8
:1004700072CC328673CC338674CC348675CC358698
:1004800076CC368677CC378678CC398679CC3A8666
:100490007ACC3B867BCC3D867CCC3E867DCC3F8631
:1004A0007ECC408680CC418681CC428682CC4386FD
:1004B00083CC448684CC458685CC468686CC4786CC
:1004C00087CC488688CC498689CC4A868ACC4B869C
:1004D0008BCC4C868CCC52868DCC53868ECC55865C
:1004E0008FCC568690CC578691CC588692CC598624
:1004F00093CC5B8694CC5C8695CC5D8696CC5F86EF
:1005000097CC608698CC618699CC63869ACC6486B9
:100510009BCC65869CCC66869DCC67869ECC688687
:100520009FCC6986A0CC6A86A1CC6D73A2CC1E63D9
:10053000A3CC4B8EA4CC0F8EA5CCCE80A6CCD482DF
:10054000A7CCAC62A8CCF053A9CCF06CAACC5E913D
:10055000ABCC2A59ACCC0160ADCC706CAECC4D5755
:10056000AFCC4A64B0CC2A8DB1CC2B76B2CCE96E3C
:10057000B3CC5B57B4CC806AB5CCF075B6CC6D6F9C
:10058000B7CC2D8CB8CC088CB9CC6657BACCEF6BF5
:10059000BBCC9288BCCCB378BDCCA263BECCF953A3
:1005A000BFCCAD70C0CC646CC1CC5858C2CC2A64EE
:1005B000C3CC0258C4CCE068C5CC9B81C6CC1055D6
:1005C000C7CCD67CC8CC1850C9CCBA8ECACCCC6D9E
:1005D000CBCC9F8DCCCCEB70CDCC8F63CECC9B6D38
:1005E000CFCCD46ED0CCE67ED1CC0484D2CC4368C0
:1005F000D3CC0390D4CCD86DD5CC7696D6CCA88B62
:10060000D7CC5759D8CC7972D9CCE485DACC7E8155
:10061000DBCCBC75DCCC8A8ADDCCAF68DECC545236
:10062000DFCC228EE0CC1195E1CCD063E2CC98985F
:10063000E3CC448EE4CC7C55E5CC534FE6CCFF664E
:10064000E7CC8F56E8CCD560E9CC956DEACC435227
:10065000EBCC495CECCC2959EDCCFB6DEECC6B5866
:10066000EFCC3075F0CC1C75F1CC6C60F2CC148200
:10067000F3CC4681F4CC1163F5CC6167F6CCE28F04
:10068000F7CC3A77F8CCF38DF9CC348DFACCC19411
:10069000FBCC165EFCCC8553FDCC2C54FECCC37039
:1006A00040CD6D8641CD6F8642CD708643CD72863A
:1006B00044CD738645CD748646CD758647CD768606
:1006C00048CD778649CD78864ACD83864BCD8486C2
:1006D0004CCD85864DCD86864ECD87864FCD88867E
:1006E00050CD898651CD8E8652CD8F8653CD908642
:1006F00054CD918655CD928656CD948657CD96860B
:1007000058CD978659CD98865ACD99865BCD9A86D5
:100710005CCD9B865DCD9E865ECD9F865FCDA0869F
:1007200060CDA18661CDA28662CDA58663CDA68669
:1007300064CDAB8665CDAD8666CDAE8667CDB2861F
:1007400068CDB38669CDB7866ACDB8866BCDB986DC
:100750006CCDBB866DCDBC866ECDBD866FCDBE86A5
:1007600070CDBF8671CDC18672CDC28673CDC38672
:1007700074CDC58675CDC88676CDCC8677CDCD8631
:1007800078CDD28679CDD3867ACDD5867BCDD686E7
:100790007CCDD7867DCDDA867ECDDC8680CDDD86AC
:1007A00081CDE08682CDE18683CDE28684CDE3866D
:1007B00085CDE58686CDE68687CDE78688CDE88639
:1007C00089CDEA868ACDEB868BCDEC868CCDEF8603
:1007D0008DCDF5868ECDF6868FCDF78690CDFA86B7
:1007E00091CDFB8692CDFC8693CDFD8694CDFF8680
:1007F00095CD018796CD048797CD058798CD06873F
:1008000099CD0B879ACD0C879BCD0E879CCD0F87FA
:100810009DCD10879ECD11879FCD1487A0CD1687C3
:10082000A1CD406CA2CDF75EA3CD5C50A4CDAD4E62
:10083000A5CDAD5EA6CD3A63A7CD4782A8CD1A90CF
:10084000A9CD5068AACD6E91ABCDB377ACCD0C5489
:10085000ADCDDC94AECD645FAFCDE57AB0CD76683A
:10086000B1CD4563B2CD527BB3CDDF7EB4CDDB7568
:10087000B5CD7750B6CD9562B7CD3459B8CD0F9080
:10088000B9CDF851BACDC379BBCD817ABCCDFE5676
:10089000BDCD925FBECD1490BFCD826DC0CD605CEA
:1008A000C1CD1F57C2CD1054C3CD5451C4CD4D6ED0
:1008B000C5CDE256C6CDA863C7CD9398C8CD7F817C
:1008C000C9CD1587CACD2A89CBCD0090CCCD1E5479
:1008D000CDCD6F5CCECDC081CFCDD662D0CD5862AC
:1008E000D1CD3181D2CD359ED3CD4096D4CD6E9A27
:1008F000D5CD7C9AD6CD2D69D7CDA559D8CDD3628B
:10090000D9CD3E55DACD1663DBCDC754DCCDD986C3
:10091000DDCD3C6DDECD035ADFCDE674E0CD9C88A5
:10092000E1CD6A6BE2CD1659E3CD4C8CE4CD2F5F5F
:10093000E5CD7E6EE6CDA973E7CD7D98E8CD384E46
:10094000E9CDF770EACD8C5BEBCD9778ECCD3D63CC
:10095000EDCD5A66EECD9676EFCDCB60F0CD9B5BBC
:10096000F1CD495AF2CD074EF3CD5581F4CD6A6CE5
:10097000F5CD8B73F6CDA14EF7CD8967F8CD517FBC
:10098000F9CD805FFACDFA65FBCD1B67FCCDD85F52
:10099000FDCD8459FECD015A40CE198741CE1B872B
:1009A00042CE1D8743CE1F8744CE208745CE248765
:1009B00046CE268747CE278748CE288749CE2A8726
:1009C0004ACE2B874BCE2C874CCE2D874DCE2F87F2
:1009D0004ECE30874FCE328750CE338751CE3587BB
:1009E00052CE368753CE388754CE398755CE3A8784
:1009F00056CE3C8757CE3D8758CE408759CE41874B
:100A00005ACE42875BCE43875CCE44875DCE458716
:100A10005ECE46875FCE4A8760CE4B8761CE4D87DC
:100A200062CE4F8763CE508764CE518765CE5287A2
:100A300066CE548767CE558768CE568769CE58876D
:100A40006ACE5A876BCE5B876CCE5C876DCE5D8736
:100A50006ECE5E876FCE5F8770CE618771CE628704
:100A600072CE668773CE678774CE688775CE6987C6
:100A700076CE6A8777CE6B8778CE6C8779CE6D8796
:100A80007ACE6F877BCE71877CCE72877DCE73875F
:100A90007ECE758780CE778781CE788782CE798724
:100AA00083CE7A8784CE7F8785CE808786CE8187E6
:100AB00087CE848788CE868789CE87878ACE8987A6
:100AC0008BCE8A878CCE8C878DCE8E878ECE8F876D
:100AD0008FCE908790CE918791CE928792CE948739
:100AE00093CE958794CE968795CE988796CE998704
:100AF00097CE9A8798CE9B8799CE9C879ACE9D87D2
:100B00009BCE9E879CCEA0879DCEA1879ECEA2879E
:100B10009FCEA387A0CEA487A1CECD5DA2CEAE5F8F
:100B2000A3CE7153A4CEE697A5CEDD8FA6CE4568A1
:100B3000A7CEF456A8CE2F55A9CEDF60AACE3A4E46
:100B4000ABCE4D6FACCEF47EADCEC782AECE0E84B2
:100B5000AFCED459B0CE1F4FB1CE2A4FB2CE3E5CED
:100B6000B3CEAC7EB4CE2A67B5CE1A85B6CE73545A
:100B7000B7CE4F75B8CEC380B9CE8255BACE4F9B93
:100B8000BBCE4D4FBCCE2D6EBDCE138CBECE095C00
:100B9000BFCE7061C0CE6B53C1CE1F76C2CE296E60
:100BA000C3CE8A86C4CE8765C5CEFB95C6CEB97E38
:100BB000C7CE3B54C8CE337AC9CE0A7DCACEEE9595
:100BC000CBCEE155CCCEC17FCDCEEE74CECE1D6363
:100BD000CFCE1787D0CEA16DD1CE9D7AD2CE116265
:100BE000D3CEA165D4CE6753D5CEE163D6CE836C88
:100BF000D7CEEB5DD8CE5C54D9CEA894DACE4C4E8D
:100C0000DBCE616CDCCEEC8BDDCE4B5CDECEE0650A
:100C1000DFCE9C82E0CEA768E1CE3E54E2CE3454D3
:100C2000E3CECB6BE4CE666BE5CE944EE6CE42636C
:100C3000E7CE4853E8CE1E82E9CE0D4FEACEAE4F46
:100C4000EBCE5E57ECCE0A62EDCEFE96EECE64663B
:100C5000EFCE6972F0CEFF52F1CEA152F2CE9F607C
:100C6000F3CEEF8BF4CE1466F5CE9971F6CE906785
:100C7000F7CE7F89F8CE5278F9CEFD77FACE70663E
:100C8000FBCE3B56FCCE3854FDCE2195FECE7A727B
:100C900040CFA58741CFA68742CFA78743CFA9875B
:100CA00044CFAA8745CFAE8746CFB08747CFB1871D
:100CB00048CFB28749CFB4874ACFB6874BCFB787E3
:100CC0004CCFB8874DCFB9874ECFBB874FCFBC87AE
:100CD00050CFBE8751CFBF8752CFC18753CFC28776
:100CE00054CFC38755CFC48756CFC58757CFC78743
:100CF00058CFC88759CFC9875ACFCC875BCFCD870C
:100D00005CCFCE875DCFCF875ECFD0875FCFD487D4
:100D100060CFD58761CFD68762CFD78763CFD8879B
:100D200064CFD98765CFDA8766CFDC8767CFDD8769
:100D300068CFDE8769CFDF876ACFE1876BCFE28735
:100D40006CCFE3876DCFE4876ECFE6876FCFE78701
:100D500070CFE88771CFE98772CFEB8773CFEC87CD
:100D600074CFED8775CFEF8776CFF08777CFF18798
:100D700078CFF28779CFF3877ACFF4877BCFF58767
:100D80007CCFF6877DCFF7877ECFF88780CFFA8735
:100D900081CFFB8782CFFC8783CFFD8784CFFF87FE
:100DA00085CF008886CF018887CF028888CF0488C6
:100DB00089CF05888ACF06888BCF07888CCF088893
:100DC0008DCF09888ECF0B888FCF0C8890CF0D8860
:100DD00091CF0E8892CF0F8893CF108894CF11882F
:100DE00095CF128896CF148897CF178898CF1888F8
:100DF00099CF19889ACF1A889BCF1C889CCF1D88C1
:100E00009DCF1E889ECF1F889FCF2088A0CF23888C
:100E1000A1CF007AA2CF6F60A3CF0C5EA4CF896070
:100E2000A5CF9D81A6CF1559A7CFDC60A8CF84712F
:100E3000A9CFEF70AACFAA6EABCF506CACCF8072A7
:100E4000ADCF846AAECFAD88AFCF2D5EB0CF604E50
:100E5000B1CFB35AB2CF9C55B3CFE394B4CF176D93
:100E6000B5CFFB7CB6CF9996B7CF0F62B8CFC67E11
:100E7000B9CF8E77BACF7E86BBCF2353BCCF1E9718
:100E8000BDCF968FBECF8766BFCFE15CC0CFA04FEE
:100E9000C1CFED72C2CF0B4EC3CFA653C4CF0F59F3
:100EA000C5CF1354C6CF8063C7CF2895C8CF48514C
:100EB000C9CFD94ECACF9C9CCBCFA47ECCCFB8543F
:100EC000CDCF248DCECF5488CFCF3782D0CFF295DF
:100ED000D1CF8E6DD2CF265FD3CFCC5AD4CF3E6642
:100EE000D5CF6996D6CFB073D7CF2E73D8CFBF5397
:100EF000D9CF7A81DACF8599DBCFA17FDCCFAA5B0E
:100F0000DDCF7796DECF5096DFCFBF7EE0CFF8768D
:100F1000E1CFA253E2CF7695E3CF9999E4CFB17BAD
:100F2000E5CF4489E6CF586EE7CF614EE8CFD47F56
:100F3000E9CF6579EACFE68BEBCFF360ECCFCD5408
:100F4000EDCFAB4EEECF7998EFCFF75DF0CF616A82
:100F5000F1CFCF50F2CF1154F3CF618CF4CF27846F
:100F6000F5CF5D78F6CF0497F7CF4A52F8CFEE541D
:100F7000F9CFA356FACF0095FBCF886DFCCFB55BB8
:100F8000FDCFC66DFECF536640D0248841D0258862
:100F900042D0268843D0278844D0288845D0298845
:100FA00046D02A8847D02B8848D02C8849D02D8815
:100FB0004AD02E884BD02F884CD030884DD03188E5
:100FC0004ED033884FD0348850D0358851D03688B1
:100FD00052D0378853D0388854D03A8855D03B887F
:100FE00056D03D8857D03E8858D03F8859D0418848
:100FF0005AD042885BD043885CD046885DD0478811
:101000005ED048885FD0498860D04A8861D04B88DC
:1010100062D04E8863D04F8864D0508865D05188A4
:1010200066D0528867D0538868D0558869D0568872
:101030006AD058886BD05A886CD05B886DD05C8839
:101040006ED05D886FD05E8870D05F8871D0608808
:1010500072D0668873D0678874D06A8875D06D88BE
:1010600076D06F8877D0718878D0738879D074887B
:101070007AD075887BD076887CD078887DD0798846
:101080007ED07A8880D07B8881D07C8882D080880E
:1010900083D0838884D0868885D0878886D08988C5
:1010A00087D08A8888D08C8889D08E888AD08F888B
:1010B0008BD090888CD091888DD093888ED0948856
:1010C0008FD0958890D0978891D0988892D0998821
:1010D00093D09A8894D09B8895D09D8896D09E88EE
:1010E00097D09F8898D0A08899D0A1889AD0A388BB
:1010F0009BD0A5889CD0A6889DD0A7889ED0A88884
:101100009FD0A988A0D0AA88A1D00F5CA2D05D5B97
:10111000A3D02168A4D09680A5D07855A6D0117B05
:10112000A7D04865A8D05469A9D09B4EAAD0476BD8
:10113000ABD04E87ACD08B97ADD04F53AED01F63A2
:10114000AFD03A64B0D0AA90B1D09C65B2D0C18083
:10115000B3D0108CB4D09951B5D0B068B6D0785314
:10116000B7D0F987B8D0C861B9D0C46CBAD0FB6C1D
:10117000BBD0228CBCD0515CBDD0AA85BED0AF8282
:10118000BFD00C95C0D0236BC1D09B8FC2D0B065AF
:10119000C3D0FB5FC4D0C35FC5D0E14FC6D0458884
:1011A000C7D01F66C8D06581C9D02973CAD0FA607C
:1011B000CBD07451CCD01152CDD08B57CED0625FF2
:1011C000CFD0A290D0D04C88D1D09291D2D0785E9E
:1011D000D3D04F67D4D02760D5D0D359D6D044517F
:1011E000D7D0F651D8D0F880D9D00853DAD0796C5E
:1011F000DBD0C496DCD08A71DDD0114FDED0EE4F4B
:10120000DFD09E7FE0D03D67E1D0C555E2D00895A4
:10121000E3D0C079E4D09688E5D0E37EE6D09F584D
:10122000E7D00C62E8D00097E9D05A86EAD0185689
:10123000EBD07B98ECD0905FEDD0B88BEED0C4842F
:10124000EFD05791F0D0D953F1D0ED65F2D08F5E49
:10125000F3D05C75F4D06460F5D06E7DF6D07F5A23
:10126000F7D0EA7EF8D0ED7EF9D0698FFAD0A75595
:10127000FBD0A35BFCD0AC60FDD0CB65FED084730B
:1012800040D1AC8841D1AE8842D1AF8843D1B0883B
:1012900044D1B28845D1B38846D1B48847D1B58806
:1012A00048D1B68849D1B8884AD1B9884BD1BA88D3
:1012B0004CD1BB884DD1BD884ED1BE884FD1BF889F
:1012C00050D1C08851D1C38852D1C48853D1C78866
:1012D00054D1C88855D1CA8856D1CB8857D1CC882B
:1012E00058D1CD8859D1CF885AD1D0885BD1D188F7
:1012F0005CD1D3885DD1D6885ED1D7885FD1DA88BA
:1013000060D1DB8861D1DC8862D1DD8863D1DE8881
:1013100064D1E08865D1E18866D1E68867D1E78845
:1013200068D1E98869D1EA886AD1EB886BD1EC8809
:101330006CD1ED886DD1EE886ED1EF886FD1F288D7
:1013400070D1F58871D1F68872D1F78873D1FA8897
:1013500074D1FB8875D1FD8876D1FF8877D100895B
:1013600078D1018979D103897AD104897BD1058922
:101370007CD106897DD107897ED1088980D10989F0
:1013800081D10B8982D10C8983D10D8984D10E89B9
:1013900085D10F8986D1118987D1148988D1158982
:1013A00089D116898AD117898BD118898CD11C894A
:1013B0008DD11D898ED11E898FD11F8990D1208911
:1013C00091D1228992D1238993D1248994D12689DC
:1013D00095D1278996D1288997D1298998D12C89A7
:1013E00099D12D899AD12E899BD12F899CD1318970
:1013F0009DD132899ED133899FD13589A0D137893A
:10140000A1D10990A2D16376A3D12977A4D1DA7EA4
:10141000A5D17497A6D19B85A7D1665BA8D1747A14
:10142000A9D1EA96AAD14088ABD1CB52ACD18F7169
:10143000ADD1AA5FAED1EC65AFD1E28BB0D1FB5B91
:10144000B1D16F9AB2D1E15DB3D1896BB4D15B6C8C
:10145000B5D1AD8BB6D1AF8BB7D10A90B8D1C58F0E
:10146000B9D18B53BAD1BC62BBD1269EBCD12D9EC3
:10147000BDD14054BED12B4EBFD1BD82C0D1597217
:10148000C1D19C86C2D1165DC3D15988C4D1AF6D7C
:10149000C5D1C596C6D1D154C7D19A4EC8D1B68B45
:1014A000C9D10971CAD1BD54CBD10996CCD1DF7055
:1014B000CDD1F96DCED1D076CFD1254ED0D1147803
:1014C000D1D11287D2D1A95CD3D1F65ED4D1008A12
:1014D000D5D19C98D6D10E96D7D18E70D8D1BF6C6D
:1014E000D9D14459DAD1A963DBD13C77DCD14D881D
:1014F000DDD1146FDED17382DFD13058E0D1D571E8
:10150000E1D18C53E2D11A78E3D1C196E4D10155EF
:10151000E5D1665FE6D13071E7D1B45BE8D11A8CD2
:10152000E9D18C9AEAD1836BEBD12E59ECD12F9E65
:10153000EDD1E779EED16867EFD16C62F0D16F4FF2
:10154000F1D1A175F2D18A7FF3D10B6DF4D133962D
:10155000F5D1276CF6D1F04EF7D1D275F8D17B5189
:10156000F9D13768FAD13E6FFBD18090FCD1708100
:10157000FDD19659FED1767440D2388941D239894D
:1015800042D23A8943D23B8944D23C8945D23D89F3
:1015900046D23E8947D23F8948D2408949D24289C2
:1015A0004AD243894BD245894CD246894DD247898C
:1015B0004ED248894FD2498950D24A8951D24B895B
:1015C00052D24C8953D24D8954D24E8955D24F892B
:1015D00056D2508957D2518958D2528959D25389FB
:1015E0005AD254895BD255895CD256895DD25789CB
:1015F0005ED258895FD2598960D25A8961D25B899B
:1016000062D25C8963D25D8964D2608965D2618966
:1016100066D2628967D2638968D2648969D2658932
:101620006AD267896BD268896CD269896DD26A89FE
:101630006ED26B896FD26C8970D26D8971D26E89CE
:1016400072D26F8973D2708974D2718975D272899E
:1016500076D2738977D2748978D2758979D276896E
:101660007AD277897BD278897CD279897DD27A893E
:101670007ED27C8980D27D8981D27E8982D2808906
:1016800083D2828984D2848985D2858986D28789CA
:1016900087D2888988D2898989D28A898AD28B8996
:1016A0008BD28C898CD28D898DD28E898ED28F8966
:1016B0008FD2908990D2918991D2928992D2938936
:1016C00093D2948994D2958995D2968996D2978906
:1016D00097D2988998D2998999D29A899AD29B89D6
:1016E0009BD29C899CD29D899DD29E899ED29F89A6
:1016F0009FD2A089A0D2A189A1D24764A2D2275C9F
:10170000A3D26590A4D2917AA5D2238CA6D2DA591D
:10171000A7D2AC54A8D20082A9D26F83AAD2818961
:10172000ABD20080ACD23069ADD24E56AED236804C
:10173000AFD23772B0D2CE91B1D2B651B2D25F4EE3
:10174000B3D27598B4D29663B5D21A4EB6D2F653C8
:10175000B7D2F366B8D24B81B9D21C59BAD2B26DA6
:10176000BBD2004EBCD2F958BDD23B53BED2D663D9
:10177000BFD2F194C0D29D4FC1D20A4FC2D263886A
:10178000C3D29098C4D23759C5D25790C6D2FB79EC
:10179000C7D2EA4EC8D2F080C9D29175CAD2826C43
:1017A000CBD29C5BCCD2E859CDD25D5FCED205695D
:1017B000CFD28186D0D21A50D1D2F25DD2D2594E38
:1017C000D3D2E377D4D2E54ED5D27A82D6D2916203
:1017D000D7D21366D8D29190D9D2795CDAD2BF4EE3
:1017E000DBD2795FDCD2C681DDD23890DED2848054
:1017F000DFD2AB75E0D2A64EE1D2D488E2D20F613F
:10180000E3D2C56BE4D2C65FE5D2494EE6D2CA76D2
:10181000E7D2A26EE8D2E38BE9D2AE8BEAD20A8C91
:10182000EBD2D18BECD2025FEDD2FC7FEED2CC7F3B
:10183000EFD2CE7EF0D23583F1D26B83F2D2E05676
:10184000F3D2B76BF4D2F397F5D23496F6D2FB59B4
:10185000F7D21F54F8D2F694F9D2EB6DFAD2C55BE9
:10186000FBD26E99FCD2395CFDD2155FFED2909608
:1018700040D3A28941D3A38942D3A48943D3A58964
:1018800044D3A68945D3A78946D3A88947D3A98934
:1018900048D3AA8949D3AB894AD3AC894BD3AD8904
:1018A0004CD3AE894DD3AF894ED3B0894FD3B189D4
:1018B00050D3B28951D3B38952D3B48953D3B589A4
:1018C00054D3B68955D3B78956D3B88957D3B98974
:1018D00058D3BA8959D3BB895AD3BC895BD3BD8944
:1018E0005CD3BE895DD3BF895ED3C0895FD3C38912
:1018F00060D3CD8961D3D38962D3D48963D3D589A9
:1019000064D3D78965D3D88966D3D98967D3DB896E
:1019100068D3DD8969D3DF896AD3E0896BD3E18934
:101920006CD3E2896DD3E4896ED3E7896FD3E889FC
:1019300070D3E98971D3EA8972D3EC8973D3ED89C5
:1019400074D3EE8975D3F08976D3F18977D3F28990
:1019500078D3F48979D3F5897AD3F6897BD3F7895B
:101960007CD3F8897DD3F9897ED3FA8980D3FB892A
:1019700081D3FC8982D3FD8983D3FE8984D3FF89F7
:1019800085D3018A86D3028A87D3038A88D3048ABF
:1019900089D3058A8AD3068A8BD3088A8CD3098A8D
:1019A0008DD30A8A8ED30B8A8FD30C8A90D30D8A5B
:1019B00091D30E8A92D30F8A93D3108A94D3118A2B
:1019C00095D3128A96D3138A97D3148A98D3158AFB
:1019D00099D3168A9AD3178A9BD3188A9CD3198ACB
:1019E0009DD31A8A9ED31B8A9FD31C8AA0D31D8A9B
:1019F000A1D37053A2D3F182A3D3316AA4D3745A72
:101A0000A5D3709EA6D3945EA7D3287FA8D3B9830D
:101A1000A9D32484AAD32584ABD36783ACD34787C7
:101A2000ADD3CE8FAED3628DAFD3C876B0D3715F56
:101A3000B1D39698B2D36C78B3D32066B4D3DF54C5
:101A4000B5D3E562B6D3634FB7D3C381B8D3C875F6
:101A5000B9D3B85EBAD3CD96BBD30A8EBCD3F986C0
:101A6000BDD38F54BED3F36CBFD38C6DC0D3386C51
:101A7000C1D37F60C2D3C752C3D32875C4D37D5EA0
:101A8000C5D3184FC6D3A060C7D3E75FC8D3245CC3
:101A9000C9D33175CAD3AE90CBD3C094CCD3B9726D
:101AA000CDD3B96CCED3386ECFD34991D0D309679B
:101AB000D1D3CB53D2D3F353D3D3514FD4D3C99132
:101AC000D5D3F18BD6D3C853D7D37C5ED8D3C28FAE
:101AD000D9D3E46DDAD38E4EDBD3C276DCD38669FC
:101AE000DDD35E86DED31A61DFD30682E0D3594FA1
:101AF000E1D3DE4FE2D33E90E3D37C9CE4D3096193
:101B0000E5D31D6EE6D3146EE7D38596E8D3884EF1
:101B1000E9D3315AEAD3E896EBD30E4EECD37F5C8F
:101B2000EDD3B979EED3875BEFD3ED8BF0D3BD7FE7
:101B3000F1D38973F2D3DF57F3D38B82F4D3C190FF
:101B4000F5D30154F6D34790F7D3BB55F8D3EA5CED
:101B5000F9D3A15FFAD30861FBD3326BFCD3F172E6
:101B6000FDD3B280FED3898A40D41E8A41D41F8A15
:101B700042D4208A43D4218A44D4228A45D4238A59
:101B800046D4248A47D4258A48D4268A49D4278A29
:101B90004AD4288A4BD4298A4CD42A8A4DD42B8AF9
:101BA0004ED42C8A4FD42D8A50D42E8A51D42F8AC9
:101BB00052D4308A53D4318A54D4328A55D4338A99
:101BC00056D4348A57D4358A58D4368A59D4378A69
:101BD0005AD4388A5BD4398A5CD43A8A5DD43B8A39
:101BE0005ED43C8A5FD43D8A60D43F8A61D4408A07
:101BF00062D4418A63D4428A64D4438A65D4448AD5
:101C000066D4458A67D4468A68D4478A69D4498AA3
:101C10006AD44A8A6BD44B8A6CD44C8A6DD44D8A70
:101C20006ED44E8A6FD44F8A70D4508A71D4518A40
:101C300072D4528A73D4538A74D4548A75D4558A10
:101C400076D4568A77D4578A78D4588A79D4598AE0
:101C50007AD45A8A7BD45B8A7CD45C8A7DD45D8AB0
:101C60007ED45E8A80D45F8A81D4608A82D4618A7D
:101C700083D4628A84D4638A85D4648A86D4658A4C
:101C800087D4668A88D4678A89D4688A8AD4698A1C
:101C90008BD46A8A8CD46B8A8DD46C8A8ED46D8AEC
:101CA0008FD46E8A90D46F8A91D4708A92D4718ABC
:101CB00093D4728A94D4738A95D4748A96D4758A8C
:101CC00097D4768A98D4778A99D4788A9AD47A8A5B
:101CD0009BD47B8A9CD47C8A9DD47D8A9ED47E8A28
:101CE0009FD47F8AA0D4808AA1D4746DA2D4D35B00
:101CF000A3D4D588A4D48498A5D46B8CA6D46D9A8B
:101D0000A7D4339EA8D40A6EA9D4A451AAD443510F
:101D1000ABD4A357ACD48188ADD49F53AED4F46375
:101D2000AFD4958FB0D4ED56B1D45854B2D4065731
:101D3000B3D43F73B4D4906EB5D4187FB6D4DC8FCF
:101D4000B7D4D182B8D43F61B9D42860BAD46296EE
:101D5000BBD4F066BCD4A67EBDD48A8DBED4C38D60
:101D6000BFD4A594C0D4B35CC1D4A47CC2D408674A
:101D7000C3D4A660C4D40596C5D41880C6D4914EE9
:101D8000C7D4E790C8D40053C9D46896CAD4415187
:101D9000CBD4D08FCCD47485CDD45D91CED45566C0
:101DA000CFD4F597D0D4555BD1D41D53D2D4387845
:101DB000D3D44267D4D43D68D5D4C954D6D47E7028
:101DC000D7D4B05BD8D47D8FD9D48D51DAD42857ED
:101DD000DBD4B154DCD41265DDD48266DED45E8DF2
:101DE000DFD4438DE0D40F81E1D46C84E2D46D90D4
:101DF000E3D4DF7CE4D4FF51E5D4FB85E6D4A367CC
:101E0000E7D4E965E8D4A16FE9D4A486EAD4818E49
:101E1000EBD46A56ECD42090EDD48276EED4767072
:101E2000EFD4E571F0D4238DF1D4E962F2D41952E4
:101E3000F3D4FD6CF4D43C8DF5D40E60F6D49E58EA
:101E4000F7D48E61F8D4FE66F9D4608DFAD44E6270
:101E5000FBD4B355FCD4236EFDD42D67FED4678F1D
:101E600040D5818A41D5828A42D5838A43D5848AE6
:101E700044D5858A45D5868A46D5878A47D5888AB6
:101E800048D58B8A49D58C8A4AD58D8A4BD58E8A7E
:101E90004CD58F8A4DD5908A4ED5918A4FD5928A4E
:101EA00050D5948A51D5958A52D5968A53D5978A1A
:101EB00054D5988A55D5998A56D59A8A57D59B8AEA
:101EC00058D59C8A59D59D8A5AD59E8A5BD59F8ABA
:101ED0005CD5A08A5DD5A18A5ED5A28A5FD5A38A8A
:101EE00060D5A48A61D5A58A62D5A68A63D5A78A5A
:101EF00064D5A88A65D5A98A66D5AA8A67D5AB8A2A
:101F000068D5AC8A69D5AD8A6AD5AE8A6BD5AF8AF9
:101F10006CD5B08A6DD5B18A6ED5B28A6FD5B38AC9
:101F200070D5B48A71D5B58A72D5B68A73D5B78A99
:101F300074D5B88A75D5B98A76D5BA8A77D5BB8A69
:101F400078D5BC8A79D5BD8A7AD5BE8A7BD5BF8A39
:101F50007CD5C08A7DD5C18A7ED5C28A80D5C38A08
:101F600081D5C48A82D5C58A83D5C68A84D5C78AD5
:101F700085D5C88A86D5C98A87D5CA8A88D5CB8AA5
:101F800089D5CC8A8AD5CD8A8BD5CE8A8CD5CF8A75
:101F90008DD5D08A8ED5D18A8FD5D28A90D5D38A45
:101FA00091D5D48A92D5D58A93D5D68A94D5D78A15
:101FB00095D5D88A96D5D98A97D5DA8A98D5DB8AE5
:101FC00099D5DC8A9AD5DD8A9BD5DE8A9CD5DF8AB5
:101FD0009DD5E08A9ED5E18A9FD5E28AA0D5E38A85
:101FE000A1D5E194A2D5F895A3D52877A4D5056805
:101FF000A5D5A869A6D58B54A7D54D4EA8D5B87040
:10200000A9D5C88BAAD55864ABD58B65ACD5855BF3
:10201000ADD5847AAED53A50AFD5E85BB0D5BB77B5
:10202000B1D5E16BB2D5798AB3D5987CB4D5BE6C05
:10203000B5D5CF76B6D5A965B7D5978FB8D52D5D6F
:10204000B9D5555CBAD53886BBD50868BCD56053C0
:10205000BDD51862BED5D97ABFD55B6EC0D5FD7E21
:10206000C1D51F6AC2D5E07AC3D5705FC4D5336FBE
:10207000C5D5205FC6D58C63C7D5A86DC8D55667B2
:10208000C9D5084ECAD5105ECBD5268DCCD5D74E36
:10209000CDD5C080CED53476CFD59C96D0D5DB6259
:1020A000D1D52D66D2D57E62D3D5BC6CD4D5758DF5
:1020B000D5D56771D6D5697FD7D54651D8D5878014
:1020C000D9D5EC53DAD56E90DBD59862DCD5F254D5
:1020D000DDD5F086DED5998FDFD50580E0D5179563
:1020E000E1D51785E2D5D98FE3D5596DE4D5CD7308
:1020F000E5D59F65E6D51F77E7D50475E8D5277840
:10210000E9D5FB81EAD51E8DEBD58894ECD5A64F99
:10211000EDD59567EED5B975EFD5CA8BF0D5079794
:10212000F1D52F63F2D54795F3D53596F4D5B8841C
:10213000F5D52363F6D54177F7D5815FF8D5F072F1
:10214000F9D5894EFAD51460FBD57465FCD5EF62DC
:10215000FDD5636BFED53F6540D6E48A41D6E58A5E
:1021600042D6E68A43D6E78A44D6E88A45D6E98A43
:1021700046D6EA8A47D6EB8A48D6EC8A49D6ED8A13
:102180004AD6EE8A4BD6EF8A4CD6F08A4DD6F18AE3
:102190004ED6F28A4FD6F38A50D6F48A51D6F58AB3
:1021A00052D6F68A53D6F78A54D6F88A55D6F98A83
:1021B00056D6FA8A57D6FB8A58D6FC8A59D6FD8A53
:1021C0005AD6FE8A5BD6FF8A5CD6008B5DD6018B21
:1021D0005ED6028B5FD6038B60D6048B61D6058BEF
:1021E00062D6068B63D6088B64D6098B65D60A8BBC
:1021F00066D60B8B67D60C8B68D60D8B69D60E8B8B
:102200006AD60F8B6BD6108B6CD6118B6DD6128B5A
:102210006ED6138B6FD6148B70D6158B71D6168B2A
:1022200072D6178B73D6188B74D6198B75D61A8BFA
:1022300076D61B8B77D61C8B78D61D8B79D61E8BCA
:102240007AD61F8B7BD6208B7CD6218B7DD6228B9A
:102250007ED6238B80D6248B81D6258B82D6278B66
:1022600083D6288B84D6298B85D62A8B86D62B8B32
:1022700087D62C8B88D62D8B89D62E8B8AD62F8B02
:102280008BD6308B8CD6318B8DD6328B8ED6338BD2
:102290008FD6348B90D6358B91D6368B92D6378BA2
:1022A00093D6388B94D6398B95D63A8B96D63B8B72
:1022B00097D63C8B98D63D8B99D63E8B9AD63F8B42
:1022C0009BD6408B9CD6418B9DD6428B9ED6438B12
:1022D0009FD6448BA0D6458BA1D6275EA2D6C775C4
:1022E000A3D6D190A4D6C18BA5D69D82A6D69D6734
:1022F000A7D62F65A8D63154A9D61887AAD6E577D0
:10230000ABD6A280ACD60281ADD6416CAED64B4ED8
:10231000AFD6C77EB0D64C80B1D6F476B2D60D69B2
:10232000B3D6966BB4D66762B5D63C50B6D6844F5A
:10233000B7D64057B8D60763B9D6626BBAD6BE8D4A
:10234000BBD6EA53BCD6E865BDD6B87EBED6D75F4D
:10235000BFD61A63C0D6B763C1D6F381C2D6F481A3
:10236000C3D66E7FC4D61C5EC5D6D95CC6D63652DF
:10237000C7D67A66C8D6E979C9D61A7ACAD6288D58
:10238000CBD69970CCD6D475CDD6DE6ECED6BB6CFE
:10239000CFD6927AD0D62D4ED1D6C576D2D6E05FA2
:1023A000D3D69F94D4D67788D5D6C87ED6D6CD79C5
:1023B000D7D6BF80D8D6CD91D9D6F24EDAD6174F20
:1023C000DBD61F82DCD66854DDD6DE5DDED6326D0C
:1023D000DFD6CC8BE0D6A57CE1D6748FE2D6988090
:1023E000E3D61A5EE4D69254E5D6B176E6D6995B8A
:1023F000E7D63C66E8D6A49AE9D6E073EAD62A681E
:10240000EBD6DB86ECD63167EDD62A73EED6F88BA9
:10241000EFD6DB8BF0D61090F1D6F97AF2D6DB70DE
:10242000F3D66E71F4D6C462F5D6A977F6D63156D6
:10243000F7D63B4EF8D65784F9D6F167FAD6A952AB
:10244000FBD6C086FCD62E8DFDD6F894FED6517BE9
:1024500040D7468B41D7478B42D7488B43D7498BD0
:1024600044D74A8B45D74B8B46D74C8B47D74D8BA0
:1024700048D74E8B49D74F8B4AD7508B4BD7518B70
:102480004CD7528B4DD7538B4ED7548B4FD7558B40
:1024900050D7568B51D7578B52D7588B53D7598B10
:1024A00054D75A8B55D75B8B56D75C8B57D75D8BE0
:1024B00058D75E8B59D75F8B5AD7608B5BD7618BB0
:1024C0005CD7628B5DD7638B5ED7648B5FD7658B80
:1024D00060D7678B61D7688B62D7698B63D76A8B4C
:1024E00064D76B8B65D76D8B66D76E8B67D76F8B19
:1024F00068D7708B69D7718B6AD7728B6BD7738BE8
:102500006CD7748B6DD7758B6ED7768B6FD7778BB7
:1025100070D7788B71D7798B72D77A8B73D77B8B87
:1025200074D77C8B75D77D8B76D77E8B77D77F8B57
:1025300078D7808B79D7818B7AD7828B7BD7838B27
:102540007CD7848B7DD7858B7ED7868B80D7878BF6
:1025500081D7888B82D7898B83D78A8B84D78B8BC3
:1025600085D78C8B86D78D8B87D78E8B88D78F8B93
:1025700089D7908B8AD7918B8BD7928B8CD7938B63
:102580008DD7948B8ED7958B8FD7968B90D7978B33
:1025900091D7988B92D7998B93D79A8B94D79B8B03
:1025A00095D79C8B96D79D8B97D79E8B98D79F8BD3
:1025B00099D7AC8B9AD7B18B9BD7BB8B9CD7C78B4A
:1025C0009DD7D08B9ED7EA8B9FD7098CA0D71E8C26
:1025D000A1D74F4FA2D7E86CA3D75D79A4D77B9A38
:1025E000A5D79362A6D72A72A7D7FD62A8D7134EA4
:1025F000A9D71678AAD76C8FABD7B064ACD75A8D51
:10260000ADD7C67BAED76968AFD7845EB0D7C58873
:10261000B1D78659B2D79E64B3D7EE58B4D7B67245
:10262000B5D70E69B6D72595B7D7FD8FB8D7588DD2
:10263000B9D76057BAD7007FBBD7068CBCD7C65175
:10264000BDD74963BED7D962BFD75353C0D74C68F3
:10265000C1D72274C2D70183C3D74C91C4D7445584
:10266000C5D74077C6D77C70C7D74A6DC8D77951D0
:10267000C9D7A854CAD7448DCBD7FF59CCD7CB6E76
:10268000CDD7C46DCED75C5BCFD72B7DD0D7D44E02
:10269000D1D77D7CD2D7D36ED3D7505BD4D7EA8144
:1026A000D5D70D6ED6D7575BD7D7039BD8D7D5686C
:1026B000D9D72A8EDAD7975BDBD7FC7EDCD73B6095
:1026C000DDD7B57EDED7B990DFD7708DE0D74F5913
:1026D000E1D7CD63E2D7DF79E3D7B38DE4D75253A7
:1026E000E5D7CF65E6D75679E7D7C58BE8D73B96D0
:1026F000E9D7C47EEAD7BB94EBD7827EECD73456B9
:10270000EDD78991EED70067EFD76A7FF0D70A5CE3
:10271000F1D77590F2D72866F3D7E65DF4D7504F1E
:10272000F5D7DE67F6D75A50F7D75C4FF8D7505732
:10273000F9D7A75E40D8388C41D8398C42D83A8C2A
:1027400043D83B8C44D83C8C45D83D8C46D83E8CF5
:1027500047D83F8C48D8408C49D8428C4AD8438CC3
:102760004BD8448C4CD8458C4DD8488C4ED84A8C8C
:102770004FD84B8C50D84D8C51D84E8C52D84F8C52
:1027800053D8508C54D8518C55D8528C56D8538C21
:1027900057D8548C58D8568C59D8578C5AD8588CEE
:1027A0005BD8598C5CD85B8C5DD85C8C5ED85D8CBA
:1027B0005FD85E8C60D85F8C61D8608C62D8638C87
:1027C00063D8648C64D8658C65D8668C66D8678C51
:1027D00067D8688C68D8698C69D86C8C6AD86D8C1D
:1027E0006BD86E8C6CD86F8C6DD8708C6ED8718CE9
:1027F0006FD8728C70D8748C71D8758C72D8768CB6
:1028000073D8778C74D87B8C75D87C8C76D87D8C7B
:1028100077D87E8C78D87F8C79D8808C7AD8818C48
:102820007BD8838C7CD8848C7DD8868C7ED8878C12
:1028300080D8888C81D88B8C82D88D8C83D88E8CD4
:1028400084D88F8C85D8908C86D8918C87D8928CA0
:1028500088D8938C89D8958C8AD8968C8BD8978C6D
:102860008CD8998C8DD89A8C8ED89B8C8FD89C8C38
:1028700090D89D8C91D89E8C92D89F8C93D8A08C08
:1028800094D8A18C95D8A28C96D8A38C97D8A48CD8
:1028900098D8A58C99D8A68C9AD8A78C9BD8A88CA8
:1028A0009CD8A98C9DD8AA8C9ED8AB8C9FD8AC8C78
:1028B000A0D8AD8CA1D88D4EA2D80C4EA3D8405133
:1028C000A4D8104EA5D8FF5EA6D84553A7D8154E5C
:1028D000A8D8984EA9D81E4EAAD8329BABD86C5B0C
:1028E000ACD86956ADD8284EAED8BA79AFD83F4EDD
:1028F000B0D81553B1D8474EB2D82D59B3D83B7282
:10290000B4D86E53B5D8106CB6D8DF56B7D8E480BB
:10291000B8D89799B9D8D36BBAD87E77BBD8179F58
:10292000BCD8364EBDD89F4EBED8109FBFD85C4E87
:10293000C0D8694EC1D8934EC2D88882C3D85B5BD9
:10294000C4D86C55C5D80F56C6D8C44EC7D88D53F9
:10295000C8D89D53C9D8A353CAD8A553CBD8AE5312
:10296000CCD86597CDD85D8DCED81A53CFD8F55336
:10297000D0D82653D1D82E53D2D83E53D3D85C8D3D
:10298000D4D86653D5D86353D6D80252D7D8085274
:10299000D8D80E52D9D82D52DAD83352DBD83F527C
:1029A000DCD84052DDD84C52DED85E52DFD86152BE
:1029B000E0D85C52E1D8AF84E2D87D52E3D88252AD
:1029C000E4D88152E5D89052E6D89352E7D88251A4
:1029D000E8D8547FE9D8BB4EEAD8C34EEBD8C94EED
:1029E000ECD8C24EEDD8E84EEED8E14EEFD8EB4E23
:1029F000F0D8DE4EF1D81B4FF2D8F34EF3D8224F69
:102A0000F4D8644FF5D8F54EF6D8254FF7D8274FB0
:102A1000F8D8094FF9D82B4FFAD85E4FFBD8674F3B
:102A2000FCD83865FDD85A4FFED85D4F40D9AE8CE2
:102A300041D9AF8C42D9B08C43D9B18C44D9B28C36
:102A400045D9B38C46D9B48C47D9B58C48D9B68C06
:102A500049D9B78C4AD9B88C4BD9B98C4CD9BA8CD6
:102A60004DD9BB8C4ED9BC8C4FD9BD8C50D9BE8CA6
:102A700051D9BF8C52D9C08C53D9C18C54D9C28C76
:102A800055D9C38C56D9C48C57D9C58C58D9C68C46
:102A900059D9C78C5AD9C88C5BD9C98C5CD9CA8C16
:102AA0005DD9CB8C5ED9CC8C5FD9CD8C60D9CE8CE6
:102AB00061D9CF8C62D9D08C63D9D18C64D9D28CB6
:102AC00065D9D38C66D9D48C67D9D58C68D9D68C86
:102AD00069D9D78C6AD9D88C6BD9D98C6CD9DA8C56
:102AE0006DD9DB8C6ED9DC8C6FD9DD8C70D9DE8C26
:102AF00071D9DF8C72D9E08C73D9E18C74D9E28CF6
:102B000075D9E38C76D9E48C77D9E58C78D9E68CC5
:102B100079D9E78C7AD9E88C7BD9E98C7CD9EA8C95
:102B20007DD9EB8C7ED9EC8C80D9ED8C81D9EE8C63
:102B300082D9EF8C83D9F08C84D9F18C85D9F28C31
:102B400086D9F38C87D9F48C88D9F58C89D9F68C01
:102B50008AD9F78C8BD9F88C8CD9F98C8DD9FA8CD1
:102B60008ED9FB8C8FD9FC8C90D9FD8C91D9FE8CA1
:102B700092D9FF8C93D9008D94D9018D95D9028D6E
:102B800096D9038D97D9048D98D9058D99D9068D3D
:102B90009AD9078D9BD9088D9CD9098D9DD90A8D0D
:102BA0009ED90B8D9FD90C8DA0D90D8DA1D95F4FCA
:102BB000A2D9574FA3D9324FA4D93D4FA5D9764FAB
:102BC000A6D9744FA7D9914FA8D9894FA9D9834FB6
:102BD000AAD98F4FABD97E4FACD97B4FADD9AA4F75
:102BE000AED97C4FAFD9AC4FB0D9944FB1D9E64FE5
:102BF000B2D9E84FB3D9EA4FB4D9C54FB5D9DA4FF6
:102C0000B6D9E34FB7D9DC4FB8D9D14FB9D9DF4FD7
:102C1000BAD9F84FBBD92950BCD94C50BDD9F34FC4
:102C2000BED92C50BFD90F50C0D92E50C1D92D506C
:102C3000C2D9FE4FC3D91C50C4D90C50C5D9255098
:102C4000C6D92850C7D97E50C8D94350C9D9555084
:102C5000CAD94850CBD94E50CCD96C50CDD97B5025
:102C6000CED9A550CFD9A750D0D9A950D1D9BA50D3
:102C7000D2D9D650D3D90651D4D9ED50D5D9EC50AC
:102C8000D6D9E650D7D9EE50D8D90751D9D90B515A
:102C9000DAD9DD4EDBD93D6CDCD9584FDDD9654F33
:102CA000DED9CE4FDFD9A09FE0D9466CE1D9747C44
:102CB000E2D96E51E3D9FD5DE4D9C99EE5D9989971
:102CC000E6D98151E7D91459E8D9F952E9D90D5318
:102CD000EAD9078AEBD91053ECD9EB51EDD9195940
:102CE000EED95551EFD9A04EF0D95651F1D9B34E86
:102CF000F2D96E88F3D9A488F4D9B54EF5D91481E8
:102D0000F6D9D288F7D98079F8D9345BF9D9038814
:102D1000FAD9B87FFBD9AB51FCD9B151FDD9BD511E
:102D2000FED9BC5140DA0E8D41DA0F8D42DA108D9A
:102D300043DA118D44DA128D45DA138D46DA148D9B
:102D400047DA158D48DA168D49DA178D4ADA188D6B
:102D50004BDA198D4CDA1A8D4DDA1B8D4EDA1C8D3B
:102D60004FDA208D50DA518D51DA528D52DA578D6B
:102D700053DA5F8D54DA658D55DA688D56DA698DD0
:102D800057DA6A8D58DA6C8D59DA6E8D5ADA6F8D92
:102D90005BDA718D5CDA728D5DDA788D5EDA798D51
:102DA0005FDA7A8D60DA7B8D61DA7C8D62DA7D8D17
:102DB00063DA7E8D64DA7F8D65DA808D66DA828DE6
:102DC00067DA838D68DA868D69DA878D6ADA888DAD
:102DD0006BDA898D6CDA8C8D6DDA8D8D6EDA8E8D75
:102DE0006FDA8F8D70DA908D71DA928D72DA938D41
:102DF00073DA958D74DA968D75DA978D76DA988D0B
:102E000077DA998D78DA9A8D79DA9B8D7ADA9C8DDA
:102E10007BDA9D8D7CDA9E8D7DDAA08D7EDAA18DA8
:102E200080DAA28D81DAA48D82DAA58D83DAA68D6F
:102E300084DAA78D85DAA88D86DAA98D87DAAA8D3E
:102E400088DAAB8D89DAAC8D8ADAAD8D8BDAAE8D0E
:102E50008CDAAF8D8DDAB08D8EDAB28D8FDAB68DD9
:102E600090DAB78D91DAB98D92DABB8D93DABD8D98
:102E700094DAC08D95DAC18D96DAC28D97DAC58D58
:102E800098DAC78D99DAC88D9ADAC98D9BDACA8D1E
:102E90009CDACD8D9DDAD08D9EDAD28D9FDAD38DDE
:102EA000A0DAD48DA1DAC751A2DA9651A3DAA251E1
:102EB000A4DAA551A5DAA08BA6DAA68BA7DAA78B90
:102EC000A8DAAA8BA9DAB48BAADAB58BABDAB78BFE
:102ED000ACDAC28BADDAC38BAEDACB8BAFDACF8B89
:102EE000B0DACE8BB1DAD28BB2DAD38BB3DAD48B41
:102EF000B4DAD68BB5DAD88BB6DAD98BB7DADC8B05
:102F0000B8DADF8BB9DAE08BBADAE48BBBDAE88BBC
:102F1000BCDAE98BBDDAEE8BBEDAF08BBFDAF38B6D
:102F2000C0DAF68BC1DAF98BC2DAFC8BC3DAFF8B1D
:102F3000C4DA008CC5DA028CC6DA048CC7DA078CD6
:102F4000C8DA0C8CC9DA0F8CCADA118CCBDA128C85
:102F5000CCDA148CCDDA158CCEDA168CCFDA198C4B
:102F6000D0DA1B8CD1DA188CD2DA1D8CD3DA1F8C14
:102F7000D4DA208CD5DA218CD6DA258CD7DA278CD6
:102F8000D8DA2A8CD9DA2B8CDADA2E8CDBDA2F8C91
:102F9000DCDA328CDDDA338CDEDA358CDFDA368C53
:102FA000E0DA6953E1DA7A53E2DA1D96E3DA22963F
:102FB000E4DA2196E5DA3196E6DA2A96E7DA3D9602
:102FC000E8DA3C96E9DA4296EADA4996EBDA549680
:102FD000ECDA5F96EDDA6796EEDA6C96EFDA7296D7
:102FE000F0DA7496F1DA8896F2DA8D96F3DA97963B
:102FF000F4DAB096F5DA9790F6DA9B90F7DA9D90CE
:10300000F8DA9990F9DAAC90FADAA190FBDAB49098
:10301000FCDAB390FDDAB690FEDABA9040DBD58DDB
:1030200041DBD88D42DBD98D43DBDC8D44DBE08D89
:1030300045DBE18D46DBE28D47DBE58D48DBE68D48
:1030400049DBE78D4ADBE98D4BDBED8D4CDBEE8D0B
:103050004DDBF08D4EDBF18D4FDBF28D50DBF48DCF
:1030600051DBF68D52DBFC8D53DBFE8D54DBFF8D87
:1030700055DB008E56DB018E57DB028E58DB038E4C
:1030800059DB048E5ADB068E5BDB078E5CDB088E19
:103090005DDB0B8E5EDB0D8E5FDB0E8E60DB108EDC
:1030A00061DB118E62DB128E63DB138E64DB158EA7
:1030B00065DB168E66DB178E67DB188E68DB198E74
:1030C00069DB1A8E6ADB1B8E6BDB1C8E6CDB208E41
:1030D0006DDB218E6EDB248E6FDB258E70DB268E02
:1030E00071DB278E72DB288E73DB2B8E74DB2D8ECB
:1030F00075DB308E76DB328E77DB338E78DB348E89
:1031000079DB368E7ADB378E7BDB388E7CDB3B8E51
:103110007DDB3C8E7EDB3E8E80DB3F8E81DB438E13
:1031200082DB458E83DB468E84DB4C8E85DB4D8EC9
:1031300086DB4E8E87DB4F8E88DB508E89DB538E8D
:103140008ADB548E8BDB558E8CDB568E8DDB578E57
:103150008EDB588E8FDB5A8E90DB5B8E91DB5C8E24
:1031600092DB5D8E93DB5E8E94DB5F8E95DB608EF3
:1031700096DB618E97DB628E98DB638E99DB648EC3
:103180009ADB658E9BDB678E9CDB688E9DDB6A8E8F
:103190009EDB6B8E9FDB6E8EA0DB718EA1DBB89009
:1031A000A2DBB090A3DBCF90A4DBC590A5DBBE90E3
:1031B000A6DBD090A7DBC490A8DBC790A9DBD39097
:1031C000AADBE690ABDBE290ACDBDC90ADDBD7902A
:1031D000AEDBDB90AFDBEB90B0DBEF90B1DBFE90D2
:1031E000B2DB0491B3DB2291B4DB1E91B5DB2391FA
:1031F000B6DB3191B7DB2F91B8DB3991B9DB439165
:10320000BADB4691BBDB0D52BCDB4259BDDBA2529F
:10321000BEDBAC52BFDBAD52C0DBBE52C1DBFF54E4
:10322000C2DBD052C3DBD652C4DBF052C5DBDF5366
:10323000C6DBEE71C7DBCD77C8DBF45EC9DBF551C9
:10324000CADBFC51CBDB2F9BCCDBB653CDDB015F64
:10325000CEDB5A75CFDBEF5DD0DB4C57D1DBA95706
:10326000D2DBA157D3DB7E58D4DBBC58D5DBC558A5
:10327000D6DBD158D7DB2957D8DB2C57D9DB2A57D7
:10328000DADB3357DBDB3957DCDB2E57DDDB2F573F
:10329000DEDB5C57DFDB3B57E0DB4257E1DB6957A6
:1032A000E2DB8557E3DB6B57E4DB8657E5DB7C57D6
:1032B000E6DB7B57E7DB6857E8DB6D57E9DB7657E2
:1032C000EADB7357EBDBAD57ECDBA457EDDB8C5738
:1032D000EEDBB257EFDBCF57F0DBA757F1DBB4578C
:1032E000F2DB9357F3DBA057F4DBD557F5DBD85768
:1032F000F6DBDA57F7DBD957F8DBD257F9DBB857EB
:10330000FADBF457FBDBEF57FCDBF857FDDBE45748
:10331000FEDBDD5740DC738E41DC758E42DC778E40
:1033200043DC788E44DC798E45DC7A8E46DC7B8EFD
:1033300047DC7D8E48DC7E8E49DC808E4ADC828EC6
:103340004BDC838E4CDC848E4DDC868E4EDC888E8E
:103350004FDC898E50DC8A8E51DC8B8E52DC8C8E59
:1033600053DC8D8E54DC8E8E55DC918E56DC928E25
:1033700057DC938E58DC958E59DC968E5ADC978EEE
:103380005BDC988E5CDC998E5DDC9A8E5EDC9B8EBD
:103390005FDC9D8E60DC9F8E61DCA08E62DCA18E86
:1033A00063DCA28E64DCA38E65DCA48E66DCA58E55
:1033B00067DCA68E68DCA78E69DCA88E6ADCA98E25
:1033C0006BDCAA8E6CDCAD8E6DDCAE8E6EDCB08EEE
:1033D0006FDCB18E70DCB38E71DCB48E72DCB58EB6
:1033E00073DCB68E74DCB78E75DCB88E76DCB98E85
:1033F00077DCBB8E78DCBC8E79DCBD8E7ADCBE8E51
:103400007BDCBF8E7CDCC08E7DDCC18E7EDCC28E20
:1034100080DCC38E81DCC48E82DCC58E83DCC68EEC
:1034200084DCC78E85DCC88E86DCC98E87DCCA8EBC
:1034300088DCCB8E89DCCC8E8ADCCD8E8BDCCF8E8B
:103440008CDCD08E8DDCD18E8EDCD28E8FDCD38E58
:1034500090DCD48E91DCD58E92DCD68E93DCD78E28
:1034600094DCD88E95DCD98E96DCDA8E97DCDB8EF8
:1034700098DCDC8E99DCDD8E9ADCDE8E9BDCDF8EC8
:103480009CDCE08E9DDCE18E9EDCE28E9FDCE38E98
:10349000A0DCE48EA1DC0B58A2DC0D58A3DCFD57A8
:1034A000A4DCED57A5DC0058A6DC1E58A7DC195893
:1034B000A8DC4458A9DC2058AADC6558ABDC6C5861
:1034C000ACDC8158ADDC8958AEDC9A58AFDC805852
:1034D000B0DCA899B1DC199FB2DCFF61B3DC798262
:1034E000B4DC7D82B5DC7F82B6DC8F82B7DC8A8279
:1034F000B8DCA882B9DC8482BADC8E82BBDC918223
:10350000BCDC9782BDDC9982BEDCAB82BFDCB882BA
:10351000C0DCBE82C1DCB082C2DCC882C3DCCA822D
:10352000C4DCE382C5DC9882C6DCB782C7DCAE822D
:10353000C8DCCB82C9DCCC82CADCC182CBDCA982EC
:10354000CCDCB482CDDCA182CEDCAA82CFDC9F822F
:10355000D0DCC482D1DCCE82D2DCA482D3DCE18296
:10356000D4DC0983D5DCF782D6DCE482D7DC0F8398
:10357000D8DC0783D9DCDC82DADCF482DBDCD282C3
:10358000DCDCD882DDDC0C83DEDCFB82DFDCD3829A
:10359000E0DC1183E1DC1A83E2DC0683E3DC1483E4
:1035A000E4DC1583E5DCE082E6DCD582E7DC1C8325
:1035B000E8DC5183E9DC5B83EADC5C83EBDC0883D9
:1035C000ECDC9283EDDC3C83EEDC3483EFDC318396
:1035D000F0DC9B83F1DC5E83F2DC2F83F3DC4F8332
:1035E000F4DC4783F5DC4383F6DC5F83F7DC408360
:1035F000F8DC1783F9DC6083FADC2D83FBDC3A838B
:10360000FCDC3383FDDC6683FEDC658340DDE58E18
:1036100041DDE68E42DDE78E43DDE88E44DDE98E56
:1036200045DDEA8E46DDEB8E47DDEC8E48DDED8E26
:1036300049DDEE8E4ADDEF8E4BDDF08E4CDDF18EF6
:103640004DDDF28E4EDDF38E4FDDF48E50DDF58EC6
:1036500051DDF68E52DDF78E53DDF88E54DDF98E96
:1036600055DDFA8E56DDFB8E57DDFC8E58DDFD8E66
:1036700059DDFE8E5ADDFF8E5BDD008F5CDD018F34
:103680005DDD028F5EDD038F5FDD048F60DD058F02
:1036900061DD068F62DD078F63DD088F64DD098FD2
:1036A00065DD0A8F66DD0B8F67DD0C8F68DD0D8FA2
:1036B00069DD0E8F6ADD0F8F6BDD108F6CDD118F72
:1036C0006DDD128F6EDD138F6FDD148F70DD158F42
:1036D00071DD168F72DD178F73DD188F74DD198F12
:1036E00075DD1A8F76DD1B8F77DD1C8F78DD1D8FE2
:1036F00079DD1E8F7ADD1F8F7BDD208F7CDD218FB2
:103700007DDD228F7EDD238F80DD248F81DD258F7F
:1037100082DD268F83DD278F84DD288F85DD298F4D
:1037200086DD2A8F87DD2B8F88DD2C8F89DD2D8F1D
:103730008ADD2E8F8BDD2F8F8CDD308F8DDD318FED
:103740008EDD328F8FDD338F90DD348F91DD358FBD
:1037500092DD368F93DD378F94DD388F95DD398F8D
:1037600096DD3A8F97DD3B8F98DD3C8F99DD3D8F5D
:103770009ADD3E8F9BDD3F8F9CDD408F9DDD418F2D
:103780009EDD428F9FDD438FA0DD448FA1DD6883E6
:10379000A2DD1B83A3DD6983A4DD6C83A5DD6A83C1
:1037A000A6DD6D83A7DD6E83A8DDB083A9DD7883F8
:1037B000AADDB383ABDDB483ACDDA083ADDDAA832A
:1037C000AEDD9383AFDD9C83B0DD8583B1DD7C838B
:1037D000B2DDB683B3DDA983B4DD7D83B5DDB88307
:1037E000B6DD7B83B7DD9883B8DD9E83B9DDA88322
:1037F000BADDBA83BBDDBC83BCDDC183BDDD018422
:10380000BEDDE583BFDDD883C0DD0758C1DD188488
:10381000C2DD0B84C3DDDD83C4DDFD83C5DDD6835E
:10382000C6DD1C84C7DD3884C8DD1184C9DD06848B
:10383000CADDD483CBDDDF83CCDD0F84CDDD038413
:10384000CEDDF883CFDDF983D0DDEA83D1DDC5831A
:10385000D2DDC083D3DD2684D4DDF083D5DDE183E2
:10386000D6DD5C84D7DD5184D8DD5A84D9DD598416
:10387000DADD7384DBDD8784DCDD8884DDDD7A845A
:10388000DEDD8984DFDD7884E0DD3C84E1DD4684B3
:10389000E2DD6984E3DD7684E4DD8C84E5DD8E841D
:1038A000E6DD3184E7DD6D84E8DDC184E9DDCD84CA
:1038B000EADDD084EBDDE684ECDDBD84EDDDD38490
:1038C000EEDDCA84EFDDBF84F0DDBA84F1DDE08493
:1038D000F2DDA184F3DDB984F4DDB484F5DD9784F1
:1038E000F6DDE584F7DDE384F8DD0C85F9DD0D75A3
:1038F000FADD3885FBDDF084FCDD3985FDDD1F85D3
:10390000FEDD3A8540DE458F41DE468F42DE478F41
:1039100043DE488F44DE498F45DE4A8F46DE4B8FBB
:1039200047DE4C8F48DE4D8F49DE4E8F4ADE4F8F8B
:103930004BDE508F4CDE518F4DDE528F4EDE538F5B
:103940004FDE548F50DE558F51DE568F52DE578F2B
:1039500053DE588F54DE598F55DE5A8F56DE5B8FFB
:1039600057DE5C8F58DE5D8F59DE5E8F5ADE5F8FCB
:103970005BDE608F5CDE618F5DDE628F5EDE638F9B
:103980005FDE648F60DE658F61DE6A8F62DE808F4E
:1039900063DE8C8F64DE928F65DE9D8F66DEA08F86
:1039A00067DEA18F68DEA28F69DEA48F6ADEA58F35
:1039B0006BDEA68F6CDEA78F6DDEAA8F6EDEAC8FFE
:1039C0006FDEAD8F70DEAE8F71DEAF8F72DEB28FC5
:1039D00073DEB38F74DEB48F75DEB58F76DEB78F8E
:1039E00077DEB88F78DEBA8F79DEBB8F7ADEBC8F58
:1039F0007BDEBF8F7CDEC08F7DDEC38F7EDEC68F19
:103A000080DEC98F81DECA8F82DECB8F83DECC8FD2
:103A100084DECD8F85DECF8F86DED28F87DED68F98
:103A200088DED78F89DEDA8F8ADEE08F8BDEE18F4A
:103A30008CDEE38F8DDEE78F8EDEEC8F8FDEEF8FF7
:103A400090DEF18F91DEF28F92DEF48F93DEF58FB0
:103A500094DEF68F95DEFA8F96DEFB8F97DEFC8F75
:103A600098DEFE8F99DEFF8F9ADE07909BDE08902E
:103A70009CDE0C909DDE0E909EDE13909FDE1590D6
:103A8000A0DE1890A1DE5685A2DE3B85A3DEFF8472
:103A9000A4DEFC84A5DE5985A6DE4885A7DE688500
:103AA000A8DE6485A9DE5E85AADE7A85ABDEA27714
:103AB000ACDE4385ADDE7285AEDE7B85AFDEA485F0
:103AC000B0DEA885B1DE8785B2DE8F85B3DE79856D
:103AD000B4DEAE85B5DE9C85B6DE8585B7DEB985FC
:103AE000B8DEB785B9DEB085BADED385BBDEC18569
:103AF000BCDEDC85BDDEFF85BEDE2786BFDE05863B
:103B0000C0DE2986C1DE1686C2DE3C86C3DEFE5ECE
:103B1000C4DE085FC5DE3C59C6DE4159C7DE3780CA
:103B2000C8DE5559C9DE5A59CADE5859CBDE0F5383
:103B3000CCDE225CCDDE255CCEDE2C5CCFDE345CC0
:103B4000D0DE4C62D1DE6A62D2DE9F62D3DEBB621F
:103B5000D4DECA62D5DEDA62D6DED762D7DEEE62A6
:103B6000D8DE2263D9DEF662DADE3963DBDE4B6350
:103B7000DCDE4363DDDEAD63DEDEF663DFDE716374
:103B8000E0DE7A63E1DE8E63E2DEB463E3DE6D6382
:103B9000E4DEAC63E5DE8A63E6DE6963E7DEAE633E
:103BA000E8DEBC63E9DEF263EADEF863EBDEE063E5
:103BB000ECDEFF63EDDEC463EEDEDE63EFDECE63DC
:103BC000F0DE5264F1DEC663F2DEBE63F3DE45640E
:103BD000F4DE4164F5DE0B64F6DE1B64F7DE206480
:103BE000F8DE0C64F9DE2664FADE2164FBDE5E6436
:103BF000FCDE8464FDDE6D64FEDE966440DF1990B9
:103C000041DF1C9042DF239043DF249044DF259066
:103C100045DF279046DF289047DF299048DF2A902C
:103C200049DF2B904ADF2C904BDF30904CDF3190F6
:103C30004DDF32904EDF33904FDF349050DF3790BE
:103C400051DF399052DF3A9053DF3D9054DF3F907F
:103C500055DF409056DF439057DF459058DF469040
:103C600059DF48905ADF49905BDF4A905CDF4B9008
:103C70005DDF4C905EDF4E905FDF549060DF5590CB
:103C800061DF569062DF599063DF5A9064DF5C9089
:103C900065DF5D9066DF5E9067DF5F9068DF609054
:103CA00069DF61906ADF64906BDF66906CDF67901C
:103CB0006DDF69906EDF6A906FDF6B9070DF6C90E4
:103CC00071DF6F9072DF709073DF719074DF7290AC
:103CD00075DF739076DF769077DF779078DF789076
:103CE00079DF79907ADF7A907BDF7B907CDF7C9044
:103CF0007DDF7E907EDF819080DF849081DF859004
:103D000082DF869083DF879084DF899085DF8A90C9
:103D100086DF8C9087DF8D9088DF8E9089DF8F9093
:103D20008ADF90908BDF92908CDF94908DDF96905D
:103D30008EDF98908FDF9A9090DF9C9091DF9E901D
:103D400092DF9F9093DFA09094DFA49095DFA590E1
:103D500096DFA79097DFA89098DFA99099DFAB90A6
:103D60009ADFAD909BDFB2909CDFB7909DDFBC9057
:103D70009EDFBD909FDFBF90A0DFC090A1DF7A647F
:103D8000A2DFB764A3DFB864A4DF9964A5DFBA64D7
:103D9000A6DFC064A7DFD064A8DFD764A9DFE4642E
:103DA000AADFE264ABDF0965ACDF2565ADDF2E6518
:103DB000AEDF0B5FAFDFD25FB0DF1975B1DF115F30
:103DC000B2DF5F53B3DFF153B4DFFD53B5DFE95327
:103DD000B6DFE853B7DFFB53B8DF1254B9DF165430
:103DE000BADF0654BBDF4B54BCDF5254BDDF535423
:103DF000BEDF5454BFDF5654C0DF4354C1DF2154EB
:103E0000C2DF5754C3DF5954C4DF2354C5DF3254D3
:103E1000C6DF8254C7DF9454C8DF7754C9DF7154BA
:103E2000CADF6454CBDF9A54CCDF9B54CDDF84547B
:103E3000CEDF7654CFDF6654D0DF9D54D1DFD0542F
:103E4000D2DFAD54D3DFC254D4DFB454D5DFD25463
:103E5000D6DFA754D7DFA654D8DFD354D9DFD45444
:103E6000DADF7254DBDFA354DCDFD554DDDFBB5473
:103E7000DEDFBF54DFDFCC54E0DFD954E1DFDA54BA
:103E8000E2DFDC54E3DFA954E4DFAA54E5DFA45405
:103E9000E6DFDD54E7DFCF54E8DFDE54E9DF1B5512
:103EA000EADFE754EBDF2055ECDFFD54EDDF14557E
:103EB000EEDFF354EFDF2255F0DF2355F1DF0F552E
:103EC000F2DF1155F3DF2755F4DF2A55F5DF67558B
:103ED000F6DF8F55F7DFB555F8DF4955F9DF6D553A
:103EE000FADF4155FBDF5555FCDF3F55FDDF5055EF
:103EF000FEDF3C5540E0C29041E0C39042E0C690F6
:103F000043E0C89044E0C99045E0CB9046E0CC90B7
:103F100047E0CD9048E0D29049E0D4904AE0D59077
:103F20004BE0D6904CE0D8904DE0D9904EE0DA903E
:103F30004FE0DE9050E0DF9051E0E09052E0E390FF
:103F400053E0E49054E0E59055E0E99056E0EA90C3
:103F500057E0EC9058E0EE9059E0F0905AE0F19084
:103F60005BE0F2905CE0F3905DE0F5905EE0F6904F
:103F70005FE0F79060E0F99061E0FA9062E0FB901A
:103F800063E0FC9064E0FF9065E0009166E00191E1
:103F900067E0039168E0059169E006916AE00791A6
:103FA0006BE008916CE009916DE00A916EE00B9175
:103FB0006FE00C9170E00D9171E00E9172E00F9145
:103FC00073E0109174E0119175E0129176E0139115
:103FD00077E0149178E0159179E016917AE01791E5
:103FE0007BE018917CE01A917DE01B917EE01C91B2
:103FF00080E01D9181E01F9182E0209183E021917A
:1040000084E0249185E0259186E0269187E0279140
:1040100088E0289189E029918AE02A918BE02B9110
:104020008CE02C918DE02D918EE02E918FE03091DF
:1040300090E0329191E0339192E0349193E03591A8
:1040400094E0369195E0379196E0389197E03A9177
:1040500098E03B9199E03C919AE03D919BE03E9144
:104060009CE03F919DE040919EE041919FE0429114
:10407000A0E04491A1E03755A2E05655A3E0755564
:10408000A4E07655A5E07755A6E03355A7E0305576
:10409000A8E05C55A9E08B55AAE0D255ABE083556A
:1040A000ACE0B155ADE0B955AEE08855AFE0815513
:1040B000B0E09F55B1E07E55B2E0D655B3E09155E2
:1040C000B4E07B55B5E0DF55B6E0BD55B7E0BE5571
:1040D000B8E09455B9E09955BAE0EA55BBE0F75518
:1040E000BCE0C955BDE01F56BEE0D155BFE0EB5561
:1040F000C0E0EC55C1E0D455C2E0E655C3E0DD5563
:10410000C4E0C455C5E0EF55C6E0E555C7E0F2553B
:10411000C8E0F355C9E0CC55CAE0CD55CBE0E85531
:10412000CCE0F555CDE0E455CEE0948FCFE01E56BF
:10413000D0E00856D1E00C56D2E00156D3E0245628
:10414000D4E02356D5E0FE55D6E00056D7E02756FA
:10415000D8E02D56D9E05856DAE03956DBE057560C
:10416000DCE02C56DDE04D56DEE06256DFE05956CD
:10417000E0E05C56E1E04C56E2E05456E3E086565F
:10418000E4E06456E5E07156E6E06B56E7E07B5606
:10419000E8E07C56E9E08556EAE09356EBE0AF565E
:1041A000ECE0D456EDE0D756EEE0DD56EFE0E15618
:1041B000F0E0F556F1E0EB56F2E0F956F3E0FF5689
:1041C000F4E00457F5E00A57F6E00957F7E01C570A
:1041D000F8E00F5EF9E0195EFAE0145EFBE0115EB4
:1041E000FCE0315EFDE03B5EFEE03C5E40E145917F
:1041F00041E1479142E1489143E1519144E15391BA
:1042000045E1549146E1559147E1569148E1589175
:1042100049E159914AE15B914BE15C914CE15F913D
:104220004DE160914EE166914FE1679150E16891F7
:1042300051E16B9152E16D9153E1739154E17A91A7
:1042400055E17B9156E17C9157E1809158E1819154
:1042500059E182915AE183915BE184915CE186911D
:104260005DE188915EE18A915FE18E9160E18F91DD
:1042700061E1939162E1949163E1959164E196919A
:1042800065E1979166E1989167E1999168E19C9168
:1042900069E19D916AE19E916BE19F916CE1A09132
:1042A0006DE1A1916EE1A4916FE1A59170E1A691FC
:1042B00071E1A79172E1A89173E1A99174E1AB91C9
:1042C00075E1AC9176E1B09177E1B19178E1B2918D
:1042D00079E1B3917AE1B6917BE1B7917CE1B89154
:1042E0007DE1B9917EE1BB9180E1BC9181E1BD911D
:1042F00082E1BE9183E1BF9184E1C09185E1C191EA
:1043000086E1C29187E1C39188E1C49189E1C591B9
:104310008AE1C6918BE1C8918CE1CB918DE1D0917E
:104320008EE1D2918FE1D39190E1D49191E1D59139
:1043300092E1D69193E1D79194E1D89195E1D99109
:1043400096E1DA9197E1DB9198E1DD9199E1DE91D7
:104350009AE1DF919BE1E0919CE1E1919DE1E291A5
:104360009EE1E3919FE1E491A0E1E591A1E1375E57
:10437000A2E1445EA3E1545EA4E15B5EA5E15E5E62
:10438000A6E1615EA7E18C5CA8E17A5CA9E18D5CA5
:10439000AAE1905CABE1965CACE1885CADE1985C35
:1043A000AEE1995CAFE1915CB0E19A5CB1E19C5CFB
:1043B000B2E1B55CB3E1A25CB4E1BD5CB5E1AC5C7B
:1043C000B6E1AB5CB7E1B15CB8E1A35CB9E1C15C5B
:1043D000BAE1B75CBBE1C45CBCE1D25CBDE1E45CCA
:1043E000BEE1CB5CBFE1E55CC0E1025DC1E1035D24
:1043F000C2E1275DC3E1265DC4E12E5DC5E1245D18
:10440000C6E11E5DC7E1065DC8E11B5DC9E1585DFF
:10441000CAE13E5DCBE1345DCCE13D5DCDE16C5D5B
:10442000CEE15B5DCFE16F5DD0E15D5DD1E16B5DC4
:10443000D2E14B5DD3E14A5DD4E1695DD5E1745DC4
:10444000D6E1825DD7E1995DD8E19D5DD9E1738CBC
:10445000DAE1B75DDBE1C55DDCE1735FDDE1775F8C
:10446000DEE1825FDFE1875FE0E1895FE1E18C5FB0
:10447000E2E1955FE3E1995FE4E19C5FE5E1A85F3C
:10448000E6E1AD5FE7E1B55FE8E1BC5FE9E16288E5
:10449000EAE1615FEBE1AD72ECE1B072EDE1B472C3
:1044A000EEE1B772EFE1B872F0E1C372F1E1C1720F
:1044B000F2E1CE72F3E1CD72F4E1D272F5E1E8728D
:1044C000F6E1EF72F7E1E972F8E1F272F9E1F47204
:1044D000FAE1F772FBE10173FCE1F372FDE10373B2
:1044E000FEE1FA7240E2E69141E2E79142E2E891B0
:1044F00043E2E99144E2EA9145E2EB9146E2EC9134
:1045000047E2ED9148E2EE9149E2EF914AE2F09103
:104510004BE2F1914CE2F2914DE2F3914EE2F491D3
:104520004FE2F59150E2F69151E2F79152E2F891A3
:1045300053E2F99154E2FA9155E2FB9156E2FC9173
:1045400057E2FD9158E2FE9159E2FF915AE2009242
:104550005BE201925CE202925DE203925EE204920F
:104560005FE2059260E2069261E2079262E20892DF
:1045700063E2099264E20A9265E20B9266E20C92AF
:1045800067E20D9268E20E9269E20F926AE210927F
:104590006BE211926CE212926DE213926EE214924F
:1045A0006FE2159270E2169271E2179272E218921F
:1045B00073E2199274E21A9275E21B9276E21C92EF
:1045C00077E21D9278E21E9279E21F927AE22092BF
:1045D0007BE221927CE222927DE223927EE224928F
:1045E00080E2259281E2269282E2279283E228925B
:1045F00084E2299285E22A9286E22B9287E22C922B
:1046000088E22D9289E22E928AE22F928BE23092FA
:104610008CE231928DE232928EE233928FE23492CA
:1046200090E2359291E2369292E2379293E238929A
:1046300094E2399295E23A9296E23B9297E23C926A
:1046400098E23D9299E23E929AE23F929BE240923A
:104650009CE241929DE242929EE243929FE244920A
:10466000A0E24592A1E2FB72A2E21773A3E21373E8
:10467000A4E22173A5E20A73A6E21E73A7E21D73EA
:10468000A8E21573A9E22273AAE23973ABE225739B
:10469000ACE22C73ADE23873AEE23173AFE250732B
:1046A000B0E24D73B1E25773B2E26073B3E26C7380
:1046B000B4E26F73B5E27E73B6E21B82B7E22559AE
:1046C000B8E2E798B9E22459BAE20259BBE2639929
:1046D000BCE26799BDE26899BEE26999BFE26A9956
:1046E000C0E26B99C1E26C99C2E27499C3E2779916
:1046F000C4E27D99C5E28099C6E28499C7E28799B0
:10470000C8E28A99C9E28D99CAE29099CBE291995F
:10471000CCE29399CDE29499CEE29599CFE2805E76
:10472000D0E2915ED1E28B5ED2E2965ED3E2A55EEC
:10473000D4E2A05ED5E2B95ED6E2B55ED7E2BE5E57
:10474000D8E2B35ED9E2538DDAE2D25EDBE2D15E2B
:10475000DCE2DB5EDDE2E85EDEE2EA5EDFE2BA8159
:10476000E0E2C45FE1E2C95FE2E2D65FE3E2CF5F8D
:10477000E4E20360E5E2EE5FE6E20460E7E2E15FC7
:10478000E8E2E45FE9E2FE5FEAE20560EBE2066090
:10479000ECE2EA5FEDE2ED5FEEE2F85FEFE2196076
:1047A000F0E23560F1E22660F2E21B60F3E20F60B6
:1047B000F4E20D60F5E22960F6E22B60F7E20A60B0
:1047C000F8E23F60F9E22160FAE27860FBE27960AA
:1047D000FCE27B60FDE27A60FEE2426040E34692EA
:1047E00041E3479242E3489243E3499244E34A92C9
:1047F00045E34B9246E34C9247E34D9248E34E9299
:1048000049E34F924AE350924BE351924CE3529268
:104810004DE353924EE354924FE3559250E3569238
:1048200051E3579252E3589253E3599254E35A9208
:1048300055E35B9256E35C9257E35D9258E35E92D8
:1048400059E35F925AE360925BE361925CE36292A8
:104850005DE363925EE364925FE3659260E3669278
:1048600061E3679262E3689263E3699264E36A9248
:1048700065E36B9266E36C9267E36D9268E36E9218
:1048800069E36F926AE370926BE371926CE37292E8
:104890006DE373926EE375926FE3769270E37792B5
:1048A00071E3789272E3799273E37A9274E37B9284
:1048B00075E37C9276E37D9277E37E9278E37F9254
:1048C00079E380927AE381927BE382927CE3839224
:1048D0007DE384927EE3859280E3869281E38792F2
:1048E00082E3889283E3899284E38A9285E38B92C0
:1048F00086E38C9287E38D9288E38F9289E390928E
:104900008AE391928BE392928CE393928DE394925B
:104910008EE395928FE3969290E3979291E398922B
:1049200092E3999293E39A9294E39B9295E39C92FB
:1049300096E39D9297E39E9298E39F9299E3A092CB
:104940009AE3A1929BE3A2929CE3A3929DE3A4929B
:104950009EE3A5929FE3A692A0E3A792A1E36A60DB
:10496000A2E37D60A3E39660A4E39A60A5E3AD6053
:10497000A6E39D60A7E38360A8E39260A9E38C604F
:10498000AAE39B60ABE3EC60ACE3BB60ADE3B1607A
:10499000AEE3DD60AFE3D860B0E3C660B1E3DA60F8
:1049A000B2E3B460B3E32061B4E32661B5E315611B
:1049B000B6E32361B7E3F460B8E30061B9E30E61E5
:1049C000BAE32B61BBE34A61BCE37561BDE3AC6153
:1049D000BEE39461BFE3A761C0E3B761C1E3D46103
:1049E000C2E3F561C3E3DD5FC4E3B396C5E3E995D4
:1049F000C6E3EB95C7E3F195C8E3F395C9E3F595F5
:104A0000CAE3F695CBE3FC95CCE3FE95CDE30396A4
:104A1000CEE30496CFE30696D0E30896D1E30A9658
:104A2000D2E30B96D3E30C96D4E30D96D5E30F9621
:104A3000D6E31296D7E31596D8E31696D9E31796E0
:104A4000DAE31996DBE31A96DCE32C4EDDE33F72E2
:104A5000DEE31562DFE3356CE0E3546CE1E35C6CAC
:104A6000E2E34A6CE3E3A36CE4E3856CE5E3906C7A
:104A7000E6E3946CE7E38C6CE8E3686CE9E3696C6B
:104A8000EAE3746CEBE3766CECE3866CEDE3A96C23
:104A9000EEE3D06CEFE3D46CF0E3AD6CF1E3F76CD4
:104AA000F2E3F86CF3E3F16CF4E3D76CF5E3B26C8A
:104AB000F6E3E06CF7E3D66CF8E3FA6CF9E3EB6C41
:104AC000FAE3EE6CFBE3B16CFCE3D36CFDE3EF6C5B
:104AD000FEE3FE6C40E4A89241E4A99242E4AA926B
:104AE00043E4AB9244E4AC9245E4AD9246E4AF9229
:104AF00047E4B09248E4B19249E4B2924AE4B392F6
:104B00004BE4B4924CE4B5924DE4B6924EE4B792C5
:104B10004FE4B89250E4B99251E4BA9252E4BB9295
:104B200053E4BC9254E4BD9255E4BE9256E4BF9265
:104B300057E4C09258E4C19259E4C2925AE4C39235
:104B40005BE4C4925CE4C5925DE4C6925EE4C79205
:104B50005FE4C99260E4CA9261E4CB9262E4CC92D1
:104B600063E4CD9264E4CE9265E4CF9266E4D092A1
:104B700067E4D19268E4D29269E4D3926AE4D49271
:104B80006BE4D5926CE4D6926DE4D7926EE4D89241
:104B90006FE4D99270E4DA9271E4DB9272E4DC9211
:104BA00073E4DD9274E4DE9275E4DF9276E4E092E1
:104BB00077E4E19278E4E29279E4E3927AE4E492B1
:104BC0007BE4E5927CE4E6927DE4E7927EE4E89281
:104BD00080E4E99281E4EA9282E4EB9283E4EC924D
:104BE00084E4ED9285E4EE9286E4EF9287E4F0921D
:104BF00088E4F19289E4F2928AE4F3928BE4F492ED
:104C00008CE4F5928DE4F6928EE4F7928FE4F892BC
:104C100090E4F99291E4FA9292E4FB9293E4FC928C
:104C200094E4FD9295E4FE9296E4FF9297E400935B
:104C300098E4019399E402939AE403939BE4049328
:104C40009CE405939DE406939EE407939FE40893F8
:104C5000A0E40993A1E4396DA2E4276DA3E40C6DEF
:104C6000A4E4436DA5E4486DA6E4076DA7E4046DD4
:104C7000A8E4196DA9E40E6DAAE42B6DABE44D6DAB
:104C8000ACE42E6DADE4356DAEE41A6DAFE44F6D5E
:104C9000B0E4526DB1E4546DB2E4336DB3E4916DA0
:104CA000B4E46F6DB5E49E6DB6E4A06DB7E45E6DDF
:104CB000B8E4936DB9E4946DBAE45C6DBBE4606DE7
:104CC000BCE47C6DBDE4636DBEE41A6EBFE4C76DE9
:104CD000C0E4C56DC1E4DE6DC2E40E6EC3E4BF6D19
:104CE000C4E4E06DC5E4116EC6E4E66DC7E4DD6DB5
:104CF000C8E4D96DC9E4166ECAE4AB6DCBE40C6EA2
:104D0000CCE4AE6DCDE42B6ECEE46E6ECFE44E6E91
:104D1000D0E46B6ED1E4B26ED2E45F6ED3E4866E03
:104D2000D4E4536ED5E4546ED6E4326ED7E4256EE7
:104D3000D8E4446ED9E4DF6EDAE4B16EDBE4986E59
:104D4000DCE4E06EDDE42D6FDEE4E26EDFE4A56E10
:104D5000E0E4A76EE1E4BD6EE2E4BB6EE3E4B76EAF
:104D6000E4E4D76EE5E4B46EE6E4CF6EE7E48F6E7C
:104D7000E8E4C26EE9E49F6EEAE4626FEBE4466F3A
:104D8000ECE4476FEDE4246FEEE4156FEFE4F96EA9
:104D9000F0E42F6FF1E4366FF2E44B6FF3E4746FDD
:104DA000F4E42A6FF5E4096FF6E4296FF7E4896FFC
:104DB000F8E48D6FF9E48C6FFAE4786FFBE4726FBE
:104DC000FCE47C6FFDE47A6FFEE4D16F40E50A936A
:104DD00041E50B9342E50C9343E50D9344E50E93B7
:104DE00045E50F9346E5109347E5119348E5129387
:104DF00049E513934AE514934BE515934CE5169357
:104E00004DE517934EE518934FE5199350E51A9326
:104E100051E51B9352E51C9353E51D9354E51E93F6
:104E200055E51F9356E5209357E5219358E52293C6
:104E300059E523935AE524935BE525935CE5269396
:104E40005DE527935EE528935FE5299360E52A9366
:104E500061E52B9362E52C9363E52D9364E52E9336
:104E600065E52F9366E5309367E5319368E5329306
:104E700069E533936AE534936BE535936CE53693D6
:104E80006DE537936EE538936FE5399370E53A93A6
:104E900071E53B9372E53C9373E53D9374E53F9375
:104EA00075E5409376E5419377E5429378E5439342
:104EB00079E544937AE545937BE546937CE5479312
:104EC0007DE548937EE5499380E54A9381E54B93E0
:104ED00082E54C9383E54D9384E54E9385E54F93AE
:104EE00086E5509387E5519388E5529389E553937E
:104EF0008AE554938BE555938CE556938DE557934E
:104F00008EE558938FE5599390E55A9391E55B931D
:104F100092E55C9393E55D9394E55E9395E55F93ED
:104F200096E5609397E5619398E5629399E56393BD
:104F30009AE564939BE565939CE566939DE567938D
:104F40009EE568939FE56993A0E56B93A1E5C96F22
:104F5000A2E5A76FA3E5B96FA4E5B66FA5E5C26F9B
:104F6000A6E5E16FA7E5EE6FA8E5DE6FA9E5E06FC6
:104F7000AAE5EF6FABE51A70ACE52370ADE51B70E9
:104F8000AEE53970AFE53570B0E54F70B1E55E70F4
:104F9000B2E5805BB3E5845BB4E5955BB5E5935B17
:104FA000B6E5A55BB7E5B85BB8E52F75B9E59E9AA0
:104FB000BAE53464BBE5E45BBCE5EE5BBDE5308996
:104FC000BEE5F05BBFE5478EC0E5078BC1E5B68F58
:104FD000C2E5D38FC3E5D58FC4E5E58FC5E5EE8F78
:104FE000C6E5E48FC7E5E98FC8E5E68FC9E5F38F2D
:104FF000CAE5E88FCBE50590CCE50490CDE50B90B4
:10500000CEE52690CFE51190D0E50D90D1E5169034
:10501000D2E52190D3E53590D4E53690D5E52D90B5
:10502000D6E52F90D7E54490D8E55190D9E5529038
:10503000DAE55090DBE56890DCE55890DDE56290BC
:10504000DEE55B90DFE5B966E0E57490E1E57D9033
:10505000E2E58290E3E58890E4E58390E5E58B90D6
:10506000E6E5505FE7E5575FE8E5565FE9E5585F3D
:10507000EAE53B5CEBE5AB54ECE5505CEDE5595CF7
:10508000EEE5715BEFE5635CF0E5665CF1E5BC7F46
:10509000F2E52A5FF3E5295FF4E52D5FF5E574821B
:1050A000F6E53C5FF7E53B9BF8E56E5CF9E5815979
:1050B000FAE58359FBE58D59FCE5A959FDE5AA59A7
:1050C000FEE5A35940E66C9341E66D9342E66E938C
:1050D00043E66F9344E6709345E6719346E6729318
:1050E00047E6739348E6749349E675934AE67693E8
:1050F0004BE677934CE678934DE679934EE67A93B8
:105100004FE67B9350E67C9351E67D9352E67E9387
:1051100053E67F9354E6809355E6819356E6829357
:1051200057E6839358E6849359E685935AE6869327
:105130005BE687935CE688935DE689935EE68A93F7
:105140005FE68B9360E68C9361E68D9362E68E93C7
:1051500063E6909364E6919365E6929366E6939393
:1051600067E6949368E6959369E696936AE6979363
:105170006BE698936CE699936DE69A936EE69B9333
:105180006FE69C9370E69D9371E69E9372E69F9303
:1051900073E6A09374E6A19375E6A29376E6A393D3
:1051A00077E6A49378E6A59379E6A6937AE6A793A3
:1051B0007BE6A8937CE6A9937DE6AA937EE6AB9373
:1051C00080E6AC9381E6AD9382E6AE9383E6AF933F
:1051D00084E6B09385E6B19386E6B29387E6B3930F
:1051E00088E6B49389E6B5938AE6B6938BE6B793DF
:1051F0008CE6B8938DE6B9938EE6BA938FE6BB93AF
:1052000090E6BC9391E6BD9392E6BE9393E6BF937E
:1052100094E6C09395E6C19396E6C29397E6C3934E
:1052200098E6C49399E6C5939AE6C6939BE6C7931E
:105230009CE6C8939DE6C9939EE6CB939FE6CC93EC
:10524000A0E6CD93A1E69759A2E6CA59A3E6AB59C9
:10525000A4E69E59A5E6A459A6E6D259A7E6B259F6
:10526000A8E6AF59A9E6D759AAE6BE59ABE6055A52
:10527000ACE6065AADE6DD59AEE6085AAFE6E359AC
:10528000B0E6D859B1E6F959B2E60C5AB3E6095A74
:10529000B4E6325AB5E6345AB6E6115AB7E6235A9E
:1052A000B8E6135AB9E6405ABAE6675ABBE64A5A14
:1052B000BCE6555ABDE63C5ABEE6625ABFE6755A90
:1052C000C0E6EC80C1E6AA5AC2E69B5AC3E6775A0A
:1052D000C4E67A5AC5E6BE5AC6E6EB5AC7E6B25AE3
:1052E000C8E6D25AC9E6D45ACAE6B85ACBE6E05A5A
:1052F000CCE6E35ACDE6F15ACEE6D65ACFE6E65AE8
:10530000D0E6D85AD1E6DC5AD2E6095BD3E6175B81
:10531000D4E6165BD5E6325BD6E6375BD7E6405B74
:10532000D8E6155CD9E61C5CDAE65A5BDBE6655B21
:10533000DCE6735BDDE6515BDEE6535BDFE6625B7A
:10534000E0E6759AE1E6779AE2E6789AE3E67A9AF9
:10535000E4E67F9AE5E67D9AE6E6809AE7E6819ABA
:10536000E8E6859AE9E6889AEAE68A9AEBE6909A70
:10537000ECE6929AEDE6939AEEE6969AEFE6989A24
:10538000F0E69B9AF1E69C9AF2E69D9AF3E69F9AE4
:10539000F4E6A09AF5E6A29AF6E6A39AF7E6A59AAD
:1053A000F8E6A79AF9E69F7EFAE6A17EFBE6A37EE1
:1053B000FCE6A57EFDE6A87EFEE6A97E40E7CE934C
:1053C00041E7CF9342E7D09343E7D19344E7D293A9
:1053D00045E7D39346E7D49347E7D59348E7D79378
:1053E00049E7D8934AE7D9934BE7DA934CE7DB9345
:1053F0004DE7DC934EE7DD934FE7DE9350E7DF9315
:1054000051E7E09352E7E19353E7E29354E7E393E4
:1054100055E7E49356E7E59357E7E69358E7E793B4
:1054200059E7E8935AE7E9935BE7EA935CE7EB9384
:105430005DE7EC935EE7ED935FE7EE9360E7EF9354
:1054400061E7F09362E7F19363E7F29364E7F39324
:1054500065E7F49366E7F59367E7F69368E7F793F4
:1054600069E7F8936AE7F9936BE7FA936CE7FB93C4
:105470006DE7FC936EE7FD936FE7FE9370E7FF9394
:1054800071E7009472E7019473E7029474E7039460
:1054900075E7049476E7059477E7069478E7079430
:1054A00079E708947AE709947BE70A947CE70B9400
:1054B0007DE70C947EE70D9480E70E9481E70F94CE
:1054C00082E7109483E7119484E7129485E713949C
:1054D00086E7149487E7159488E7169489E717946C
:1054E0008AE718948BE719948CE71A948DE71B943C
:1054F0008EE71C948FE71D9490E71E9491E71F940C
:1055000092E7209493E7219494E7229495E72394DB
:1055100096E7249497E7259498E7269499E72794AB
:105520009AE728949BE729949CE72A949DE72B947B
:105530009EE72C949FE72D94A0E72E94A1E7AD7EE3
:10554000A2E7B07EA3E7BE7EA4E7C07EA5E7C17E4A
:10555000A6E7C27EA7E7C97EA8E7CB7EA9E7CC7EF7
:10556000AAE7D07EABE7D47EACE7D77EADE7DB7EA3
:10557000AEE7E07EAFE7E17EB0E7E87EB1E7EB7E45
:10558000B2E7EE7EB3E7EF7EB4E7F17EB5E7F27EF9
:10559000B6E70D7FB7E7F67EB8E7FA7EB9E7FB7EA0
:1055A000BAE7FE7EBBE7017FBCE7027FBDE7037F72
:1055B000BEE7077FBFE7087FC0E70B7FC1E70C7F2F
:1055C000C2E70F7FC3E7117FC4E7127FC5E7177FEC
:1055D000C6E7197FC7E71C7FC8E71B7FC9E71F7FA6
:1055E000CAE7217FCBE7227FCCE7237FCDE7247F6B
:1055F000CEE7257FCFE7267FD0E7277FD1E72A7F39
:10560000D2E72B7FD3E72C7FD4E72D7FD5E72F7F01
:10561000D6E7307FD7E7317FD8E7327FD9E7337FCE
:10562000DAE7357FDBE77A5EDCE77F75DDE7DB5DB8
:10563000DEE73E75DFE79590E0E78E73E1E7917373
:10564000E2E7AE73E3E7A273E4E79F73E5E7CF73A6
:10565000E6E7C273E7E7D173E8E7B773E9E7B37347
:10566000EAE7C073EBE7C973ECE7C873EDE7E573EE
:10567000EEE7D973EFE77C98F0E70A74F1E7E97396
:10568000F2E7E773F3E7DE73F4E7BA73F5E7F27373
:10569000F6E70F74F7E72A74F8E75B74F9E7267406
:1056A000FAE72574FBE72874FCE73074FDE72E74F5
:1056B000FEE72C7440E82F9441E8309442E831949E
:1056C00043E8329444E8339445E8349446E835940A
:1056D00047E8369448E8379449E838944AE83994DA
:1056E0004BE83A944CE83B944DE83C944EE83D94AA
:1056F0004FE83F9450E8409451E8419452E8429476
:1057000053E8439454E8449455E8459456E8469445
:1057100057E8479458E8489459E849945AE84A9415
:105720005BE84B945CE84C945DE84D945EE84E94E5
:105730005FE84F9460E8509461E8519462E85294B5
:1057400063E8539464E8549465E8559466E8569485
:1057500067E8579468E8589469E859946AE85A9455
:105760006BE85B946CE85C946DE85D946EE85E9425
:105770006FE85F9470E8609471E8619472E86294F5
:1057800073E8639474E8649475E8659476E86694C5
:1057900077E8679478E8689479E869947AE86A9495
:1057A0007BE86C947CE86D947DE86E947EE86F9461
:1057B00080E8709481E8719482E8729483E873942D
:1057C00084E8749485E8759486E8769487E87794FD
:1057D00088E8789489E879948AE87A948BE87B94CD
:1057E0008CE87C948DE87D948EE87E948FE87F949D
:1057F00090E8809491E8819492E8829493E883946D
:1058000094E8849495E8919496E8969497E898940F
:1058100098E8C79499E8CF949AE8D3949BE8D494F5
:105820009CE8DA949DE8E6949EE8FB949FE81C953A
:10583000A0E82095A1E81B74A2E81A74A3E84174BB
:10584000A4E85C74A5E85774A6E85574A7E85974F1
:10585000A8E87774A9E86D74AAE87E74ABE89C7434
:10586000ACE88E74ADE88074AEE88174AFE88774FC
:10587000B0E88B74B1E89E74B2E8A874B3E8A97478
:10588000B4E89074B5E8A774B6E8D274B7E8BA740F
:10589000B8E8EA97B9E8EB97BAE8EC97BBE84C6749
:1058A000BCE85367BDE85E67BEE84867BFE8696764
:1058B000C0E8A567C1E88767C2E86A67C3E873679D
:1058C000C4E89867C5E8A767C6E87567C7E8A8672A
:1058D000C8E89E67C9E8AD67CAE88B67CBE8776719
:1058E000CCE87C67CDE8F067CEE80968CFE8D867F8
:1058F000D0E80A68D1E8E967D2E8B067D3E80C6875
:10590000D4E8D967D5E8B567D6E8DA67D7E8B367EA
:10591000D8E8DD67D9E80068DAE8C367DBE8B8678C
:10592000DCE8E267DDE80E68DEE8C167DFE8FD6716
:10593000E0E83268E1E83368E2E86068E3E861687B
:10594000E4E84E68E5E86268E6E84468E7E8646829
:10595000E8E88368E9E81D68EAE85568EBE8666806
:10596000ECE84168EDE86768EEE84068EFE83E681B
:10597000F0E84A68F1E84968F2E82968F3E8B568B0
:10598000F4E88F68F5E87468F6E87768F7E89368F4
:10599000F8E86B68F9E8C268FAE86E69FBE8FC6849
:1059A000FCE81F69FDE82069FEE8F96840E92795F1
:1059B00041E9339542E93D9543E9439544E94895EA
:1059C00045E94B9546E9559547E95A9548E960956B
:1059D00049E96E954AE974954BE975954CE97795D7
:1059E0004DE978954EE979954FE97A9550E97B959F
:1059F00051E97C9552E97D9553E97E9554E980956E
:105A000055E9819556E9829557E9839558E984953A
:105A100059E985955AE986955BE987955CE988950A
:105A20005DE989955EE98A955FE98B9560E98C95DA
:105A300061E98D9562E98E9563E98F9564E99095AA
:105A400065E9919566E9929567E9939568E994957A
:105A500069E995956AE996956BE997956CE998954A
:105A60006DE999956EE99A956FE99B9570E99C951A
:105A700071E99D9572E99E9573E99F9574E9A095EA
:105A800075E9A19576E9A29577E9A39578E9A495BA
:105A900079E9A5957AE9A6957BE9A7957CE9A8958A
:105AA0007DE9A9957EE9AA9580E9AB9581E9AC9558
:105AB00082E9AD9583E9AE9584E9AF9585E9B09526
:105AC00086E9B19587E9B29588E9B39589E9B495F6
:105AD0008AE9B5958BE9B6958CE9B7958DE9B895C6
:105AE0008EE9B9958FE9BA9590E9BB9591E9BC9596
:105AF00092E9BD9593E9BE9594E9BF9595E9C09566
:105B000096E9C19597E9C29598E9C39599E9C49535
:105B10009AE9C5959BE9C6959CE9C7959DE9C89505
:105B20009EE9C9959FE9CA95A0E9CB95A1E92469A9
:105B3000A2E9F068A3E90B69A4E90169A5E957693D
:105B4000A6E9E368A7E91069A8E97169A9E93969D3
:105B5000AAE96069ABE94269ACE95D69ADE98469CC
:105B6000AEE96B69AFE98069B0E99869B1E9786934
:105B7000B2E93469B3E9CC69B4E98769B5E9886900
:105B8000B6E9CE69B7E98969B8E96669B9E96369CF
:105B9000BAE97969BBE99B69BCE9A769BDE9BB6959
:105BA000BEE9AB69BFE9AD69C0E9D469C1E9B169D2
:105BB000C2E9C169C3E9CA69C4E9DF69C5E9956990
:105BC000C6E9E069C7E98D69C8E9FF69C9E92F6AD3
:105BD000CAE9ED69CBE9176ACCE9186ACDE9656ACB
:105BE000CEE9F269CFE9446AD0E93E6AD1E9A06A18
:105BF000D2E9506AD3E95B6AD4E9356AD5E98E6A9D
:105C0000D6E9796AD7E93D6AD8E9286AD9E9586AB4
:105C1000DAE97C6ADBE9916ADCE9906ADDE9A96A84
:105C2000DEE9976ADFE9AB6AE0E93773E1E95273CD
:105C3000E2E9816BE3E9826BE4E9876BE5E9846B78
:105C4000E6E9926BE7E9936BE8E98D6BE9E99A6B1A
:105C5000EAE99B6BEBE9A16BECE9AA6BEDE96B8FD1
:105C6000EEE96D8FEFE9718FF0E9728FF1E9738FD3
:105C7000F2E9758FF3E9768FF4E9788FF5E9778F9C
:105C8000F6E9798FF7E97A8FF8E97C8FF9E97E8F69
:105C9000FAE9818FFBE9828FFCE9848FFDE9878F28
:105CA000FEE98B8F40EACC9541EACD9542EACE954C
:105CB00043EACF9544EAD09545EAD19546EAD29594
:105CC00047EAD39548EAD49549EAD5954AEAD69564
:105CD0004BEAD7954CEAD8954DEAD9954EEADA9534
:105CE0004FEADB9550EADC9551EADD9552EADE9504
:105CF00053EADF9554EAE09555EAE19556EAE295D4
:105D000057EAE39558EAE49559EAE5955AEAE695A3
:105D10005BEAE7955CEAEC955DEAFF955EEA07963B
:105D20005FEA139660EA189661EA1B9662EA1E968D
:105D300063EA209664EA239665EA249666EA259645
:105D400067EA269668EA279669EA28966AEA299613
:105D50006BEA2B966CEA2C966DEA2D966EEA2F96DE
:105D60006FEA309670EA379671EA389672EA399699
:105D700073EA3A9674EA3E9675EA419676EA439655
:105D800077EA4A9678EA4E9679EA4F967AEA5196F9
:105D90007BEA52967CEA53967DEA56967EEA5796BF
:105DA00080EA589681EA599682EA5A9683EA5C9686
:105DB00084EA5D9685EA5E9686EA609687EA63964F
:105DC00088EA659689EA66968AEA6B968BEA6D960A
:105DD0008CEA6E968DEA6F968EEA70968FEA7196CF
:105DE00090EA739691EA789692EA799693EA7A968F
:105DF00094EA7B9695EA7C9696EA7D9697EA7E965B
:105E000098EA7F9699EA80969AEA81969BEA82962A
:105E10009CEA83969DEA84969EEA87969FEA8996F5
:105E2000A0EA8A96A1EA8D8FA2EA8E8FA3EA8F8FCD
:105E3000A4EA988FA5EA9A8FA6EACE8EA7EA0B620B
:105E4000A8EA1762A9EA1B62AAEA1F62ABEA226209
:105E5000ACEA2162ADEA2562AEEA2462AFEA2C62C6
:105E6000B0EAE781B1EAEF74B2EAF474B3EAFF741E
:105E7000B4EA0F75B5EA1175B6EA1375B7EA346579
:105E8000B8EAEE65B9EAEF65BAEAF065BBEA0A6618
:105E9000BCEA1966BDEA7267BEEA0366BFEA156628
:105EA000C0EA0066C1EA8570C2EAF766C3EA1D6609
:105EB000C4EA3466C5EA3166C6EA3666C7EA3566BC
:105EC000C8EA0680C9EA5F66CAEA5466CBEA416658
:105ED000CCEA4F66CDEA5666CEEA6166CFEA5766EF
:105EE000D0EA7766D1EA8466D2EA8C66D3EAA766FE
:105EF000D4EA9D66D5EABE66D6EADB66D7EADC66FA
:105F0000D8EAE666D9EAE966DAEA328DDBEA338D69
:105F1000DCEA368DDDEA3B8DDEEA3D8DDFEA408D41
:105F2000E0EA458DE1EA468DE2EA488DE3EA498DF3
:105F3000E4EA478DE5EA4D8DE6EA558DE7EA598DAD
:105F4000E8EAC789E9EACA89EAEACB89EBEACC89B7
:105F5000ECEACE89EDEACF89EEEAD089EFEAD18981
:105F6000F0EA6E72F1EA9F72F2EA5D72F3EA66722B
:105F7000F4EA6F72F5EA7E72F6EA7F72F7EA8472EB
:105F8000F8EA8B72F9EA8D72FAEA8F72FBEA927282
:105F9000FCEA0863FDEA3263FEEAB06340EB8C96EC
:105FA00041EB8E9642EB919643EB929644EB93969F
:105FB00045EB959646EB969647EB9A9648EB9B9663
:105FC00049EB9D964AEB9E964BEB9F964CEBA09629
:105FD0004DEBA1964EEBA2964FEBA39650EBA496F9
:105FE00051EBA59652EBA69653EBA89654EBA996C7
:105FF00055EBAA9656EBAB9657EBAC9658EBAD9695
:1060000059EBAE965AEBAF965BEBB1965CEBB29662
:106010005DEBB4965EEBB5965FEBB79660EBB8962A
:1060200061EBBA9662EBBB9663EBBF9664EBC296EC
:1060300065EBC39666EBC89667EBCA9668EBCB96A2
:1060400069EBD0966AEBD1966BEBD3966CEBD4965A
:106050006DEBD6966EEBD7966FEBD89670EBD99624
:1060600071EBDA9672EBDB9673EBDC9674EBDD96F4
:1060700075EBDE9676EBDF9677EBE19678EBE296C2
:1060800079EBE3967AEBE4967BEBE5967CEBE69690
:106090007DEBE7967EEBEB9680EBEC9681EBED9655
:1060A00082EBEE9683EBF09684EBF19685EBF2961D
:1060B00086EBF49687EBF59688EBF89689EBFA96E3
:1060C0008AEBFB968BEBFC968CEBFD968DEBFF96AB
:1060D0008EEB02978FEB039790EB059791EB0A9766
:1060E00092EB0B9793EB0C9794EB109795EB119722
:1060F00096EB129797EB149798EB159799EB1797E8
:106100009AEB18979BEB19979CEB1A979DEB1B97B3
:106110009EEB1D979FEB1F97A0EB2097A1EB3F6491
:10612000A2EBD864A3EB0480A4EBEA6BA5EBF36BC2
:10613000A6EBFD6BA7EBF56BA8EBF96BA9EB056C78
:10614000AAEB076CABEB066CACEB0D6CADEB156C16
:10615000AEEB186CAFEB196CB0EB1A6CB1EB216CB9
:10616000B2EB296CB3EB246CB4EB2A6CB5EB326C5C
:10617000B6EB3565B7EB5565B8EB6B65B9EB4D72B2
:10618000BAEB5272BBEB5672BCEB3072BDEB62865F
:10619000BEEB1652BFEB9F80C0EB9C80C1EB93809F
:1061A000C2EBBC80C3EB0A67C4EBBD80C5EBB1801A
:1061B000C6EBAB80C7EBAD80C8EBB480C9EBB78052
:1061C000CAEBE780CBEBE880CCEBE980CDEBEA8053
:1061D000CEEBDB80CFEBC280D0EBC480D1EBD9809B
:1061E000D2EBCD80D3EBD780D4EB1067D5EBDD803D
:1061F000D6EBEB80D7EBF180D8EBF480D9EBED80D8
:10620000DAEB0D81DBEB0E81DCEBF280DDEBFC8069
:10621000DEEB1567DFEB1281E0EB5A8CE1EB3681A8
:10622000E2EB1E81E3EB2C81E4EB1881E5EB32819C
:10623000E6EB4881E7EB4C81E8EB5381E9EB7481B5
:10624000EAEB5981EBEB5A81ECEB7181EDEB60816C
:10625000EEEB6981EFEB7C81F0EB7D81F1EB6D8101
:10626000F2EB6781F3EB4D58F4EBB55AF5EB88810F
:10627000F6EB8281F7EB9181F8EBD56EF9EBA38118
:10628000FAEBAA81FBEBCC81FCEB2667FDEBCA8124
:10629000FEEBBB8140EC219741EC229742EC239727
:1062A00043EC249744EC259745EC269746EC27973A
:1062B00047EC289748EC299749EC2B974AEC2C9708
:1062C0004BEC2E974CEC2F974DEC31974EEC3397CF
:1062D0004FEC349750EC359751EC369752EC37979A
:1062E00053EC3A9754EC3B9755EC3C9756EC3D9762
:1062F00057EC3F9758EC409759EC41975AEC42972E
:106300005BEC43975CEC44975DEC45975EEC4697FD
:106310005FEC479760EC489761EC499762EC4A97CD
:1063200063EC4B9764EC4C9765EC4D9766EC4E979D
:1063300067EC4F9768EC509769EC51976AEC54976B
:106340006BEC55976CEC57976DEC58976EEC5A9731
:106350006FEC5C9770EC5D9771EC5F9772EC6397F4
:1063600073EC649774EC669775EC679776EC6897B6
:1063700077EC6A9778EC6B9779EC6C977AEC6D9781
:106380007BEC6E977CEC6F977DEC70977EEC719751
:1063900080EC729781EC759782EC779783EC789715
:1063A00084EC799785EC7A9786EC7B9787EC7D97E0
:1063B00088EC7E9789EC7F978AEC80978BEC8197AD
:1063C0008CEC82978DEC83978EEC84978FEC86977C
:1063D00090EC879791EC889792EC899793EC8A9749
:1063E00094EC8C9795EC8E9796EC8F9797EC909712
:1063F00098EC939799EC95979AEC96979BEC9797D6
:106400009CEC99979DEC9A979EEC9B979FEC9C97A0
:10641000A0EC9D97A1ECC181A2ECA681A3EC246B1A
:10642000A4EC376BA5EC396BA6EC436BA7EC466B81
:10643000A8EC596BA9ECD198AAECD298ABECD39804
:10644000ACECD598ADECD998AEECDA98AFECB36B78
:10645000B0EC405FB1ECC26BB2ECF389B3EC906589
:10646000B4EC519FB5EC9365B6ECBC65B7ECC66572
:10647000B8ECC465B9ECC365BAECCC65BBECCE65D1
:10648000BCECD265BDECD665BEEC8070BFEC9C70F8
:10649000C0EC9670C1EC9D70C2ECBB70C3ECC070D8
:1064A000C4ECB770C5ECAB70C6ECB170C7ECE8706B
:1064B000C8ECCA70C9EC1071CAEC1371CBEC167140
:1064C000CCEC2F71CDEC3171CEEC7371CFEC5C71F3
:1064D000D0EC6871D1EC4571D2EC7271D3EC4A7199
:1064E000D4EC7871D5EC7A71D6EC9871D7ECB371A5
:1064F000D8ECB571D9ECA871DAECA071DBECE071E5
:10650000DCECD471DDECE771DEECF971DFEC1D72CF
:10651000E0EC2872E1EC6C70E2EC1871E3EC66716F
:10652000E4ECB971E5EC3E62E6EC3D62E7EC436217
:10653000E8EC4862E9EC4962EAEC3B79EBEC407943
:10654000ECEC4679EDEC4979EEEC5B79EFEC5C79BB
:10655000F0EC5379F1EC5A79F2EC6279F3EC57797B
:10656000F4EC6079F5EC6F79F6EC6779F7EC7A7911
:10657000F8EC8579F9EC8A79FAEC9A79FBECA77951
:10658000FCECB379FDECD15FFEECD05F40ED9E9763
:1065900041ED9F9742EDA19743EDA29744EDA4975B
:1065A00045EDA59746EDA69747EDA79748EDA89727
:1065B00049EDA9974AEDAA974BEDAC974CEDAE97F4
:1065C0004DEDB0974EEDB1974FEDB39750EDB597B8
:1065D00051EDB69752EDB79753EDB89754EDB99783
:1065E00055EDBA9756EDBB9757EDBC9758EDBD9753
:1065F00059EDBE975AEDBF975BEDC0975CEDC19723
:106600005DEDC2975EEDC3975FEDC49760EDC597F2
:1066100061EDC69762EDC79763EDC89764EDC997C2
:1066200065EDCA9766EDCB9767EDCC9768EDCD9792
:1066300069EDCE976AEDCF976BEDD0976CEDD19762
:106640006DEDD2976EEDD3976FEDD49770EDD59732
:1066500071EDD69772EDD79773EDD89774EDD99702
:1066600075EDDA9776EDDB9777EDDC9778EDDD97D2
:1066700079EDDE977AEDDF977BEDE0977CEDE197A2
:106680007DEDE2977EEDE39780EDE49781EDE59770
:1066900082EDE89783EDEE9784EDEF9785EDF09727
:1066A00086EDF19787EDF29788EDF49789EDF797EE
:1066B0008AEDF8978BEDF9978CEDFA978DEDFB97B6
:1066C0008EEDFC978FEDFD9790EDFE9791EDFF9786
:1066D00092ED009893ED019894ED029895ED039852
:1066E00096ED049897ED059898ED069899ED079822
:1066F0009AED08989BED09989CED0A989DED0B98F2
:106700009EED0C989FED0D98A0ED0E98A1ED3C60CC
:10671000A2ED5D60A3ED5A60A4ED6760A5ED416058
:10672000A6ED5960A7ED6360A8EDAB60A9ED066129
:10673000AAED0D61ABED5D61ACEDA961ADED9D61C3
:10674000AEEDCB61AFEDD161B0ED0662B1ED808011
:10675000B2ED7F80B3ED936CB4EDF66CB5EDFC6DEE
:10676000B6EDF677B7EDF877B8ED0078B9ED0978C2
:10677000BAED1778BBED1878BCED1178BDEDAB65BF
:10678000BEED2D78BFED1C78C0ED1D78C1ED3978D8
:10679000C2ED3A78C3ED3B78C4ED1F78C5ED3C7887
:1067A000C6ED2578C7ED2C78C8ED2378C9ED29789A
:1067B000CAED4E78CBED6D78CCED5678CDED5778AF
:1067C000CEED2678CFED5078D0ED4778D1ED4C78EE
:1067D000D2ED6A78D3ED9B78D4ED9378D5ED9A78A5
:1067E000D6ED8778D7ED9C78D8EDA178D9EDA37850
:1067F000DAEDB278DBEDB978DCEDA578DDEDD478B3
:10680000DEEDD978DFEDC978E0EDEC78E1EDF278F6
:10681000E2ED0579E3EDF478E4ED1379E5ED247923
:10682000E6ED1E79E7ED3479E8ED9B9FE9EDF99E01
:10683000EAEDFB9EEBEDFC9EECEDF176EDED0477E1
:10684000EEED0D77EFEDF976F0ED0777F1ED0877E6
:10685000F2ED1A77F3ED2277F4ED1977F5ED2D7758
:10686000F6ED2677F7ED3577F8ED3877F9ED5077D7
:10687000FAED5177FBED4777FCED4377FDED5A7765
:10688000FEED687740EE0F9841EE109842EE1198B9
:1068900043EE129844EE139845EE149846EE159880
:1068A00047EE169848EE179849EE18984AEE199850
:1068B0004BEE1A984CEE1B984DEE1C984EEE1D9820
:1068C0004FEE1E9850EE1F9851EE209852EE2198F0
:1068D00053EE229854EE239855EE249856EE2598C0
:1068E00057EE269858EE279859EE28985AEE299890
:1068F0005BEE2A985CEE2B985DEE2C985EEE2D9860
:106900005FEE2E9860EE2F9861EE309862EE31982F
:1069100063EE329864EE339865EE349866EE3598FF
:1069200067EE369868EE379869EE38986AEE3998CF
:106930006BEE3A986CEE3B986DEE3C986EEE3D989F
:106940006FEE3E9870EE3F9871EE409872EE41986F
:1069500073EE429874EE439875EE449876EE45983F
:1069600077EE469878EE479879EE48987AEE49980F
:106970007BEE4A987CEE4B987DEE4C987EEE4D98DF
:1069800080EE4E9881EE4F9882EE509883EE5198AB
:1069900084EE529885EE539886EE549887EE55987B
:1069A00088EE569889EE57988AEE58988BEE59984B
:1069B0008CEE5A988DEE5B988EEE5C988FEE5D981B
:1069C00090EE5E9891EE5F9892EE609893EE6198EB
:1069D00094EE629895EE639896EE649897EE6598BB
:1069E00098EE669899EE67989AEE68989BEE69988B
:1069F0009CEE6A989DEE6B989EEE6C989FEE6D985B
:106A0000A0EE6E98A1EE6277A2EE6577A3EE7F7797
:106A1000A4EE8D77A5EE7D77A6EE8077A7EE8C7736
:106A2000A8EE9177A9EE9F77AAEEA077ABEEB077AC
:106A3000ACEEB577ADEEBD77AEEE3A75AFEE407524
:106A4000B0EE4E75B1EE4B75B2EE4875B3EE5B75B8
:106A5000B4EE7275B5EE7975B6EE8375B7EE587F04
:106A6000B8EE617FB9EE5F7FBAEE488ABBEE687F11
:106A7000BCEE747FBDEE717FBEEE797FBFEE817F8D
:106A8000C0EE7E7FC1EECD76C2EEE576C3EE3288F3
:106A9000C4EE8594C5EE8694C6EE8794C7EE8B94BB
:106AA000C8EE8A94C9EE8C94CAEE8D94CBEE8F9486
:106AB000CCEE9094CDEE9494CEEE9794CFEE959448
:106AC000D0EE9A94D1EE9B94D2EE9C94D3EEA39404
:106AD000D4EEA494D5EEAB94D6EEAA94D7EEAD94B2
:106AE000D8EEAC94D9EEAF94DAEEB094DBEEB2947B
:106AF000DCEEB494DDEEB694DEEEB794DFEEB8943F
:106B0000E0EEB994E1EEBA94E2EEBC94E3EEBD940B
:106B1000E4EEBF94E5EEC494E6EEC894E7EEC994C3
:106B2000E8EECA94E9EECB94EAEECC94EBEECD9489
:106B3000ECEECE94EDEED094EEEED194EFEED29456
:106B4000F0EED594F1EED694F2EED794F3EED9941C
:106B5000F4EED894F5EEDB94F6EEDE94F7EEDF94E7
:106B6000F8EEE094F9EEE294FAEEE494FBEEE594AC
:106B7000FCEEE794FDEEE894FEEEEA9440EF6F98A9
:106B800041EF709842EF719843EF729844EF739819
:106B900045EF749846EF8B9847EF8E9848EF9298A0
:106BA00049EF95984AEF99984BEFA3984CEFA89826
:106BB0004DEFA9984EEFAA984FEFAB9850EFAC98D5
:106BC00051EFAD9852EFAE9853EFAF9854EFB098A5
:106BD00055EFB19856EFB29857EFB39858EFB49875
:106BE00059EFB5985AEFB6985BEFB7985CEFB89845
:106BF0005DEFB9985EEFBA985FEFBB9860EFBC9815
:106C000061EFBD9862EFBE9863EFBF9864EFC098E4
:106C100065EFC19866EFC29867EFC39868EFC498B4
:106C200069EFC5986AEFC6986BEFC7986CEFC89884
:106C30006DEFC9986EEFCA986FEFCB9870EFCC9854
:106C400071EFCD9872EFCF9873EFD09874EFD4981E
:106C500075EFD69876EFD79877EFDB9878EFDC98DA
:106C600079EFDD987AEFE0987BEFE1987CEFE2989E
:106C70007DEFE3987EEFE49880EFE59881EFE6986A
:106C800082EFE99883EFEA9884EFEB9885EFEC9830
:106C900086EFED9887EFEE9888EFEF9889EFF09800
:106CA0008AEFF1988BEFF2988CEFF3988DEFF498D0
:106CB0008EEFF5988FEFF69890EFF79891EFF898A0
:106CC00092EFF99893EFFA9894EFFB9895EFFC9870
:106CD00096EFFD9897EFFE9898EFFF9899EF00993F
:106CE0009AEF01999BEF02999CEF03999DEF04990C
:106CF0009EEF05999FEF0699A0EF0799A1EFE99400
:106D0000A2EFEB94A3EFEE94A4EFEF94A5EFF3942E
:106D1000A6EFF494A7EFF594A8EFF794A9EFF994F0
:106D2000AAEFFC94ABEFFD94ACEFFF94ADEF0395AD
:106D3000AEEF0295AFEF0695B0EF0795B1EF09956D
:106D4000B2EF0A95B3EF0D95B4EF0E95B5EF0F9531
:106D5000B6EF1295B7EF1395B8EF1495B9EF1595F7
:106D6000BAEF1695BBEF1895BCEF1B95BDEF1D95BF
:106D7000BEEF1E95BFEF1F95C0EF2295C1EF2A957C
:106D8000C2EF2B95C3EF2995C4EF2C95C5EF319534
:106D9000C6EF3295C7EF3495C8EF3695C9EF3795F2
:106DA000CAEF3895CBEF3C95CCEF3E95CDEF3F95B4
:106DB000CEEF4295CFEF3595D0EF4495D1EF459585
:106DC000D2EF4695D3EF4995D4EF4C95D5EF4E953C
:106DD000D6EF4F95D7EF5295D8EF5395D9EF5495FD
:106DE000DAEF5695DBEF5795DCEF5895DDEF5995C7
:106DF000DEEF5B95DFEF5E95E0EF5F95E1EF5D9590
:106E0000E2EF6195E3EF6295E4EF6495E5EF659558
:106E1000E6EF6695E7EF6795E8EF6895E9EF699526
:106E2000EAEF6A95EBEF6B95ECEF6C95EDEF6F95F4
:106E3000EEEF7195EFEF7295F0EF7395F1EF3A95F4
:106E4000F2EFE777F3EFEC77F4EFC996F5EFD5794A
:106E5000F6EFED79F7EFE379F8EFEB79F9EF067AF2
:106E6000FAEF475DFBEF037AFCEF027AFDEF1E7A43
:106E7000FEEF147A40F0089941F0099942F00A991E
:106E800043F00B9944F00C9945F00E9946F00F9998
:106E900047F0119948F0129949F013994AF0149962
:106EA0004BF015994CF016994DF017994EF0189932
:106EB0004FF0199950F01A9951F01B9952F01C9902
:106EC00053F01D9954F01E9955F01F9956F02099D2
:106ED00057F0219958F0229959F023995AF02499A2
:106EE0005BF025995CF026995DF027995EF0289972
:106EF0005FF0299960F02A9961F02B9962F02C9942
:106F000063F02D9964F02F9965F0309966F031990E
:106F100067F0329968F0339969F034996AF03599DD
:106F20006BF036996CF037996DF038996EF03999AD
:106F30006FF03A9970F03B9971F03C9972F03D997D
:106F400073F03E9974F03F9975F0409976F041994D
:106F500077F0429978F0439979F044997AF045991D
:106F60007BF046997CF047997DF048997EF04999ED
:106F700080F04A9981F04B9982F04C9983F04D99B9
:106F800084F04E9985F04F9986F0509987F0519989
:106F900088F0529989F053998AF056998BF0579955
:106FA0008CF058998DF059998EF05A998FF05B9921
:106FB00090F05C9991F05D9992F05E9993F05F99F1
:106FC00094F0609995F0619996F0629997F06499C0
:106FD00098F0669999F073999AF078999BF079995D
:106FE0009CF07B999DF07E999EF082999FF0839909
:106FF000A0F08999A1F0397AA2F0377AA3F0517AFA
:10700000A4F0CF9EA5F0A599A6F0707AA7F0887697
:10701000A8F08E76A9F09376AAF09976ABF0A476D4
:10702000ACF0DE74ADF0E074AEF02C75AFF0209EE5
:10703000B0F0229EB1F0289EB2F0299EB3F02A9EB5
:10704000B4F02B9EB5F02C9EB6F0329EB7F0319E78
:10705000B8F0369EB9F0389EBAF0379EBBF0399E34
:10706000BCF03A9EBDF03E9EBEF0419EBFF0429EF7
:10707000C0F0449EC1F0469EC2F0479EC3F0489EB9
:10708000C4F0499EC5F04B9EC6F04C9EC7F04E9E84
:10709000C8F0519EC9F0559ECAF0579ECBF05A9E3B
:1070A000CCF05B9ECDF05C9ECEF05E9ECFF0639EFA
:1070B000D0F0669ED1F0679ED2F0689ED3F0699EB4
:1070C000D4F06A9ED5F06B9ED6F06C9ED7F0719E80
:1070D000D8F06D9ED9F0739EDAF09275DBF094755E
:1070E000DCF09675DDF0A075DEF09D75DFF0AC7517
:1070F000E0F0A375E1F0B375E2F0B475E3F0B875B4
:10710000E4F0C475E5F0B175E6F0B075E7F0C3756D
:10711000E8F0C275E9F0D675EAF0CD75EBF0E375ED
:10712000ECF0E875EDF0E675EEF0E475EFF0EB7578
:10713000F0F0E775F1F00376F2F0F175F3F0FC751D
:10714000F4F0FF75F5F01076F6F00076F7F00576BE
:10715000F8F00C76F9F01776FAF00A76FBF025765F
:10716000FCF01876FDF01576FEF0197640F18C995A
:1071700041F18E9942F19A9943F19B9944F19C997E
:1071800045F19D9946F19E9947F19F9948F1A09943
:1071900049F1A1994AF1A2994BF1A3994CF1A49913
:1071A0004DF1A6994EF1A7994FF1A99950F1AA99DD
:1071B00051F1AB9952F1AC9953F1AD9954F1AE99AB
:1071C00055F1AF9956F1B09957F1B19958F1B2997B
:1071D00059F1B3995AF1B4995BF1B5995CF1B6994B
:1071E0005DF1B7995EF1B8995FF1B99960F1BA991B
:1071F00061F1BB9962F1BC9963F1BD9964F1BE99EB
:1072000065F1BF9966F1C09967F1C19968F1C299BA
:1072100069F1C3996AF1C4996BF1C5996CF1C6998A
:107220006DF1C7996EF1C8996FF1C99970F1CA995A
:1072300071F1CB9972F1CC9973F1CD9974F1CE992A
:1072400075F1CF9976F1D09977F1D19978F1D299FA
:1072500079F1D3997AF1D4997BF1D5997CF1D699CA
:107260007DF1D7997EF1D89980F1D99981F1DA9998
:1072700082F1DB9983F1DC9984F1DD9985F1DE9966
:1072800086F1DF9987F1E09988F1E19989F1E29936
:107290008AF1E3998BF1E4998CF1E5998DF1E69906
:1072A0008EF1E7998FF1E89990F1E99991F1EA99D6
:1072B00092F1EB9993F1EC9994F1ED9995F1EE99A6
:1072C00096F1EF9997F1F09998F1F19999F1F29976
:1072D0009AF1F3999BF1F4999CF1F5999DF1F69946
:1072E0009EF1F7999FF1F899A0F1F999A1F11B7618
:1072F000A2F13C76A3F12276A4F12076A5F14076A6
:10730000A6F12D76A7F13076A8F13F76A9F1357672
:10731000AAF14376ABF13E76ACF13376ADF14D7622
:10732000AEF15E76AFF15476B0F15C76B1F156769F
:10733000B2F16B76B3F16F76B4F1CA7FB5F1E67A4C
:10734000B6F1787AB7F1797AB8F1807AB9F1867ABC
:10735000BAF1887ABBF1957ABCF1A67ABDF1A07A30
:10736000BEF1AC7ABFF1A87AC0F1AD7AC1F1B37ABF
:10737000C2F16488C3F16988C4F17288C5F17D885F
:10738000C6F17F88C7F18288C8F1A288C9F1C68892
:10739000CAF1B788CBF1BC88CCF1C988CDF1E288BD
:1073A000CEF1CE88CFF1E388D0F1E588D1F1F18834
:1073B000D2F11A89D3F1FC88D4F1E888D5F1FE889E
:1073C000D6F1F088D7F12189D8F11989D9F113893B
:1073D000DAF11B89DBF10A89DCF13489DDF12B89D3
:1073E000DEF13689DFF14189E0F16689E1F17B89DF
:1073F000E2F18B75E3F1E580E4F1B276E5F1B47684
:10740000E6F1DC77E7F11280E8F11480E9F116800B
:10741000EAF11C80EBF12080ECF12280EDF1258077
:10742000EEF12680EFF12780F0F12980F1F128803C
:10743000F2F13180F3F10B80F4F13580F5F1438006
:10744000F6F14680F7F14D80F8F15280F9F169804C
:10745000FAF17180FBF18389FCF17898FDF1809855
:10746000FEF1839840F2FA9941F2FB9942F2FC99BD
:1074700043F2FD9944F2FE9945F2FF9946F2009AD3
:1074800047F2019A48F2029A49F2039A4AF2049AA0
:107490004BF2059A4CF2069A4DF2079A4EF2089A70
:1074A0004FF2099A50F20A9A51F20B9A52F20C9A40
:1074B00053F20D9A54F20E9A55F20F9A56F2109A10
:1074C00057F2119A58F2129A59F2139A5AF2149AE0
:1074D0005BF2159A5CF2169A5DF2179A5EF2189AB0
:1074E0005FF2199A60F21A9A61F21B9A62F21C9A80
:1074F00063F21D9A64F21E9A65F21F9A66F2209A50
:1075000067F2219A68F2229A69F2239A6AF2249A1F
:107510006BF2259A6CF2269A6DF2279A6EF2289AEF
:107520006FF2299A70F22A9A71F22B9A72F22C9ABF
:1075300073F22D9A74F22E9A75F22F9A76F2309A8F
:1075400077F2319A78F2329A79F2339A7AF2349A5F
:107550007BF2359A7CF2369A7DF2379A7EF2389A2F
:1075600080F2399A81F23A9A82F23B9A83F23C9AFB
:1075700084F23D9A85F23E9A86F23F9A87F2409ACB
:1075800088F2419A89F2429A8AF2439A8BF2449A9B
:107590008CF2459A8DF2469A8EF2479A8FF2489A6B
:1075A00090F2499A91F24A9A92F24B9A93F24C9A3B
:1075B00094F24D9A95F24E9A96F24F9A97F2509A0B
:1075C00098F2519A99F2529A9AF2539A9BF2549ADB
:1075D0009CF2559A9DF2569A9EF2579A9FF2589AAB
:1075E000A0F2599AA1F28998A2F28C98A3F28D98F0
:1075F000A4F28F98A5F29498A6F29A98A7F29B9875
:10760000A8F29E98A9F29F98AAF2A198ABF2A2982C
:10761000ACF2A598ADF2A698AEF24D86AFF25486C4
:10762000B0F26C86B1F26E86B2F27F86B3F27A86E1
:10763000B4F27C86B5F27B86B6F2A886B7F28D8668
:10764000B8F28B86B9F2AC86BAF29D86BBF2A786F9
:10765000BCF2A386BDF2AA86BEF29386BFF2A986CB
:10766000C0F2B686C1F2C486C2F2B586C3F2CE8637
:10767000C4F2B086C5F2BA86C6F2B186C7F2AF864A
:10768000C8F2C986C9F2CF86CAF2B486CBF2E986BF
:10769000CCF2F186CDF2F286CEF2ED86CFF2F38611
:1076A000D0F2D086D1F21387D2F2DE86D3F2F486FE
:1076B000D4F2DF86D5F2D886D6F2D186D7F2038708
:1076C000D8F20787D9F2F886DAF20887DBF20A8760
:1076D000DCF20D87DDF20987DEF22387DFF23B87DC
:1076E000E0F21E87E1F22587E2F22E87E3F21A87A5
:1076F000E4F23E87E5F24887E6F23487E7F2318725
:10770000E8F22987E9F23787EAF23F87EBF28287CE
:10771000ECF22287EDF27D87EEF27E87EFF27B8737
:10772000F0F26087F1F27087F2F24C87F3F26E8725
:10773000F4F28B87F5F25387F6F26387F7F27C87D2
:10774000F8F26487F9F25987FAF26587FBF29387BA
:10775000FCF2AF87FDF2A887FEF2D28740F35A9A77
:1077600041F35B9A42F35C9A43F35D9A44F35E9A69
:1077700045F35F9A46F3609A47F3619A48F3629A39
:1077800049F3639A4AF3649A4BF3659A4CF3669A09
:107790004DF3679A4EF3689A4FF3699A50F36A9AD9
:1077A00051F36B9A52F3729A53F3839A54F3899A72
:1077B00055F38D9A56F38E9A57F3949A58F3959AF7
:1077C00059F3999A5AF3A69A5BF3A99A5CF3AA9A89
:1077D0005DF3AB9A5EF3AC9A5FF3AD9A60F3AE9A49
:1077E00061F3AF9A62F3B29A63F3B39A64F3B49A13
:1077F00065F3B59A66F3B99A67F3BB9A68F3BD9AD5
:1078000069F3BE9A6AF3BF9A6BF3C39A6CF3C49A96
:107810006DF3C69A6EF3C79A6FF3C89A70F3C99A5C
:1078200071F3CA9A72F3CD9A73F3CE9A74F3CF9A26
:1078300075F3D09A76F3D29A77F3D49A78F3D59AEF
:1078400079F3D69A7AF3D79A7BF3D99A7CF3DA9ABA
:107850007DF3DB9A7EF3DC9A80F3DD9A81F3DE9A86
:1078600082F3E09A83F3E29A84F3E39A85F3E49A4D
:1078700086F3E59A87F3E79A88F3E89A89F3E99A19
:107880008AF3EA9A8BF3EC9A8CF3EE9A8DF3F09AE2
:107890008EF3F19A8FF3F29A90F3F39A91F3F49AAC
:1078A00092F3F59A93F3F69A94F3F79A95F3F89A7C
:1078B00096F3FA9A97F3FC9A98F3FD9A99F3FE9A45
:1078C0009AF3FF9A9BF3009B9CF3019B9DF3029B11
:1078D0009EF3049B9FF3059BA0F3069BA1F3C68731
:1078E000A2F38887A3F38587A4F3AD87A5F39787D1
:1078F000A6F38387A7F3AB87A8F3E587A9F3AC8743
:10790000AAF3B587ABF3B387ACF3CB87ADF3D387DB
:10791000AEF3BD87AFF3D187B0F3C087B1F3CA87A9
:10792000B2F3DB87B3F3EA87B4F3E087B5F3EE870E
:10793000B6F31688B7F31388B8F3FE87B9F30A884D
:10794000BAF31B88BBF32188BCF33988BDF33C88AC
:10795000BEF3367FBFF3427FC0F3447FC1F3457F60
:10796000C2F31082C3F3FA7AC4F3FD7AC5F3087B3D
:10797000C6F3037BC7F3047BC8F3157BC9F30A7B0B
:10798000CAF32B7BCBF30F7BCCF3477BCDF3387B58
:10799000CEF32A7BCFF3197BD0F32E7BD1F3317B4F
:1079A000D2F3207BD3F3257BD4F3247BD5F3337B35
:1079B000D6F33E7BD7F31E7BD8F3587BD9F35A7BA3
:1079C000DAF3457BDBF3757BDCF34C7BDDF35D7B2E
:1079D000DEF3607BDFF36E7BE0F37B7BE1F3627BC6
:1079E000E2F3727BE3F3717BE4F3907BE5F3A67B38
:1079F000E6F3A77BE7F3B87BE8F3AC7BE9F39D7B89
:107A0000EAF3A87BEBF3857BECF3AA7BEDF39C7B9D
:107A1000EEF3A27BEFF3AB7BF0F3B47BF1F3D17B1E
:107A2000F2F3C17BF3F3CC7BF4F3DD7BF5F3DA7B8C
:107A3000F6F3E57BF7F3E67BF8F3EA7BF9F30C7CEE
:107A4000FAF3FE7BFBF3FC7BFCF30F7CFDF3167C6F
:107A5000FEF30B7C40F4079B41F4099B42F40A9B24
:107A600043F40B9B44F40C9B45F40D9B46F40E9B96
:107A700047F4109B48F4119B49F4129B4AF4149B61
:107A80004BF4159B4CF4169B4DF4179B4EF4189B2E
:107A90004FF4199B50F41A9B51F41B9B52F41C9BFE
:107AA00053F41D9B54F41E9B55F4209B56F4219BCC
:107AB00057F4229B58F4249B59F4259B5AF4269B97
:107AC0005BF4279B5CF4289B5DF4299B5EF42A9B66
:107AD0005FF42B9B60F42C9B61F42D9B62F42E9B36
:107AE00063F4309B64F4319B65F4339B66F4349B00
:107AF00067F4359B68F4369B69F4379B6AF4389BCE
:107B00006BF4399B6CF43A9B6DF43D9B6EF43E9B99
:107B10006FF43F9B70F4409B71F4469B72F44A9B58
:107B200073F44B9B74F44C9B75F44E9B76F4509B12
:107B300077F4529B78F4539B79F4559B7AF4569BD7
:107B40007BF4579B7CF4589B7DF4599B7EF45A9BA5
:107B500080F45B9B81F45C9B82F45D9B83F45E9B71
:107B600084F45F9B85F4609B86F4619B87F4629B41
:107B700088F4639B89F4649B8AF4659B8BF4669B11
:107B80008CF4679B8DF4689B8EF4699B8FF46A9BE1
:107B900090F46B9B91F46C9B92F46D9B93F46E9BB1
:107BA00094F46F9B95F4709B96F4719B97F4729B81
:107BB00098F4739B99F4749B9AF4759B9BF4769B51
:107BC0009CF4779B9DF4789B9EF4799B9FF47A9B21
:107BD000A0F47B9BA1F41F7CA2F42A7CA3F4267C56
:107BE000A4F4387CA5F4417CA6F4407CA7F4FE8183
:107BF000A8F40182A9F40282AAF40482ABF4EC8115
:107C0000ACF44488ADF42182AEF42282AFF4238236
:107C1000B0F42D82B1F42F82B2F42882B3F42B8217
:107C2000B4F43882B5F43B82B6F43382B7F43482CC
:107C3000B8F43E82B9F44482BAF44982BBF44B8270
:107C4000BCF44F82BDF45A82BEF45F82BFF46882F6
:107C5000C0F47E88C1F48588C2F48888C3F4D888CB
:107C6000C4F4DF88C5F45E89C6F49D7FC7F49F7FA6
:107C7000C8F4A77FC9F4AF7FCAF4B07FCBF4B27F5A
:107C8000CCF47C7CCDF44965CEF4917CCFF49D7C22
:107C9000D0F49C7CD1F49E7CD2F4A27CD3F4B27C50
:107CA000D4F4BC7CD5F4BD7CD6F4C17CD7F4C77CBD
:107CB000D8F4CC7CD9F4CD7CDAF4C87CDBF4C57C78
:107CC000DCF4D77CDDF4E87CDEF46E82DFF4A866B9
:107CD000E0F4BF7FE1F4CE7FE2F4D57FE3F4E57F0B
:107CE000E4F4E17FE5F4E67FE6F4E97FE7F4EE7F94
:107CF000E8F4F37FE9F4F87CEAF4777DEBF4A67D11
:107D0000ECF4AE7DEDF4477EEEF49B7EEFF4B89E8E
:107D1000F0F4B49EF1F4738DF2F4848DF3F4948D49
:107D2000F4F4918DF5F4B18DF6F4678DF7F46D8D63
:107D3000F8F4478CF9F4498CFAF44A91FBF4509129
:107D4000FCF44E91FDF44F91FEF4649140F57C9B60
:107D500041F57D9B42F57E9B43F57F9B44F5809BDF
:107D600045F5819B46F5829B47F5839B48F5849BAF
:107D700049F5859B4AF5869B4BF5879B4CF5889B7F
:107D80004DF5899B4EF58A9B4FF58B9B50F58C9B4F
:107D900051F58D9B52F58E9B53F58F9B54F5909B1F
:107DA00055F5919B56F5929B57F5939B58F5949BEF
:107DB00059F5959B5AF5969B5BF5979B5CF5989BBF
:107DC0005DF5999B5EF59A9B5FF59B9B60F59C9B8F
:107DD00061F59D9B62F59E9B63F59F9B64F5A09B5F
:107DE00065F5A19B66F5A29B67F5A39B68F5A49B2F
:107DF00069F5A59B6AF5A69B6BF5A79B6CF5A89BFF
:107E00006DF5A99B6EF5AA9B6FF5AB9B70F5AC9BCE
:107E100071F5AD9B72F5AE9B73F5AF9B74F5B09B9E
:107E200075F5B19B76F5B29B77F5B39B78F5B49B6E
:107E300079F5B59B7AF5B69B7BF5B79B7CF5B89B3E
:107E40007DF5B99B7EF5BA9B80F5BB9B81F5BC9B0C
:107E500082F5BD9B83F5BE9B84F5BF9B85F5C09BDA
:107E600086F5C19B87F5C29B88F5C39B89F5C49BAA
:107E70008AF5C59B8BF5C69B8CF5C79B8DF5C89B7A
:107E80008EF5C99B8FF5CA9B90F5CB9B91F5CC9B4A
:107E900092F5CD9B93F5CE9B94F5CF9B95F5D09B1A
:107EA00096F5D19B97F5D29B98F5D39B99F5D49BEA
:107EB0009AF5D59B9BF5D69B9CF5D79B9DF5D89BBA
:107EC0009EF5D99B9FF5DA9BA0F5DB9BA1F562910E
:107ED000A2F56191A3F57091A4F56991A5F56F9153
:107EE000A6F57D91A7F57E91A8F57291A9F57491FB
:107EF000AAF57991ABF58C91ACF58591ADF59091A2
:107F0000AEF58D91AFF59191B0F5A291B1F5A39138
:107F1000B2F5AA91B3F5AD91B4F5AE91B5F5AF91C7
:107F2000B6F5B591B7F5B491B8F5BA91B9F5558CE8
:107F3000BAF57E9EBBF5B88DBCF5EB8DBDF5058E13
:107F4000BEF5598EBFF5698EC0F5B58DC1F5BF8DF3
:107F5000C2F5BC8DC3F5BA8DC4F5C48DC5F5D68DFB
:107F6000C6F5D78DC7F5DA8DC8F5DE8DC9F5CE8D8E
:107F7000CAF5CF8DCBF5DB8DCCF5C68DCDF5EC8D6F
:107F8000CEF5F78DCFF5F88DD0F5E38DD1F5F98DE0
:107F9000D2F5FB8DD3F5E48DD4F5098ED5F5FD8DA5
:107FA000D6F5148ED7F51D8ED8F51F8ED9F52C8EEB
:107FB000DAF52E8EDBF5238EDCF52F8EDDF53A8E8D
:107FC000DEF5408EDFF5398EE0F5358EE1F53D8E3C
:107FD000E2F5318EE3F5498EE4F5418EE5F5428E0A
:107FE000E6F5518EE7F5528EE8F54A8EE9F5708E8A
:107FF000EAF5768EEBF57C8EECF56F8EEDF5748EF2
:10800000EEF5858EEFF58F8EF0F5948EF1F5908E6E
:10801000F2F59C8EF3F59E8EF4F5788CF5F5828C56
:10802000F6F58A8CF7F5858CF8F5988CF9F5948C33
:10803000FAF59B65FBF5D689FCF5DE89FDF5DA8955
:10804000FEF5DC8940F6DC9B41F6DD9B42F6DE9BCB
:1080500043F6DF9B44F6E09B45F6E19B46F6E29B48
:1080600047F6E39B48F6E49B49F6E59B4AF6E69B18
:108070004BF6E79B4CF6E89B4DF6E99B4EF6EA9BE8
:108080004FF6EB9B50F6EC9B51F6ED9B52F6EE9BB8
:1080900053F6EF9B54F6F09B55F6F19B56F6F29B88
:1080A00057F6F39B58F6F49B59F6F59B5AF6F69B58
:1080B0005BF6F79B5CF6F89B5DF6F99B5EF6FA9B28
:1080C0005FF6FB9B60F6FC9B61F6FD9B62F6FE9BF8
:1080D00063F6FF9B64F6009C65F6019C66F6029CC5
:1080E00067F6039C68F6049C69F6059C6AF6069C94
:1080F0006BF6079C6CF6089C6DF6099C6EF60A9C64
:108100006FF60B9C70F60C9C71F60D9C72F60E9C33
:1081100073F60F9C74F6109C75F6119C76F6129C03
:1081200077F6139C78F6149C79F6159C7AF6169CD3
:108130007BF6179C7CF6189C7DF6199C7EF61A9CA3
:1081400080F61B9C81F61C9C82F61D9C83F61E9C6F
:1081500084F61F9C85F6209C86F6219C87F6229C3F
:1081600088F6239C89F6249C8AF6259C8BF6269C0F
:108170008CF6279C8DF6289C8EF6299C8FF62A9CDF
:1081800090F62B9C91F62C9C92F62D9C93F62E9CAF
:1081900094F62F9C95F6309C96F6319C97F6329C7F
:1081A00098F6339C99F6349C9AF6359C9BF6369C4F
:1081B0009CF6379C9DF6389C9EF6399C9FF63A9C1F
:1081C000A0F63B9CA1F6E589A2F6EB89A3F6EF8920
:1081D000A4F63E8AA5F6268BA6F65397A7F6E9964F
:1081E000A8F6F396A9F6EF96AAF60697ABF60197CE
:1081F000ACF60897ADF60F97AEF60E97AFF62A9746
:10820000B0F62D97B1F63097B2F63E97B3F6809F51
:10821000B4F6839FB5F6859FB6F6869FB7F6879F1F
:10822000B8F6889FB9F6899FBAF68A9FBBF68C9FED
:10823000BCF6FE9EBDF60B9FBEF60D9FBFF6B9962F
:10824000C0F6BC96C1F6BD96C2F6CE96C3F6D296DF
:10825000C4F6BF77C5F6E096C6F68E92C7F6AE9224
:10826000C8F6C892C9F63E93CAF66A93CBF6CA938B
:10827000CCF68F93CDF63E94CEF66B94CFF67F9CE2
:10828000D0F6829CD1F6859CD2F6869CD3F6879C4C
:10829000D4F6889CD5F6237AD6F68B9CD7F68E9C9E
:1082A000D8F6909CD9F6919CDAF6929CDBF6949CD9
:1082B000DCF6959CDDF69A9CDEF69B9CDFF69E9C98
:1082C000E0F69F9CE1F6A09CE2F6A19CE3F6A29C5E
:1082D000E4F6A39CE5F6A59CE6F6A69CE7F6A79C2B
:1082E000E8F6A89CE9F6A99CEAF6AB9CEBF6AD9CF7
:1082F000ECF6AE9CEDF6B09CEEF6B19CEFF6B29CBF
:10830000F0F6B39CF1F6B49CF2F6B59CF3F6B69C8D
:10831000F4F6B79CF5F6BA9CF6F6BB9CF7F6BC9C57
:10832000F8F6BD9CF9F6C49CFAF6C59CFBF6C69C13
:10833000FCF6C79CFDF6CA9CFEF6CB9C40F73C9C25
:1083400041F73D9C42F73E9C43F73F9C44F7409CDD
:1083500045F7419C46F7429C47F7439C48F7449CAD
:1083600049F7459C4AF7469C4BF7479C4CF7489C7D
:108370004DF7499C4EF74A9C4FF74B9C50F74C9C4D
:1083800051F74D9C52F74E9C53F74F9C54F7509C1D
:1083900055F7519C56F7529C57F7539C58F7549CED
:1083A00059F7559C5AF7569C5BF7579C5CF7589CBD
:1083B0005DF7599C5EF75A9C5FF75B9C60F75C9C8D
:1083C00061F75D9C62F75E9C63F75F9C64F7609C5D
:1083D00065F7619C66F7629C67F7639C68F7649C2D
:1083E00069F7659C6AF7669C6BF7679C6CF7689CFD
:1083F0006DF7699C6EF76A9C6FF76B9C70F76C9CCD
:1084000071F76D9C72F76E9C73F76F9C74F7709C9C
:1084100075F7719C76F7729C77F7739C78F7749C6C
:1084200079F7759C7AF7769C7BF7779C7CF7789C3C
:108430007DF7799C7EF77A9C80F77B9C81F77D9C09
:1084400082F77E9C83F7809C84F7839C85F7849CCD
:1084500086F7899C87F78A9C88F78C9C89F78F9C84
:108460008AF7939C8BF7969C8CF7979C8DF7989C3A
:108470008EF7999C8FF79D9C90F7AA9C91F7AC9CE6
:1084800092F7AF9C93F7B99C94F7BE9C95F7BF9C6D
:1084900096F7C09C97F7C19C98F7C29C99F7C89C27
:1084A0009AF7C99C9BF7D19C9CF7D29C9DF7DA9CCC
:1084B0009EF7DB9C9FF7E09CA0F7E19CA1F7CC9C8A
:1084C000A2F7CD9CA3F7CE9CA4F7CF9CA5F7D09C98
:1084D000A6F7D39CA7F7D49CA8F7D59CA9F7D79C5F
:1084E000AAF7D89CABF7D99CACF7DC9CADF7DD9C28
:1084F000AEF7DF9CAFF7E29CB0F77C97B1F78597BA
:10850000B2F79197B3F79297B4F79497B5F7AF97FF
:10851000B6F7AB97B7F7A397B8F7B297B9F7B49791
:10852000BAF7B19ABBF7B09ABCF7B79ABDF7589EA5
:10853000BEF7B69ABFF7BA9AC0F7BC9AC1F7C19A0C
:10854000C2F7C09AC3F7C59AC4F7C29AC5F7CB9AC7
:10855000C6F7CC9AC7F7D19AC8F7459BC9F7439B92
:10856000CAF7479BCBF7499BCCF7489BCDF74D9B70
:10857000CEF7519BCFF7E898D0F70D99D1F72E9908
:10858000D2F75599D3F75499D4F7DF9AD5F7E19AF2
:10859000D6F7E69AD7F7EF9AD8F7EB9AD9F7FB9A7E
:1085A000DAF7ED9ADBF7F99ADCF7089BDDF70F9B1A
:1085B000DEF7139BDFF71F9BE0F7239BE1F7BD9EE0
:1085C000E2F7BE9EE3F73B7EE4F7829EE5F7879EE7
:1085D000E6F7889EE7F78B9EE8F7929EE9F7D69339
:1085E000EAF79D9EEBF79F9EECF7DB9EEDF7DC9E96
:1085F000EEF7DD9EEFF7E09EF0F7DF9EF1F7E29EEB
:10860000F2F7E99EF3F7E79EF4F7E59EF5F7EA9EA9
:10861000F6F7EF9EF7F7229FF8F72C9FF9F72F9FB9
:10862000FAF7399FFBF7379FFCF73D9FFDF73E9F19
:10863000FEF7449F40F8E39C41F8E49C42F8E59C37
:1086400043F8E69C44F8E79C45F8E89C46F8E99C2A
:1086500047F8EA9C48F8EB9C49F8EC9C4AF8ED9CFA
:108660004BF8EE9C4CF8EF9C4DF8F09C4EF8F19CCA
:108670004FF8F29C50F8F39C51F8F49C52F8F59C9A
:1086800053F8F69C54F8F79C55F8F89C56F8F99C6A
:1086900057F8FA9C58F8FB9C59F8FC9C5AF8FD9C3A
:1086A0005BF8FE9C5CF8FF9C5DF8009D5EF8019D08
:1086B0005FF8029D60F8039D61F8049D62F8059DD6
:1086C00063F8069D64F8079D65F8089D66F8099DA6
:1086D00067F80A9D68F80B9D69F80C9D6AF80D9D76
:1086E0006BF80E9D6CF80F9D6DF8109D6EF8119D46
:1086F0006FF8129D70F8139D71F8149D72F8159D16
:1087000073F8169D74F8179D75F8189D76F8199DE5
:1087100077F81A9D78F81B9D79F81C9D7AF81D9DB5
:108720007BF81E9D7CF81F9D7DF8209D7EF8219D85
:1087300080F8229D81F8239D82F8249D83F8259D51
:1087400084F8269D85F8279D86F8289D87F8299D21
:1087500088F82A9D89F82B9D8AF82C9D8BF82D9DF1
:108760008CF82E9D8DF82F9D8EF8309D8FF8319DC1
:1087700090F8329D91F8339D92F8349D93F8359D91
:1087800094F8369D95F8379D96F8389D97F8399D61
:1087900098F83A9D99F83B9D9AF83C9D9BF83D9D31
:1087A0009CF83E9D9DF83F9D9EF8409D9FF8419D01
:1087B000A0F8429D40F9439D41F9449D42F9459DF1
:1087C00043F9469D44F9479D45F9489D46F9499D21
:1087D00047F94A9D48F94B9D49F94C9D4AF94D9DF1
:1087E0004BF94E9D4CF94F9D4DF9509D4EF9519DC1
:1087F0004FF9529D50F9539D51F9549D52F9559D91
:1088000053F9569D54F9579D55F9589D56F9599D60
:1088100057F95A9D58F95B9D59F95C9D5AF95D9D30
:108820005BF95E9D5CF95F9D5DF9609D5EF9619D00
:108830005FF9629D60F9639D61F9649D62F9659DD0
:1088400063F9669D64F9679D65F9689D66F9699DA0
:1088500067F96A9D68F96B9D69F96C9D6AF96D9D70
:108860006BF96E9D6CF96F9D6DF9709D6EF9719D40
:108870006FF9729D70F9739D71F9749D72F9759D10
:1088800073F9769D74F9779D75F9789D76F9799DE0
:1088900077F97A9D78F97B9D79F97C9D7AF97D9DB0
:1088A0007BF97E9D7CF97F9D7DF9809D7EF9819D80
:1088B00080F9829D81F9839D82F9849D83F9859D4C
:1088C00084F9869D85F9879D86F9889D87F9899D1C
:1088D00088F98A9D89F98B9D8AF98C9D8BF98D9DEC
:1088E0008CF98E9D8DF98F9D8EF9909D8FF9919DBC
:1088F00090F9929D91F9939D92F9949D93F9959D8C
:1089000094F9969D95F9979D96F9989D97F9999D5B
:1089100098F99A9D99F99B9D9AF99C9D9BF99D9D2B
:108920009CF99E9D9DF99F9D9EF9A09D9FF9A19DFB
:10893000A0F9A29D40FAA39D41FAA49D42FAA59DEB
:1089400043FAA69D44FAA79D45FAA89D46FAA99D1B
:1089500047FAAA9D48FAAB9D49FAAC9D4AFAAD9DEB
:108960004BFAAE9D4CFAAF9D4DFAB09D4EFAB19DBB
:108970004FFAB29D50FAB39D51FAB49D52FAB59D8B
:1089800053FAB69D54FAB79D55FAB89D56FAB99D5B
:1089900057FABA9D58FABB9D59FABC9D5AFABD9D2B
:1089A0005BFABE9D5CFABF9D5DFAC09D5EFAC19DFB
:1089B0005FFAC29D60FAC39D61FAC49D62FAC59DCB
:1089C00063FAC69D64FAC79D65FAC89D66FAC99D9B
:1089D00067FACA9D68FACB9D69FACC9D6AFACD9D6B
:1089E0006BFACE9D6CFACF9D6DFAD09D6EFAD19D3B
:1089F0006FFAD29D70FAD39D71FAD49D72FAD59D0B
:108A000073FAD69D74FAD79D75FAD89D76FAD99DDA
:108A100077FADA9D78FADB9D79FADC9D7AFADD9DAA
:108A20007BFADE9D7CFADF9D7DFAE09D7EFAE19D7A
:108A300080FAE29D81FAE39D82FAE49D83FAE59D46
:108A400084FAE69D85FAE79D86FAE89D87FAE99D16
:108A500088FAEA9D89FAEB9D8AFAEC9D8BFAED9DE6
:108A60008CFAEE9D8DFAEF9D8EFAF09D8FFAF19DB6
:108A700090FAF29D91FAF39D92FAF49D93FAF59D86
:108A800094FAF69D95FAF79D96FAF89D97FAF99D56
:108A900098FAFA9D99FAFB9D9AFAFC9D9BFAFD9D26
:108AA0009CFAFE9D9DFAFF9D9EFA009E9FFA019EF4
:108AB000A0FA029E40FB039E41FB049E42FB059EE2
:108AC00043FB069E44FB079E45FB089E46FB099E12
:108AD00047FB0A9E48FB0B9E49FB0C9E4AFB0D9EE2
:108AE0004BFB0E9E4CFB0F9E4DFB109E4EFB119EB2
:108AF0004FFB129E50FB139E51FB149E52FB159E82
:108B000053FB169E54FB179E55FB189E56FB199E51
:108B100057FB1A9E58FB1B9E59FB1C9E5AFB1D9E21
:108B20005BFB1E9E5CFB249E5DFB279E5EFB2E9ED8
:108B30005FFB309E60FB349E61FB3B9E62FB3C9E74
:108B400063FB409E64FB4D9E65FB509E66FB529E00
:108B500067FB539E68FB549E69FB569E6AFB599EB9
:108B60006BFB5D9E6CFB5F9E6DFB609E6EFB619E72
:108B70006FFB629E70FB659E71FB6E9E72FB6F9E2B
:108B800073FB729E74FB749E75FB759E76FB769EDE
:108B900077FB779E78FB789E79FB799E7AFB7A9EAD
:108BA0007BFB7B9E7CFB7C9E7DFB7D9E7EFB809E7B
:108BB00080FB819E81FB839E82FB849E83FB859E3E
:108BC00084FB869E85FB899E86FB8A9E87FB8C9E06
:108BD00088FB8D9E89FB8E9E8AFB8F9E8BFB909ED1
:108BE0008CFB919E8DFB949E8EFB959E8FFB969E9B
:108BF00090FB979E91FB989E92FB999E93FB9A9E69
:108C000094FB9B9E95FB9C9E96FB9E9E97FBA09E35
:108C100098FBA19E99FBA29E9AFBA39E9BFBA49E00
:108C20009CFBA59E9DFBA79E9EFBA89E9FFBA99ECD
:108C3000A0FBAA9E40FCAB9E41FCAC9E42FCAD9EBC
:108C400043FCAE9E44FCAF9E45FCB09E46FCB19EEC
:108C500047FCB29E48FCB39E49FCB59E4AFCB69EBA
:108C60004BFCB79E4CFCB99E4DFCBA9E4EFCBC9E84
:108C70004FFCBF9E50FCC09E51FCC19E52FCC29E48
:108C800053FCC39E54FCC59E55FCC69E56FCC79E15
:108C900057FCC89E58FCCA9E59FCCB9E5AFCCC9EE1
:108CA0005BFCD09E5CFCD29E5DFCD39E5EFCD59EA0
:108CB0005FFCD69E60FCD79E61FCD99E62FCDA9E6A
:108CC00063FCDE9E64FCE19E65FCE39E66FCE49E24
:108CD00067FCE69E68FCE89E69FCEB9E6AFCEC9EE5
:108CE0006BFCED9E6CFCEE9E6DFCF09E6EFCF19EAE
:108CF0006FFCF29E70FCF39E71FCF49E72FCF59E7C
:108D000073FCF69E74FCF79E75FCF89E76FCFA9E4A
:108D100077FCFD9E78FCFF9E79FC009F7AFC019F0A
:108D20007BFC029F7CFC039F7DFC049F7EFC059FD7
:108D300080FC069F81FC079F82FC089F83FC099FA3
:108D400084FC0A9F85FC0C9F86FC0F9F87FC119F6B
:108D500088FC129F89FC149F8AFC159F8BFC169F30
:108D60008CFC189F8DFC1A9F8EFC1B9F8FFC1C9FF8
:108D700090FC1D9F91FC1E9F92FC1F9F93FC219FC6
:108D800094FC239F95FC249F96FC259F97FC269F8F
:108D900098FC279F99FC289F9AFC299F9BFC2A9F5F
:108DA0009CFC2B9F9DFC2D9F9EFC2E9F9FFC309F2B
:108DB000A0FC319F40FD329F41FD339F42FD349F17
:108DC00043FD359F44FD369F45FD389F46FD3A9F44
:108DD00047FD3C9F48FD3F9F49FD409F4AFD419F05
:108DE0004BFD429F4CFD439F4DFD459F4EFD469FD1
:108DF0004FFD479F50FD489F51FD499F52FD4A9F9F
:108E000053FD4B9F54FD4C9F55FD4D9F56FD4E9F6E
:108E100057FD4F9F58FD529F59FD539F5AFD549F38
:108E20005BFD559F5CFD569F5DFD579F5EFD589F06
:108E30005FFD599F60FD5A9F61FD5B9F62FD5C9FD6
:108E400063FD5D9F64FD5E9F65FD5F9F66FD609FA6
:108E500067FD619F68FD629F69FD639F6AFD649F76
:108E60006BFD659F6CFD669F6DFD679F6EFD689F46
:108E70006FFD699F70FD6A9F71FD6B9F72FD6C9F16
:108E800073FD6D9F74FD6E9F75FD6F9F76FD709FE6
:108E900077FD719F78FD729F79FD739F7AFD749FB6
:108EA0007BFD759F7CFD769F7DFD779F7EFD789F86
:108EB00080FD799F81FD7A9F82FD7B9F83FD7C9F52
:108EC00084FD7D9F85FD7E9F86FD819F87FD829F1E
:108ED00088FD8D9F89FD8E9F8AFD8F9F8BFD909FC2
:108EE0008CFD919F8DFD929F8EFD939F8FFD949F92
:108EF00090FD959F91FD969F92FD979F93FD989F62
:108F000094FD9C9F95FD9D9F96FD9E9F97FDA19F23
:108F100098FDA29F99FDA39F9AFDA49F9BFDA59FED
:108F20009CFD2CF99DFD79F99EFD95F99FFDE7F9D2
:108F3000A0FDF1F940FE0CFA41FE0DFA42FE0EFAD8
:108F400043FE0FFA44FE11FA45FE13FA46FE14FAE8
:108F500047FE18FA48FE1FFA49FE20FA4AFE21FA97
:108F60004BFE23FA4CFE24FA4DFE27FA4EFE28FA59
:108F70004FFE29FA0000000061001A03E000170309
:108F8000F8000703FF000100780100013001320101
:108F90000601390110014A012E0179010601800103
:108FA0004D00430281018201820184018401860116
:108FB0008701870189018A018B018B018D018E0157
:108FC0008F0190019101910193019401F6019601A5
:108FD0009701980198013D029B019C019D0120028F
:108FE0009F01A001A001A201A201A401A401A60168
:108FF000A701A701A901AA01AB01AC01AC01AE0117
:10900000AF01AF01B101B201B301B301B501B501C7
:10901000B701B801B801BA01BB01BC01BC01BE0176
:10902000F701C001C101C201C301C401C501C401EE
:10903000C701C801C701CA01CB01CA01CD01100196
:10904000DD0101008E01DE011201F3010300F101D7
:10905000F401F401F8012801220212013A02090088
:10906000652C3B023B023D02662C3F02400241025E
:10907000410246020A015302400081018601550265
:1090800089018A0158028F015A0290015C025D0237
:109090005E025F0293016102620294016402650252
:1090A00066026702970196016A02622C6C026D02E9
:1090B0006E029C01700271029D01730274029F0195
:1090C00076027702780279027A027B027C02642CB3
:1090D0007E027F02A60181028202A901840285022A
:1090E00086028702AE014402B101B20145028D023F
:1090F0008E028F0290029102B7017B030300FD03F1
:10910000FE03FF03AC0304008603880389038A037C
:10911000B1031103C2030200A303A303C4030803A2
:10912000CC0303008C038E038F03D8031801F203D2
:109130000A00F903F303F403F503F603F703F70357
:10914000F903FA03FA033004200350041007600403
:1091500022018A043601C1040E01CF040100C004BB
:10916000D00444016105260400007D1D0100632C2C
:10917000001E9601A01E5A01001F0806101F0606B9
:10918000201F0806301F0806401F0606511F070053
:10919000591F521F5B1F541F5D1F561F5F1F601F0B
:1091A0000806701F0E00BA1FBB1FC81FC91FCA1FA9
:1091B000CB1FDA1FDB1FF81FF91FEA1FEB1FFA1F77
:1091C000FB1F801F0806901F0806A01F0806B01F7F
:1091D0000400B81FB91FB21FBC1FCC1F0100C31F62
:1091E000D01F0206E01F0206E51F0100EC1FF31F5F
:1091F0000100FC1F4E210100322170211002842148
:1092000001008321D0241A05302C2F04602C020188
:10921000672C0601752C0201802C6401002D2608A4
:1092200041FF1A030000000040060000C0030000D8
:1092300040000000400000000090010000F000002D
:10924000303132333435363738394142434445467C
:109250004030580030313233343536373839616276
:109260006364656640307800040000080000000078
:109270000000000200010000101F1D1F1E1F1E1F06
:109280001F1E1F1E1F00000002400000000000A063
:109290000000000005400000000000C800000000C1
:1092A0000C4000000000409C00000000194000003D
:1092B0000020BCBE0000000034400000BFC91B8E6F
:1092C00000000004B5400000504BCFD06607E2CF4D
:1092D000010000006C4100003E8251AADFEEA7347D
:1092E00001000000D9420000DCB5A0E23A301F972F
:1092F000FFFFFFFFB4450000FD25A0C8E9A3C14F53
:10930000FFFFFFFFFF3F00000000008000000000A3
:10931000FF3F000000000080000000007894030878
:10932000000000209C000000E801000814950308DC
:109330009C000020C4C101000402000800000000DD
:109340000000F07FFFFFFFFFFFFFEF7F1C0000002A
:1093500043000000F8FFFFFF0C0000000E000000BB
:109360000F0000002E00000010010000430000006C
:10937000F8FFFFFF00404040404040404040414136
:1093800041414140404040404040404040404040DA
:109390004040404040050202020202020202020274
:1093A0000202020202202020202020202020200271
:1093B0000202020202029090909090901010101001
:1093C000101010101010101010101010101010109D
:1093D0000202020202028888888888880808080831
:1093E00008080808080808080808080808080808FD
:1093F0000202020240000000000000000000000025
:10940000000000000000000000000000000000005C
:10941000000000000000000000000000000000004C
:10942000000000000000000000000000000000003C
:10943000000000000000000000000000000000002C
:10944000000000000000000000000000000000001C
:10945000000000000000000000000000000000000C
:1094600000000000000000000000000000000000FC
:1094700000000000000000000000803F0000C84223
:1094800005000000000000000000000000000000D7
:1094900000000000000000000000000000000000CC
:1094A00000000000000000000000000000000000BC
:1094B00000000000000000000000000000000000AC
:1094C0000000010012C800000000000000000000C1
:1094D000000000000100000000000000000000008B
:1094E0001D0000000000000000000000000000005F
:1094F0000000000000000000D9710008B1720008EF
:10950000801D00200000001080AD012000F0001040
:049510000000000057
:04000005080001AD41
:00000001FF
